[6,  ,21,  ,  ,53,63,71,  ,]
[ ,14,27,34,  ,  ,67,  ,84,]
[ ,15,  ,  ,42,55,  ,77,90,]

[2,  ,20,  ,45,  ,62,70,  ,]
[ ,13,  ,32,  ,51,  ,78,85,]
[4,18,  ,36,  ,54,  ,  ,86,]

[3,  ,23,  ,40,56,  ,  ,87,]
[8,10,  ,31,  ,  ,60,72,  ,]
[ ,11,  ,38,43,  ,61,76,  ,]

[ ,12,  ,30,48,50,  ,  ,80,]
[5,  ,25,  ,  ,59,  ,74,81,]
[7,19,  ,33,  ,  ,65,79,  ,]

[ ,17,28,  ,41,57,  ,  ,83,]
[ ,  ,  ,35,44,58,68,  ,89,]
[9,  ,29,  ,46,  ,69,73,  ,]

[ ,16,22,  ,47,  ,64,  ,82,]
[ ,  ,24,37,49,52,  ,  ,88,]
[1,  ,26,39,  ,  ,66,75,  ,]

[ ,14,  ,35,  ,52,64,70,  ,]
[3,19,21,  ,  ,55,  ,  ,82,]
[ ,  ,23,  ,43,  ,68,71,83,]

[5,  ,22,  ,42,  ,69,73,  ,]
[ ,17,  ,32,  ,53,  ,76,87,]
[6,18,  ,34,  ,58,  ,  ,90,]

[2,  ,27,  ,46,50,  ,  ,81,]
[7,12,  ,38,  ,  ,60,77,  ,]
[ ,13,  ,39,48,  ,63,79,  ,]

[ ,11,  ,30,41,51,  ,  ,80,]
[4,  ,26,  ,  ,59,  ,74,85,]
[8,16,  ,31,  ,  ,65,78,  ,]

[ ,10,25,  ,40,56,  ,  ,84,]
[ ,  ,  ,37,44,57,62,  ,86,]
[1,  ,28,  ,49,  ,67,75,  ,]

[ ,15,20,  ,45,  ,61,  ,88,]
[ ,  ,24,33,47,54,  ,  ,89,]
[9,  ,29,36,  ,  ,66,72,  ,]

[ ,15,  ,  ,49,  ,62,70,87,]
[ ,16,25,31,  ,51,68,  ,  ,]
[3,  ,26,  ,  ,59,  ,73,90,]

[5,  ,21,  ,40,  ,69,71,  ,]
[ ,13,  ,30,  ,52,  ,72,84,]
[8,14,  ,37,  ,58,  ,  ,86,]

[2,  ,20,  ,41,50,  ,  ,80,]
[9,10,  ,32,  ,  ,61,75,  ,]
[ ,17,  ,39,42,  ,64,76,  ,]

[ ,12,  ,34,44,56,  ,  ,82,]
[1,  ,24,  ,  ,57,  ,74,89,]
[4,19,  ,38,  ,  ,63,79,  ,]

[ ,18,23,  ,43,53,  ,  ,81,]
[ ,  ,  ,36,45,55,65,  ,85,]
[7,  ,28,  ,47,  ,67,78,  ,]

[ ,11,22,  ,46,  ,60,  ,83,]
[ ,  ,27,33,48,54,  ,  ,88,]
[6,  ,29,35,  ,  ,66,77,  ,]

[ ,  ,22,32,  ,56,  ,71,83,]
[6,15,23,  ,  ,59,60,  ,  ,]
[ ,18,  ,  ,44,  ,64,77,89,]

[4,  ,28,  ,43,  ,66,73,  ,]
[ ,12,  ,30,  ,52,  ,78,80,]
[8,19,  ,37,  ,53,  ,  ,84,]

[2,  ,26,  ,46,58,  ,  ,85,]
[3,14,  ,31,  ,  ,67,75,  ,]
[ ,16,  ,35,49,  ,69,79,  ,]

[ ,13,  ,34,45,50,  ,  ,86,]
[5,  ,27,  ,  ,55,  ,72,87,]
[9,17,  ,38,  ,  ,65,74,  ,]

[ ,11,20,  ,40,54,  ,  ,88,]
[ ,  ,  ,33,42,57,63,  ,90,]
[1,  ,25,  ,47,  ,68,70,  ,]

[ ,10,21,  ,41,  ,61,  ,81,]
[ ,  ,24,36,48,51,  ,  ,82,]
[7,  ,29,39,  ,  ,62,76,  ,]

[ ,  ,21,  ,40,53,  ,73,80,]
[8,18,22,  ,  ,55,61,  ,  ,]
[ ,19,  ,32,  ,  ,68,78,90,]

[7,  ,24,  ,43,  ,67,71,  ,]
[ ,12,  ,33,  ,57,  ,75,86,]
[9,13,  ,39,  ,58,  ,  ,89,]

[1,  ,23,  ,41,52,  ,  ,83,]
[2,11,  ,30,  ,  ,62,76,  ,]
[ ,14,  ,34,47,  ,69,77,  ,]

[ ,10,  ,31,45,51,  ,  ,81,]
[3,  ,26,  ,  ,54,  ,70,85,]
[5,15,  ,36,  ,  ,64,74,  ,]

[ ,16,27,  ,46,50,  ,  ,82,]
[ ,  ,  ,35,48,59,60,  ,84,]
[6,  ,28,  ,49,  ,63,79,  ,]

[ ,17,20,  ,42,  ,65,  ,87,]
[ ,  ,25,37,44,56,  ,  ,88,]
[4,  ,29,38,  ,  ,66,72,  ,]

[ ,11,  ,33,  ,52,  ,71,88,]
[5,19,26,  ,  ,  ,62,  ,90,]
[ ,  ,27,  ,46,55,63,74,  ,]

[4,  ,22,  ,43,  ,60,70,  ,]
[ ,13,  ,37,  ,51,  ,79,83,]
[6,16,  ,39,  ,53,  ,  ,87,]

[1,  ,23,  ,42,56,  ,  ,81,]
[8,14,  ,34,  ,  ,64,75,  ,]
[ ,18,  ,38,44,  ,69,77,  ,]

[ ,10,  ,30,48,58,  ,  ,80,]
[2,  ,28,  ,  ,59,  ,72,86,]
[7,15,  ,32,  ,  ,67,78,  ,]

[ ,12,24,  ,40,50,  ,  ,82,]
[ ,  ,  ,35,45,54,61,  ,89,]
[3,  ,25,  ,47,  ,66,76,  ,]

[ ,17,20,  ,41,  ,65,  ,84,]
[ ,  ,21,31,49,57,  ,  ,85,]
[9,  ,29,36,  ,  ,68,73,  ,]

[ ,  ,24,32,  ,56,  ,73,80,]
[ ,10,25,  ,43,  ,62,  ,84,]
[8,16,  ,  ,  ,59,67,74,  ,]

[5,  ,20,  ,44,  ,64,75,  ,]
[ ,13,  ,34,  ,50,  ,76,81,]
[6,18,  ,39,  ,58,  ,  ,90,]

[1,  ,28,  ,41,53,  ,  ,85,]
[9,12,  ,33,  ,  ,60,71,  ,]
[ ,14,  ,35,47,  ,66,72,  ,]

[ ,11,  ,30,42,51,  ,  ,87,]
[3,  ,27,  ,  ,57,  ,70,89,]
[4,15,  ,37,  ,  ,61,79,  ,]

[ ,19,22,  ,45,54,  ,  ,83,]
[ ,  ,  ,36,46,55,63,  ,86,]
[2,  ,26,  ,48,  ,65,77,  ,]

[ ,17,21,  ,40,  ,68,  ,82,]
[ ,  ,23,31,49,52,  ,  ,88,]
[7,  ,29,38,  ,  ,69,78,  ,]

[8,  ,25,  ,  ,  ,62,71,82,]
[ ,13,26,  ,43,54,66,  ,  ,]
[ ,17,  ,34,  ,58,  ,74,90,]

[2,  ,20,  ,41,  ,63,70,  ,]
[ ,12,  ,33,  ,50,  ,79,81,]
[4,14,  ,37,  ,55,  ,  ,86,]

[1,  ,21,  ,44,57,  ,  ,85,]
[5,10,  ,30,  ,  ,67,75,  ,]
[ ,11,  ,32,47,  ,68,76,  ,]

[ ,15,  ,35,42,52,  ,  ,80,]
[6,  ,29,  ,  ,53,  ,72,89,]
[7,19,  ,39,  ,  ,61,73,  ,]

[ ,16,23,  ,45,51,  ,  ,83,]
[ ,  ,  ,38,46,56,60,  ,88,]
[3,  ,24,  ,48,  ,65,77,  ,]

[ ,18,22,  ,40,  ,64,  ,84,]
[ ,  ,27,31,49,59,  ,  ,87,]
[9,  ,28,36,  ,  ,69,78,  ,]

[1,  ,26,  ,  ,  ,63,74,80,]
[ ,18,29,  ,45,54,  ,  ,89,]
[ ,19,  ,37,  ,58,65,79,  ,]

[2,  ,22,  ,46,  ,66,73,  ,]
[ ,13,  ,33,  ,50,  ,76,84,]
[5,17,  ,39,  ,52,  ,  ,90,]

[3,  ,24,  ,42,51,  ,  ,82,]
[4,14,  ,31,  ,  ,62,72,  ,]
[ ,15,  ,38,44,  ,67,77,  ,]

[ ,10,  ,32,48,56,  ,  ,86,]
[6,  ,25,  ,  ,57,  ,75,87,]
[9,12,  ,35,  ,  ,68,78,  ,]

[ ,16,27,  ,40,53,  ,  ,85,]
[ ,  ,  ,34,41,59,61,  ,88,]
[7,  ,28,  ,47,  ,69,70,  ,]

[ ,11,20,  ,43,  ,60,  ,81,]
[ ,  ,21,30,49,55,  ,  ,83,]
[8,  ,23,36,  ,  ,64,71,  ,]

[5,  ,26,  ,  ,55,60,74,  ,]
[ ,10,27,32,  ,  ,62,  ,84,]
[ ,17,  ,  ,49,58,  ,76,85,]

[2,  ,29,  ,43,  ,61,72,  ,]
[ ,13,  ,31,  ,54,  ,77,83,]
[9,16,  ,36,  ,59,  ,  ,89,]

[4,  ,28,  ,45,50,  ,  ,90,]
[6,14,  ,30,  ,  ,63,78,  ,]
[ ,18,  ,38,48,  ,68,79,  ,]

[ ,11,  ,34,44,52,  ,  ,86,]
[1,  ,21,  ,  ,53,  ,70,87,]
[7,12,  ,37,  ,  ,64,75,  ,]

[ ,15,23,  ,40,51,  ,  ,81,]
[ ,  ,  ,35,42,56,67,  ,88,]
[8,  ,25,  ,47,  ,69,73,  ,]

[ ,19,20,  ,41,  ,65,  ,80,]
[ ,  ,22,33,46,57,  ,  ,82,]
[3,  ,24,39,  ,  ,66,71,  ,]

[9,  ,22,  ,  ,50,66,71,  ,]
[ ,13,23,36,  ,58,  ,  ,81,]
[ ,17,  ,  ,42,  ,68,79,83,]

[7,  ,20,  ,46,  ,64,70,  ,]
[ ,14,  ,35,  ,51,  ,76,80,]
[8,19,  ,38,  ,59,  ,  ,85,]

[2,  ,28,  ,45,53,  ,  ,86,]
[5,11,  ,30,  ,  ,63,74,  ,]
[ ,18,  ,31,48,  ,67,75,  ,]

[ ,10,  ,33,41,55,  ,  ,87,]
[1,  ,25,  ,  ,56,  ,77,90,]
[6,16,  ,37,  ,  ,65,78,  ,]

[ ,15,24,  ,40,52,  ,  ,84,]
[ ,  ,  ,39,43,54,62,  ,88,]
[4,  ,26,  ,47,  ,69,72,  ,]

[ ,12,21,  ,44,  ,60,  ,82,]
[ ,  ,27,32,49,57,  ,  ,89,]
[3,  ,29,34,  ,  ,61,73,  ,]

[ ,  ,20,  ,47,54,  ,77,80,]
[ ,14,23,38,  ,57,62,  ,  ,]
[6,16,  ,  ,  ,  ,69,79,83,]

[2,  ,24,  ,41,  ,68,75,  ,]
[ ,13,  ,34,  ,55,  ,78,88,]
[5,17,  ,36,  ,59,  ,  ,89,]

[4,  ,28,  ,43,51,  ,  ,84,]
[8,15,  ,35,  ,  ,61,72,  ,]
[ ,18,  ,39,44,  ,65,73,  ,]

[ ,11,  ,32,46,52,  ,  ,82,]
[7,  ,26,  ,  ,58,  ,70,87,]
[9,12,  ,33,  ,  ,60,71,  ,]

[ ,10,21,  ,42,50,  ,  ,85,]
[ ,  ,  ,31,45,53,63,  ,90,]
[3,  ,25,  ,48,  ,67,76,  ,]

[ ,19,22,  ,40,  ,64,  ,81,]
[ ,  ,27,30,49,56,  ,  ,86,]
[1,  ,29,37,  ,  ,66,74,  ,]

[ ,  ,24,33,  ,50,  ,73,84,]
[1,14,25,  ,  ,58,64,  ,  ,]
[ ,19,  ,  ,45,  ,69,76,87,]

[4,  ,27,  ,41,  ,68,74,  ,]
[ ,12,  ,31,  ,51,  ,78,85,]
[7,17,  ,38,  ,55,  ,  ,90,]

[6,  ,28,  ,44,57,  ,  ,86,]
[9,13,  ,34,  ,  ,66,71,  ,]
[ ,15,  ,39,49,  ,67,77,  ,]

[ ,10,  ,36,46,52,  ,  ,81,]
[2,  ,26,  ,  ,59,  ,75,83,]
[8,11,  ,37,  ,  ,63,79,  ,]

[ ,16,22,  ,40,54,  ,  ,88,]
[ ,  ,  ,30,43,56,60,  ,89,]
[3,  ,23,  ,48,  ,65,72,  ,]

[ ,18,20,  ,42,  ,61,  ,80,]
[ ,  ,21,32,47,53,  ,  ,82,]
[5,  ,29,35,  ,  ,62,70,  ,]

[ ,14,  ,  ,47,58,65,70,  ,]
[5,17,23,  ,  ,59,  ,  ,83,]
[ ,  ,28,35,  ,  ,67,73,84,]

[6,  ,27,  ,41,  ,66,75,  ,]
[ ,16,  ,30,  ,50,  ,78,85,]
[7,19,  ,38,  ,54,  ,  ,86,]

[3,  ,24,  ,40,57,  ,  ,87,]
[4,11,  ,34,  ,  ,62,72,  ,]
[ ,13,  ,39,46,  ,68,79,  ,]

[ ,10,  ,32,44,52,  ,  ,80,]
[1,  ,26,  ,  ,53,  ,71,88,]
[8,18,  ,33,  ,  ,64,74,  ,]

[ ,12,20,  ,42,55,  ,  ,82,]
[ ,  ,  ,37,43,56,61,  ,89,]
[2,  ,22,  ,49,  ,69,77,  ,]

[ ,15,21,  ,45,  ,60,  ,81,]
[ ,  ,25,31,48,51,  ,  ,90,]
[9,  ,29,36,  ,  ,63,76,  ,]

[ ,  ,20,38,  ,51,60,71,  ,]
[4,10,29,  ,  ,  ,61,  ,80,]
[ ,16,  ,  ,47,57,  ,74,81,]

[2,  ,27,  ,46,  ,69,70,  ,]
[ ,14,  ,30,  ,54,  ,78,89,]
[8,17,  ,34,  ,59,  ,  ,90,]

[3,  ,21,  ,40,53,  ,  ,82,]
[6,15,  ,31,  ,  ,66,77,  ,]
[ ,19,  ,37,45,  ,67,79,  ,]

[ ,11,  ,36,44,52,  ,  ,84,]
[1,  ,24,  ,  ,58,  ,72,85,]
[5,13,  ,39,  ,  ,68,73,  ,]

[ ,12,25,  ,43,55,  ,  ,86,]
[ ,  ,  ,32,48,56,62,  ,87,]
[7,  ,26,  ,49,  ,64,75,  ,]

[ ,18,22,  ,41,  ,63,  ,83,]
[ ,  ,23,33,42,50,  ,  ,88,]
[9,  ,28,35,  ,  ,65,76,  ,]

[ ,11,  ,33,  ,52,64,70,  ,]
[ ,16,24,  ,41,58,  ,  ,80,]
[9,  ,26,  ,  ,  ,66,76,86,]

[3,  ,23,  ,43,  ,67,73,  ,]
[ ,13,  ,34,  ,50,  ,77,81,]
[7,18,  ,35,  ,55,  ,  ,83,]

[1,  ,21,  ,40,57,  ,  ,89,]
[5,10,  ,32,  ,  ,65,72,  ,]
[ ,17,  ,38,49,  ,69,79,  ,]

[ ,14,  ,31,47,56,  ,  ,85,]
[6,  ,20,  ,  ,59,  ,75,90,]
[8,19,  ,39,  ,  ,68,78,  ,]

[ ,15,22,  ,42,51,  ,  ,82,]
[ ,  ,  ,30,44,53,61,  ,84,]
[2,  ,28,  ,48,  ,63,74,  ,]

[ ,12,25,  ,45,  ,60,  ,87,]
[ ,  ,27,36,46,54,  ,  ,88,]
[4,  ,29,37,  ,  ,62,71,  ,]

[ ,  ,24,33,  ,  ,62,74,89,]
[8,15,25,  ,  ,56,  ,  ,90,]
[ ,19,  ,  ,46,57,67,77,  ,]

[6,  ,23,  ,43,  ,66,70,  ,]
[ ,12,  ,34,  ,51,  ,79,84,]
[9,18,  ,38,  ,53,  ,  ,85,]

[5,  ,29,  ,40,59,  ,  ,80,]
[7,11,  ,31,  ,  ,60,72,  ,]
[ ,14,  ,37,44,  ,68,73,  ,]

[ ,13,  ,30,48,50,  ,  ,82,]
[2,  ,22,  ,  ,58,  ,75,87,]
[3,16,  ,35,  ,  ,69,76,  ,]

[ ,17,26,  ,41,52,  ,  ,81,]
[ ,  ,  ,32,45,55,61,  ,88,]
[1,  ,27,  ,47,  ,63,71,  ,]

[ ,10,20,  ,42,  ,64,  ,83,]
[ ,  ,21,36,49,54,  ,  ,86,]
[4,  ,28,39,  ,  ,65,78,  ,]

[ ,16,  ,38,  ,50,65,72,  ,]
[ ,19,25,  ,43,59,  ,  ,86,]
[2,  ,26,  ,  ,  ,68,77,90,]

[1,  ,22,  ,40,  ,69,73,  ,]
[ ,10,  ,32,  ,53,  ,78,84,]
[6,15,  ,36,  ,56,  ,  ,87,]

[3,  ,27,  ,45,51,  ,  ,82,]
[4,14,  ,31,  ,  ,60,74,  ,]
[ ,18,  ,33,46,  ,61,79,  ,]

[ ,13,  ,37,42,52,  ,  ,85,]
[8,  ,20,  ,  ,55,  ,71,88,]
[9,17,  ,39,  ,  ,66,76,  ,]

[ ,12,28,  ,44,57,  ,  ,81,]
[ ,  ,  ,35,48,58,62,  ,89,]
[7,  ,29,  ,49,  ,63,75,  ,]

[ ,11,21,  ,41,  ,64,  ,80,]
[ ,  ,23,30,47,54,  ,  ,83,]
[5,  ,24,34,  ,  ,67,70,  ,]

[ ,11,  ,  ,46,54,66,70,  ,]
[ ,19,23,38,  ,57,  ,  ,81,]
[7,  ,26,  ,  ,  ,69,78,84,]

[6,  ,22,  ,45,  ,62,74,  ,]
[ ,15,  ,33,  ,53,  ,76,87,]
[9,16,  ,37,  ,58,  ,  ,89,]

[2,  ,29,  ,41,56,  ,  ,85,]
[8,10,  ,30,  ,  ,61,75,  ,]
[ ,12,  ,34,43,  ,68,79,  ,]

[ ,13,  ,31,44,50,  ,  ,86,]
[1,  ,25,  ,  ,52,  ,71,90,]
[5,14,  ,35,  ,  ,65,73,  ,]

[ ,17,20,  ,40,55,  ,  ,82,]
[ ,  ,  ,36,47,59,64,  ,83,]
[3,  ,21,  ,48,  ,67,77,  ,]

[ ,18,24,  ,42,  ,60,  ,80,]
[ ,  ,27,32,49,51,  ,  ,88,]
[4,  ,28,39,  ,  ,63,72,  ,]

[ ,10,  ,32,  ,51,66,71,  ,]
[ ,17,21,  ,41,53,  ,  ,84,]
[9,  ,27,  ,  ,  ,68,73,85,]

[2,  ,25,  ,42,  ,61,70,  ,]
[ ,11,  ,31,  ,50,  ,78,83,]
[4,18,  ,35,  ,58,  ,  ,89,]

[3,  ,28,  ,48,52,  ,  ,81,]
[8,12,  ,34,  ,  ,67,76,  ,]
[ ,16,  ,37,49,  ,69,77,  ,]

[ ,14,  ,36,44,55,  ,  ,80,]
[5,  ,26,  ,  ,57,  ,75,88,]
[6,19,  ,38,  ,  ,65,79,  ,]

[ ,15,23,  ,40,54,  ,  ,87,]
[ ,  ,  ,39,43,56,62,  ,90,]
[7,  ,24,  ,46,  ,63,74,  ,]

[ ,13,20,  ,45,  ,60,  ,82,]
[ ,  ,22,30,47,59,  ,  ,86,]
[1,  ,29,33,  ,  ,64,72,  ,]

[ ,  ,21,  ,46,51,63,74,  ,]
[ ,15,26,30,  ,55,  ,  ,83,]
[4,18,  ,  ,  ,  ,67,75,89,]

[2,  ,29,  ,43,  ,62,70,  ,]
[ ,10,  ,32,  ,53,  ,79,86,]
[6,13,  ,35,  ,56,  ,  ,90,]

[8,  ,27,  ,45,57,  ,  ,82,]
[9,11,  ,33,  ,  ,64,71,  ,]
[ ,12,  ,39,48,  ,65,73,  ,]

[ ,14,  ,36,42,54,  ,  ,80,]
[5,  ,20,  ,  ,58,  ,76,81,]
[7,17,  ,38,  ,  ,61,77,  ,]

[ ,19,22,  ,40,50,  ,  ,85,]
[ ,  ,  ,37,41,52,60,  ,87,]
[3,  ,25,  ,49,  ,66,72,  ,]

[ ,16,23,  ,44,  ,68,  ,84,]
[ ,  ,24,31,47,59,  ,  ,88,]
[1,  ,28,34,  ,  ,69,78,  ,]

[ ,13,  ,34,  ,50,  ,76,80,]
[ ,19,25,  ,45,  ,60,  ,87,]
[3,  ,27,  ,  ,56,61,77,  ,]

[1,  ,29,  ,40,  ,67,72,  ,]
[ ,11,  ,30,  ,54,  ,74,86,]
[7,15,  ,37,  ,58,  ,  ,89,]

[5,  ,21,  ,43,51,  ,  ,84,]
[6,16,  ,32,  ,  ,65,73,  ,]
[ ,17,  ,36,44,  ,66,79,  ,]

[ ,10,  ,31,49,57,  ,  ,81,]
[8,  ,20,  ,  ,59,  ,70,83,]
[9,18,  ,35,  ,  ,64,78,  ,]

[ ,12,24,  ,41,53,  ,  ,88,]
[ ,  ,  ,38,42,55,62,  ,90,]
[2,  ,28,  ,46,  ,69,71,  ,]

[ ,14,22,  ,47,  ,63,  ,82,]
[ ,  ,23,33,48,52,  ,  ,85,]
[4,  ,26,39,  ,  ,68,75,  ,]

[ ,  ,22,33,  ,55,60,76,  ,]
[ ,13,24,  ,42,57,  ,  ,81,]
[7,16,  ,  ,  ,  ,66,77,88,]

[2,  ,20,  ,43,  ,69,70,  ,]
[ ,12,  ,37,  ,51,  ,78,83,]
[9,17,  ,39,  ,52,  ,  ,84,]

[1,  ,27,  ,44,56,  ,  ,90,]
[5,15,  ,35,  ,  ,62,72,  ,]
[ ,18,  ,36,49,  ,63,74,  ,]

[ ,10,  ,34,45,50,  ,  ,85,]
[4,  ,26,  ,  ,58,  ,71,89,]
[6,19,  ,38,  ,  ,61,73,  ,]

[ ,11,21,  ,41,53,  ,  ,80,]
[ ,  ,  ,30,46,59,64,  ,86,]
[8,  ,25,  ,47,  ,67,79,  ,]

[ ,14,23,  ,40,  ,65,  ,82,]
[ ,  ,28,31,48,54,  ,  ,87,]
[3,  ,29,32,  ,  ,68,75,  ,]

[ ,  ,21,  ,45,  ,62,70,89,]
[ ,12,28,38,  ,55,67,  ,  ,]
[2,13,  ,  ,  ,58,  ,74,90,]

[5,  ,26,  ,48,  ,65,71,  ,]
[ ,15,  ,32,  ,54,  ,77,83,]
[9,16,  ,35,  ,56,  ,  ,87,]

[3,  ,20,  ,40,53,  ,  ,80,]
[4,10,  ,31,  ,  ,61,75,  ,]
[ ,11,  ,34,44,  ,63,79,  ,]

[ ,18,  ,36,43,52,  ,  ,85,]
[1,  ,23,  ,  ,59,  ,73,88,]
[6,19,  ,37,  ,  ,69,78,  ,]

[ ,17,25,  ,41,50,  ,  ,81,]
[ ,  ,  ,39,47,51,64,  ,84,]
[7,  ,29,  ,49,  ,68,72,  ,]

[ ,14,22,  ,42,  ,60,  ,82,]
[ ,  ,24,30,46,57,  ,  ,86,]
[8,  ,27,33,  ,  ,66,76,  ,]

[ ,10,  ,32,  ,  ,60,72,81,]
[ ,12,26,  ,46,51,68,  ,  ,]
[2,  ,28,  ,  ,58,  ,73,87,]

[1,  ,29,  ,40,  ,65,75,  ,]
[ ,13,  ,31,  ,53,  ,79,88,]
[6,14,  ,36,  ,57,  ,  ,90,]

[3,  ,21,  ,42,59,  ,  ,84,]
[5,17,  ,30,  ,  ,66,74,  ,]
[ ,18,  ,34,43,  ,69,76,  ,]

[ ,11,  ,35,44,52,  ,  ,85,]
[4,  ,23,  ,  ,54,  ,71,89,]
[9,19,  ,39,  ,  ,63,78,  ,]

[ ,15,24,  ,45,50,  ,  ,82,]
[ ,  ,  ,38,48,55,61,  ,83,]
[7,  ,25,  ,49,  ,67,70,  ,]

[ ,16,20,  ,41,  ,62,  ,80,]
[ ,  ,22,33,47,56,  ,  ,86,]
[8,  ,27,37,  ,  ,64,77,  ,]

[ ,10,  ,  ,42,55,  ,73,85,]
[ ,16,26,31,  ,  ,60,  ,87,]
[3,  ,27,  ,  ,58,62,74,  ,]

[5,  ,29,  ,47,  ,66,70,  ,]
[ ,11,  ,32,  ,53,  ,79,82,]
[7,18,  ,33,  ,56,  ,  ,90,]

[4,  ,20,  ,43,51,  ,  ,86,]
[8,12,  ,34,  ,  ,64,72,  ,]
[ ,15,  ,38,46,  ,69,77,  ,]

[ ,17,  ,30,41,52,  ,  ,80,]
[2,  ,24,  ,  ,54,  ,76,88,]
[9,19,  ,35,  ,  ,68,78,  ,]

[ ,14,23,  ,44,57,  ,  ,81,]
[ ,  ,  ,37,48,59,61,  ,83,]
[1,  ,25,  ,49,  ,65,75,  ,]

[ ,13,21,  ,40,  ,63,  ,84,]
[ ,  ,22,36,45,50,  ,  ,89,]
[6,  ,28,39,  ,  ,67,71,  ,]

[7,10,  ,  ,  ,  ,60,71,80,]
[ ,13,20,  ,44,51,  ,  ,85,]
[ ,  ,26,36,  ,58,64,79,  ,]

[3,  ,21,  ,40,  ,61,70,  ,]
[ ,11,  ,34,  ,56,  ,72,87,]
[5,15,  ,35,  ,57,  ,  ,89,]

[1,  ,27,  ,47,55,  ,  ,82,]
[6,14,  ,30,  ,  ,62,74,  ,]
[ ,18,  ,31,49,  ,69,77,  ,]

[ ,16,  ,38,41,53,  ,  ,83,]
[2,  ,23,  ,  ,54,  ,75,90,]
[9,19,  ,39,  ,  ,65,76,  ,]

[ ,12,24,  ,43,52,  ,  ,81,]
[ ,  ,  ,33,45,59,63,  ,86,]
[4,  ,25,  ,46,  ,68,73,  ,]

[ ,17,22,  ,42,  ,66,  ,84,]
[ ,  ,28,32,48,50,  ,  ,88,]
[8,  ,29,37,  ,  ,67,78,  ,]

[ ,10,  ,  ,41,54,  ,70,83,]
[9,16,20,  ,  ,  ,65,  ,87,]
[ ,  ,27,38,  ,55,66,72,  ,]

[1,  ,24,  ,44,  ,60,75,  ,]
[ ,14,  ,31,  ,51,  ,77,85,]
[6,17,  ,32,  ,52,  ,  ,90,]

[2,  ,23,  ,40,50,  ,  ,84,]
[4,11,  ,30,  ,  ,61,73,  ,]
[ ,15,  ,36,43,  ,64,79,  ,]

[ ,12,  ,33,45,53,  ,  ,82,]
[3,  ,29,  ,  ,57,  ,76,88,]
[5,18,  ,39,  ,  ,63,78,  ,]

[ ,13,22,  ,42,56,  ,  ,80,]
[ ,  ,  ,35,46,58,62,  ,86,]
[7,  ,28,  ,48,  ,68,71,  ,]

[ ,19,21,  ,47,  ,67,  ,81,]
[ ,  ,25,34,49,59,  ,  ,89,]
[8,  ,26,37,  ,  ,69,74,  ,]

[ ,  ,21,  ,47,  ,60,71,81,]
[ ,12,28,30,  ,51,  ,  ,85,]
[6,15,  ,  ,  ,55,62,75,  ,]

[1,  ,26,  ,42,  ,63,72,  ,]
[ ,10,  ,38,  ,56,  ,79,87,]
[3,19,  ,39,  ,59,  ,  ,90,]

[2,  ,23,  ,40,58,  ,  ,88,]
[9,13,  ,33,  ,  ,66,73,  ,]
[ ,18,  ,34,41,  ,68,78,  ,]

[ ,14,  ,31,48,54,  ,  ,83,]
[4,  ,20,  ,  ,57,  ,70,89,]
[8,16,  ,36,  ,  ,65,74,  ,]

[ ,17,22,  ,44,50,  ,  ,80,]
[ ,  ,  ,37,45,53,61,  ,86,]
[7,  ,24,  ,49,  ,69,76,  ,]

[ ,11,25,  ,43,  ,64,  ,82,]
[ ,  ,27,32,46,52,  ,  ,84,]
[5,  ,29,35,  ,  ,67,77,  ,]

[ ,  ,25,  ,45,50,62,73,  ,]
[ ,10,27,37,  ,52,  ,  ,83,]
[2,14,  ,  ,  ,  ,69,78,89,]

[1,  ,20,  ,44,  ,66,76,  ,]
[ ,13,  ,34,  ,51,  ,79,80,]
[4,18,  ,35,  ,59,  ,  ,82,]

[8,  ,22,  ,40,58,  ,  ,81,]
[9,11,  ,36,  ,  ,64,70,  ,]
[ ,15,  ,39,43,  ,67,74,  ,]

[ ,12,  ,31,41,53,  ,  ,85,]
[3,  ,24,  ,  ,56,  ,72,86,]
[7,17,  ,32,  ,  ,68,75,  ,]

[ ,19,21,  ,42,54,  ,  ,84,]
[ ,  ,  ,30,46,57,61,  ,90,]
[5,  ,23,  ,49,  ,63,71,  ,]

[ ,16,26,  ,47,  ,60,  ,87,]
[ ,  ,28,33,48,55,  ,  ,88,]
[6,  ,29,38,  ,  ,65,77,  ,]

[5,  ,25,  ,  ,  ,60,70,85,]
[ ,16,28,  ,40,52,64,  ,  ,]
[ ,18,  ,39,  ,53,  ,77,88,]

[2,  ,23,  ,43,  ,66,71,  ,]
[ ,12,  ,30,  ,55,  ,76,81,]
[4,19,  ,38,  ,56,  ,  ,83,]

[7,  ,24,  ,42,54,  ,  ,87,]
[9,11,  ,31,  ,  ,62,72,  ,]
[ ,15,  ,34,46,  ,63,75,  ,]

[ ,10,  ,33,48,50,  ,  ,80,]
[3,  ,22,  ,  ,58,  ,73,89,]
[6,14,  ,35,  ,  ,69,74,  ,]

[ ,13,21,  ,41,51,  ,  ,84,]
[ ,  ,  ,32,44,59,65,  ,90,]
[8,  ,29,  ,47,  ,68,78,  ,]

[ ,17,20,  ,45,  ,61,  ,82,]
[ ,  ,26,36,49,57,  ,  ,86,]
[1,  ,27,37,  ,  ,67,79,  ,]

[ ,  ,22,  ,42,  ,62,77,84,]
[ ,10,27,31,  ,53,  ,  ,88,]
[1,17,  ,  ,  ,56,65,78,  ,]

[8,  ,29,  ,46,  ,69,70,  ,]
[ ,11,  ,38,  ,55,  ,73,83,]
[9,14,  ,39,  ,58,  ,  ,85,]

[5,  ,28,  ,40,54,  ,  ,87,]
[7,13,  ,34,  ,  ,60,74,  ,]
[ ,16,  ,37,49,  ,64,76,  ,]

[ ,18,  ,33,41,57,  ,  ,82,]
[3,  ,24,  ,  ,59,  ,72,90,]
[4,19,  ,36,  ,  ,66,79,  ,]

[ ,12,25,  ,43,51,  ,  ,80,]
[ ,  ,  ,35,44,52,61,  ,89,]
[2,  ,26,  ,47,  ,63,71,  ,]

[ ,15,20,  ,45,  ,67,  ,81,]
[ ,  ,21,30,48,50,  ,  ,86,]
[6,  ,23,32,  ,  ,68,75,  ,]

[7,  ,22,  ,  ,50,  ,74,82,]
[ ,16,27,  ,47,  ,62,  ,84,]
[ ,18,  ,35,  ,57,63,75,  ,]

[2,  ,26,  ,48,  ,67,70,  ,]
[ ,12,  ,31,  ,55,  ,73,86,]
[6,19,  ,38,  ,58,  ,  ,90,]

[5,  ,24,  ,43,53,  ,  ,83,]
[8,10,  ,32,  ,  ,60,72,  ,]
[ ,14,  ,39,45,  ,66,77,  ,]

[ ,11,  ,33,40,54,  ,  ,85,]
[3,  ,25,  ,  ,56,  ,71,89,]
[4,13,  ,36,  ,  ,69,76,  ,]

[ ,15,20,  ,42,51,  ,  ,87,]
[ ,  ,  ,30,44,52,64,  ,88,]
[1,  ,28,  ,49,  ,68,78,  ,]

[ ,17,21,  ,41,  ,61,  ,80,]
[ ,  ,23,34,46,59,  ,  ,81,]
[9,  ,29,37,  ,  ,65,79,  ,]

[ ,  ,23,30,  ,51,64,75,  ,]
[4,14,28,  ,  ,  ,65,  ,82,]
[ ,18,  ,  ,48,53,  ,77,87,]

[5,  ,20,  ,41,  ,61,71,  ,]
[ ,11,  ,36,  ,50,  ,78,81,]
[8,13,  ,37,  ,56,  ,  ,88,]

[6,  ,29,  ,40,52,  ,  ,84,]
[7,16,  ,32,  ,  ,63,70,  ,]
[ ,19,  ,39,47,  ,69,72,  ,]

[ ,10,  ,31,44,58,  ,  ,80,]
[2,  ,22,  ,  ,59,  ,74,86,]
[9,12,  ,35,  ,  ,67,76,  ,]

[ ,15,25,  ,43,54,  ,  ,83,]
[ ,  ,  ,33,45,55,60,  ,90,]
[1,  ,26,  ,49,  ,66,73,  ,]

[ ,17,21,  ,42,  ,62,  ,85,]
[ ,  ,24,34,46,57,  ,  ,89,]
[3,  ,27,38,  ,  ,68,79,  ,]

[ ,12,  ,33,  ,  ,60,76,83,]
[5,13,25,  ,  ,53,  ,  ,90,]
[ ,  ,28,  ,40,59,65,77,  ,]

[1,  ,23,  ,42,  ,61,71,  ,]
[ ,15,  ,35,  ,50,  ,74,80,]
[8,16,  ,36,  ,51,  ,  ,84,]

[2,  ,29,  ,41,57,  ,  ,85,]
[6,10,  ,30,  ,  ,67,70,  ,]
[ ,19,  ,32,45,  ,69,72,  ,]

[ ,11,  ,34,46,52,  ,  ,82,]
[4,  ,22,  ,  ,58,  ,73,89,]
[7,17,  ,39,  ,  ,68,75,  ,]

[ ,18,21,  ,43,55,  ,  ,87,]
[ ,  ,  ,31,44,56,62,  ,88,]
[3,  ,26,  ,47,  ,66,79,  ,]

[ ,14,20,  ,48,  ,63,  ,81,]
[ ,  ,24,37,49,54,  ,  ,86,]
[9,  ,27,38,  ,  ,64,78,  ,]

[2,  ,21,  ,  ,50,64,77,  ,]
[ ,13,23,  ,43,  ,68,  ,88,]
[ ,17,  ,39,  ,51,  ,78,90,]

[3,  ,28,  ,48,  ,67,75,  ,]
[ ,15,  ,34,  ,52,  ,79,84,]
[6,18,  ,37,  ,53,  ,  ,89,]

[7,  ,29,  ,42,57,  ,  ,86,]
[9,14,  ,31,  ,  ,62,73,  ,]
[ ,19,  ,35,45,  ,66,74,  ,]

[ ,11,  ,36,44,58,  ,  ,83,]
[4,  ,26,  ,  ,59,  ,71,85,]
[5,16,  ,38,  ,  ,60,72,  ,]

[ ,10,22,  ,41,55,  ,  ,80,]
[ ,  ,  ,32,46,56,63,  ,82,]
[8,  ,24,  ,49,  ,65,70,  ,]

[ ,12,20,  ,40,  ,61,  ,81,]
[ ,  ,25,30,47,54,  ,  ,87,]
[1,  ,27,33,  ,  ,69,76,  ,]

[ ,  ,20,  ,43,50,  ,74,81,]
[ ,15,29,34,  ,54,63,  ,  ,]
[7,17,  ,  ,  ,  ,66,78,89,]

[4,  ,28,  ,41,  ,60,71,  ,]
[ ,10,  ,31,  ,52,  ,77,86,]
[9,16,  ,33,  ,57,  ,  ,90,]

[1,  ,25,  ,40,55,  ,  ,82,]
[2,13,  ,32,  ,  ,61,73,  ,]
[ ,19,  ,35,44,  ,67,76,  ,]

[ ,12,  ,30,48,51,  ,  ,83,]
[3,  ,26,  ,  ,58,  ,75,84,]
[5,18,  ,38,  ,  ,62,79,  ,]

[ ,14,22,  ,42,56,  ,  ,85,]
[ ,  ,  ,37,47,59,64,  ,88,]
[8,  ,27,  ,49,  ,68,72,  ,]

[ ,11,21,  ,45,  ,65,  ,80,]
[ ,  ,23,36,46,53,  ,  ,87,]
[6,  ,24,39,  ,  ,69,70,  ,]

[3,  ,23,  ,  ,53,  ,76,83,]
[ ,10,26,  ,42,  ,64,  ,89,]
[ ,16,  ,37,  ,56,68,78,  ,]

[6,  ,27,  ,40,  ,66,74,  ,]
[ ,11,  ,32,  ,52,  ,79,86,]
[9,12,  ,36,  ,59,  ,  ,90,]

[2,  ,25,  ,46,51,  ,  ,80,]
[8,14,  ,30,  ,  ,62,75,  ,]
[ ,15,  ,34,49,  ,65,77,  ,]

[ ,17,  ,31,47,55,  ,  ,85,]
[4,  ,29,  ,  ,58,  ,70,87,]
[7,18,  ,35,  ,  ,61,73,  ,]

[ ,13,21,  ,41,50,  ,  ,81,]
[ ,  ,  ,38,43,54,63,  ,82,]
[5,  ,24,  ,45,  ,67,71,  ,]

[ ,19,20,  ,44,  ,60,  ,84,]
[ ,  ,22,33,48,57,  ,  ,88,]
[1,  ,28,39,  ,  ,69,72,  ,]

[ ,10,  ,35,  ,  ,61,71,84,]
[ ,16,21,  ,47,54,62,  ,  ,]
[4,  ,27,  ,  ,56,  ,74,88,]

[2,  ,29,  ,43,  ,60,77,  ,]
[ ,13,  ,30,  ,57,  ,79,83,]
[7,19,  ,34,  ,58,  ,  ,90,]

[8,  ,24,  ,41,51,  ,  ,87,]
[9,12,  ,33,  ,  ,64,70,  ,]
[ ,17,  ,38,48,  ,67,72,  ,]

[ ,11,  ,32,45,53,  ,  ,80,]
[3,  ,23,  ,  ,59,  ,73,85,]
[6,14,  ,37,  ,  ,69,78,  ,]

[ ,18,20,  ,44,50,  ,  ,82,]
[ ,  ,  ,39,46,52,63,  ,89,]
[1,  ,25,  ,49,  ,65,76,  ,]

[ ,15,22,  ,40,  ,66,  ,81,]
[ ,  ,26,31,42,55,  ,  ,86,]
[5,  ,28,36,  ,  ,68,75,  ,]

[ ,  ,21,32,  ,53,  ,72,80,]
[ ,16,28,  ,48,54,66,  ,  ,]
[3,18,  ,  ,  ,  ,69,78,85,]

[6,  ,25,  ,42,  ,64,73,  ,]
[ ,10,  ,31,  ,52,  ,79,83,]
[8,17,  ,36,  ,55,  ,  ,84,]

[2,  ,29,  ,44,59,  ,  ,87,]
[4,14,  ,34,  ,  ,60,76,  ,]
[ ,15,  ,38,46,  ,62,77,  ,]

[ ,12,  ,35,49,51,  ,  ,81,]
[1,  ,24,  ,  ,56,  ,71,89,]
[9,13,  ,39,  ,  ,65,75,  ,]

[ ,11,22,  ,40,50,  ,  ,88,]
[ ,  ,  ,33,41,58,61,  ,90,]
[5,  ,23,  ,47,  ,68,70,  ,]

[ ,19,20,  ,43,  ,63,  ,82,]
[ ,  ,26,30,45,57,  ,  ,86,]
[7,  ,27,37,  ,  ,67,74,  ,]

[ ,  ,20,36,  ,53,66,72,  ,]
[ ,11,22,  ,49,  ,69,  ,84,]
[5,12,  ,  ,  ,58,  ,75,87,]

[4,  ,26,  ,46,  ,67,70,  ,]
[ ,15,  ,31,  ,50,  ,78,81,]
[8,16,  ,33,  ,51,  ,  ,89,]

[2,  ,21,  ,40,59,  ,  ,82,]
[9,17,  ,32,  ,  ,60,71,  ,]
[ ,18,  ,35,44,  ,64,77,  ,]

[ ,10,  ,37,41,55,  ,  ,83,]
[3,  ,29,  ,  ,56,  ,74,90,]
[6,19,  ,39,  ,  ,65,79,  ,]

[ ,14,24,  ,42,52,  ,  ,85,]
[ ,  ,  ,30,43,54,62,  ,88,]
[1,  ,28,  ,48,  ,68,76,  ,]

[ ,13,23,  ,45,  ,61,  ,80,]
[ ,  ,25,34,47,57,  ,  ,86,]
[7,  ,27,38,  ,  ,63,73,  ,]

[9,12,  ,  ,  ,  ,64,73,81,]
[ ,17,24,39,  ,50,  ,  ,90,]
[ ,  ,25,  ,43,52,66,78,  ,]

[5,  ,27,  ,42,  ,68,71,  ,]
[ ,10,  ,31,  ,57,  ,79,80,]
[6,11,  ,34,  ,59,  ,  ,85,]

[7,  ,23,  ,41,58,  ,  ,82,]
[8,15,  ,32,  ,  ,62,70,  ,]
[ ,18,  ,35,49,  ,65,75,  ,]

[ ,14,  ,33,45,53,  ,  ,87,]
[2,  ,28,  ,  ,54,  ,74,88,]
[4,19,  ,36,  ,  ,60,76,  ,]

[ ,16,20,  ,40,51,  ,  ,83,]
[ ,  ,  ,37,44,56,63,  ,86,]
[3,  ,21,  ,46,  ,67,77,  ,]

[ ,13,22,  ,47,  ,61,  ,84,]
[ ,  ,26,30,48,55,  ,  ,89,]
[1,  ,29,38,  ,  ,69,72,  ,]

[4,  ,24,  ,  ,53,68,70,  ,]
[ ,14,29,  ,42,  ,69,  ,80,]
[ ,16,  ,33,  ,56,  ,72,82,]

[2,  ,27,  ,46,  ,64,71,  ,]
[ ,15,  ,30,  ,50,  ,74,86,]
[7,19,  ,31,  ,54,  ,  ,88,]

[5,  ,20,  ,40,52,  ,  ,83,]
[9,12,  ,38,  ,  ,62,75,  ,]
[ ,13,  ,39,43,  ,65,76,  ,]

[ ,10,  ,34,41,58,  ,  ,89,]
[1,  ,23,  ,  ,59,  ,77,90,]
[6,11,  ,37,  ,  ,63,79,  ,]

[ ,18,25,  ,44,51,  ,  ,85,]
[ ,  ,  ,32,45,57,66,  ,87,]
[3,  ,28,  ,47,  ,67,78,  ,]

[ ,17,21,  ,48,  ,60,  ,81,]
[ ,  ,22,35,49,55,  ,  ,84,]
[8,  ,26,36,  ,  ,61,73,  ,]

[ ,  ,25,38,  ,50,  ,77,83,]
[ ,13,28,  ,41,55,63,  ,  ,]
[2,17,  ,  ,  ,  ,69,78,88,]

[6,  ,26,  ,48,  ,65,75,  ,]
[ ,15,  ,33,  ,53,  ,79,80,]
[7,18,  ,34,  ,58,  ,  ,87,]

[1,  ,22,  ,44,54,  ,  ,81,]
[3,10,  ,30,  ,  ,60,71,  ,]
[ ,12,  ,31,49,  ,64,73,  ,]

[ ,14,  ,37,42,51,  ,  ,86,]
[5,  ,29,  ,  ,59,  ,72,90,]
[8,16,  ,39,  ,  ,68,74,  ,]

[ ,11,23,  ,43,52,  ,  ,84,]
[ ,  ,  ,35,45,56,61,  ,89,]
[9,  ,27,  ,47,  ,62,76,  ,]

[ ,19,20,  ,40,  ,66,  ,82,]
[ ,  ,21,32,46,57,  ,  ,85,]
[4,  ,24,36,  ,  ,67,70,  ,]

[ ,  ,26,30,  ,50,  ,77,81,]
[ ,11,27,  ,42,53,60,  ,  ,]
[2,18,  ,  ,  ,  ,62,78,82,]

[6,  ,24,  ,44,  ,65,72,  ,]
[ ,10,  ,31,  ,51,  ,79,83,]
[7,12,  ,36,  ,52,  ,  ,88,]

[3,  ,22,  ,40,58,  ,  ,89,]
[9,13,  ,34,  ,  ,66,70,  ,]
[ ,16,  ,38,46,  ,68,74,  ,]

[ ,15,  ,32,47,56,  ,  ,85,]
[4,  ,20,  ,  ,57,  ,71,90,]
[5,17,  ,33,  ,  ,64,76,  ,]

[ ,14,23,  ,41,55,  ,  ,84,]
[ ,  ,  ,39,43,59,61,  ,87,]
[8,  ,29,  ,45,  ,67,73,  ,]

[ ,19,21,  ,48,  ,63,  ,80,]
[ ,  ,25,35,49,54,  ,  ,86,]
[1,  ,28,37,  ,  ,69,75,  ,]

[8,10,  ,  ,  ,53,66,71,  ,]
[ ,12,25,  ,45,  ,69,  ,84,]
[ ,  ,28,30,  ,58,  ,78,86,]

[6,  ,29,  ,46,  ,65,70,  ,]
[ ,11,  ,32,  ,52,  ,77,87,]
[9,17,  ,36,  ,59,  ,  ,88,]

[1,  ,27,  ,40,57,  ,  ,81,]
[4,13,  ,35,  ,  ,63,76,  ,]
[ ,16,  ,37,41,  ,67,79,  ,]

[ ,15,  ,31,48,54,  ,  ,82,]
[5,  ,23,  ,  ,55,  ,73,90,]
[7,18,  ,38,  ,  ,61,74,  ,]

[ ,14,21,  ,43,50,  ,  ,85,]
[ ,  ,  ,33,47,56,62,  ,89,]
[2,  ,24,  ,49,  ,64,75,  ,]

[ ,19,20,  ,42,  ,60,  ,80,]
[ ,  ,22,34,44,51,  ,  ,83,]
[3,  ,26,39,  ,  ,68,72,  ,]

[ ,  ,25,  ,44,57,  ,72,80,]
[1,16,29,  ,  ,58,60,  ,  ,]
[ ,19,  ,36,  ,  ,68,76,83,]

[2,  ,27,  ,47,  ,67,70,  ,]
[ ,12,  ,35,  ,52,  ,73,85,]
[8,13,  ,37,  ,55,  ,  ,88,]

[3,  ,21,  ,42,50,  ,  ,81,]
[5,11,  ,31,  ,  ,65,77,  ,]
[ ,14,  ,34,49,  ,69,78,  ,]

[ ,17,  ,30,46,54,  ,  ,84,]
[6,  ,26,  ,  ,59,  ,71,89,]
[7,18,  ,33,  ,  ,64,74,  ,]

[ ,15,24,  ,40,51,  ,  ,82,]
[ ,  ,  ,38,41,56,61,  ,90,]
[4,  ,28,  ,43,  ,62,79,  ,]

[ ,10,20,  ,45,  ,63,  ,86,]
[ ,  ,22,32,48,53,  ,  ,87,]
[9,  ,23,39,  ,  ,66,75,  ,]

[ ,13,  ,  ,48,51,63,70,  ,]
[ ,19,20,39,  ,57,  ,  ,85,]
[2,  ,23,  ,  ,  ,64,79,87,]

[3,  ,26,  ,49,  ,66,73,  ,]
[ ,12,  ,34,  ,54,  ,74,88,]
[9,16,  ,36,  ,58,  ,  ,89,]

[1,  ,28,  ,40,59,  ,  ,90,]
[8,14,  ,30,  ,  ,61,76,  ,]
[ ,17,  ,38,47,  ,62,77,  ,]

[ ,11,  ,33,45,52,  ,  ,80,]
[5,  ,24,  ,  ,53,  ,72,86,]
[6,15,  ,37,  ,  ,60,78,  ,]

[ ,10,22,  ,42,50,  ,  ,81,]
[ ,  ,  ,35,44,55,65,  ,84,]
[4,  ,27,  ,46,  ,67,75,  ,]

[ ,18,21,  ,41,  ,68,  ,82,]
[ ,  ,25,31,43,56,  ,  ,83,]
[7,  ,29,32,  ,  ,69,71,  ,]

[ ,10,  ,  ,45,  ,68,70,80,]
[6,16,24,  ,  ,51,  ,  ,84,]
[ ,  ,26,32,  ,56,69,76,  ,]

[1,  ,21,  ,44,  ,66,72,  ,]
[ ,11,  ,37,  ,50,  ,77,87,]
[3,12,  ,39,  ,58,  ,  ,88,]

[2,  ,23,  ,40,52,  ,  ,85,]
[5,14,  ,33,  ,  ,62,71,  ,]
[ ,15,  ,34,46,  ,67,78,  ,]

[ ,17,  ,30,41,53,  ,  ,82,]
[8,  ,29,  ,  ,54,  ,73,86,]
[9,18,  ,35,  ,  ,61,75,  ,]

[ ,19,22,  ,42,57,  ,  ,83,]
[ ,  ,  ,36,43,59,60,  ,90,]
[7,  ,28,  ,49,  ,63,74,  ,]

[ ,13,20,  ,47,  ,64,  ,81,]
[ ,  ,25,31,48,55,  ,  ,89,]
[4,  ,27,38,  ,  ,65,79,  ,]

[8,  ,25,  ,  ,52,60,70,  ,]
[ ,11,29,  ,44,  ,68,  ,85,]
[ ,14,  ,31,  ,56,  ,72,90,]

[2,  ,22,  ,40,  ,63,77,  ,]
[ ,12,  ,32,  ,55,  ,79,81,]
[4,19,  ,36,  ,58,  ,  ,83,]

[3,  ,28,  ,46,50,  ,  ,88,]
[6,17,  ,33,  ,  ,66,75,  ,]
[ ,18,  ,39,47,  ,69,76,  ,]

[ ,13,  ,30,45,51,  ,  ,80,]
[1,  ,23,  ,  ,57,  ,71,87,]
[9,16,  ,37,  ,  ,62,73,  ,]

[ ,15,21,  ,41,54,  ,  ,82,]
[ ,  ,  ,34,48,59,64,  ,86,]
[7,  ,26,  ,49,  ,65,74,  ,]

[ ,10,20,  ,42,  ,61,  ,84,]
[ ,  ,24,35,43,53,  ,  ,89,]
[5,  ,27,38,  ,  ,67,78,  ,]

[2,13,  ,  ,  ,  ,62,70,81,]
[ ,18,21,33,  ,50,67,  ,  ,]
[ ,  ,29,  ,49,57,  ,76,89,]

[6,  ,25,  ,44,  ,68,72,  ,]
[ ,11,  ,32,  ,52,  ,77,85,]
[8,15,  ,37,  ,53,  ,  ,88,]

[3,  ,27,  ,40,51,  ,  ,86,]
[7,10,  ,30,  ,  ,64,71,  ,]
[ ,17,  ,39,45,  ,66,75,  ,]

[ ,12,  ,31,42,54,  ,  ,83,]
[4,  ,20,  ,  ,59,  ,73,87,]
[5,19,  ,38,  ,  ,69,79,  ,]

[ ,16,22,  ,41,56,  ,  ,84,]
[ ,  ,  ,36,46,58,63,  ,90,]
[9,  ,26,  ,47,  ,65,74,  ,]

[ ,14,23,  ,43,  ,60,  ,80,]
[ ,  ,24,34,48,55,  ,  ,82,]
[1,  ,28,35,  ,  ,61,78,  ,]

[ ,11,  ,  ,42,50,  ,71,83,]
[ ,18,20,38,  ,52,63,  ,  ,]
[2,  ,24,  ,  ,  ,68,76,88,]

[1,  ,26,  ,45,  ,65,72,  ,]
[ ,13,  ,36,  ,55,  ,79,81,]
[9,14,  ,37,  ,57,  ,  ,90,]

[4,  ,21,  ,43,54,  ,  ,80,]
[5,10,  ,32,  ,  ,60,74,  ,]
[ ,17,  ,39,44,  ,61,78,  ,]

[ ,15,  ,30,46,51,  ,  ,82,]
[3,  ,23,  ,  ,53,  ,70,87,]
[7,16,  ,34,  ,  ,69,73,  ,]

[ ,12,25,  ,40,56,  ,  ,85,]
[ ,  ,  ,33,41,58,62,  ,86,]
[8,  ,28,  ,49,  ,64,77,  ,]

[ ,19,22,  ,47,  ,66,  ,84,]
[ ,  ,27,31,48,59,  ,  ,89,]
[6,  ,29,35,  ,  ,67,75,  ,]

[ ,11,  ,39,  ,  ,60,76,82,]
[3,18,22,  ,  ,52,  ,  ,86,]
[ ,  ,26,  ,47,58,65,78,  ,]

[4,  ,29,  ,49,  ,63,71,  ,]
[ ,12,  ,31,  ,55,  ,73,84,]
[9,19,  ,35,  ,56,  ,  ,85,]

[1,  ,28,  ,42,53,  ,  ,80,]
[8,10,  ,32,  ,  ,66,70,  ,]
[ ,13,  ,36,48,  ,69,79,  ,]

[ ,14,  ,30,40,57,  ,  ,81,]
[2,  ,23,  ,  ,59,  ,75,88,]
[7,15,  ,34,  ,  ,64,77,  ,]

[ ,17,24,  ,41,50,  ,  ,83,]
[ ,  ,  ,37,44,54,67,  ,87,]
[5,  ,25,  ,46,  ,68,72,  ,]

[ ,16,20,  ,43,  ,61,  ,89,]
[ ,  ,21,33,45,51,  ,  ,90,]
[6,  ,27,38,  ,  ,62,74,  ,]

[ ,12,  ,35,  ,53,  ,71,83,]
[8,18,24,  ,  ,  ,65,  ,87,]
[ ,  ,27,  ,42,58,66,74,  ,]

[4,  ,22,  ,41,  ,61,73,  ,]
[ ,14,  ,31,  ,51,  ,77,82,]
[6,17,  ,38,  ,59,  ,  ,86,]

[2,  ,28,  ,44,56,  ,  ,81,]
[9,16,  ,36,  ,  ,64,75,  ,]
[ ,19,  ,39,49,  ,68,76,  ,]

[ ,11,  ,30,43,52,  ,  ,88,]
[5,  ,25,  ,  ,55,  ,78,90,]
[7,13,  ,34,  ,  ,60,79,  ,]

[ ,10,20,  ,40,50,  ,  ,85,]
[ ,  ,  ,33,46,57,62,  ,89,]
[3,  ,23,  ,48,  ,69,70,  ,]

[ ,15,21,  ,45,  ,63,  ,80,]
[ ,  ,26,32,47,54,  ,  ,84,]
[1,  ,29,37,  ,  ,67,72,  ,]

[ ,  ,23,  ,43,  ,60,71,80,]
[ ,10,27,39,  ,55,63,  ,  ,]
[4,18,  ,  ,  ,58,  ,74,84,]

[1,  ,29,  ,46,  ,67,73,  ,]
[ ,14,  ,31,  ,51,  ,75,83,]
[6,17,  ,32,  ,57,  ,  ,88,]

[8,  ,21,  ,44,56,  ,  ,89,]
[9,11,  ,33,  ,  ,68,76,  ,]
[ ,13,  ,34,45,  ,69,79,  ,]

[ ,16,  ,35,48,52,  ,  ,86,]
[5,  ,28,  ,  ,53,  ,72,90,]
[7,19,  ,37,  ,  ,66,78,  ,]

[ ,12,25,  ,40,54,  ,  ,82,]
[ ,  ,  ,36,41,59,61,  ,85,]
[3,  ,26,  ,47,  ,65,70,  ,]

[ ,15,20,  ,42,  ,62,  ,81,]
[ ,  ,22,30,49,50,  ,  ,87,]
[2,  ,24,38,  ,  ,64,77,  ,]

[ ,  ,26,  ,42,  ,62,73,80,]
[ ,13,28,33,  ,55,  ,  ,89,]
[4,19,  ,  ,  ,58,64,79,  ,]

[3,  ,24,  ,47,  ,63,72,  ,]
[ ,11,  ,32,  ,52,  ,75,83,]
[9,12,  ,39,  ,56,  ,  ,88,]

[5,  ,29,  ,45,59,  ,  ,81,]
[8,16,  ,35,  ,  ,65,70,  ,]
[ ,18,  ,37,48,  ,67,74,  ,]

[ ,10,  ,36,41,50,  ,  ,84,]
[1,  ,22,  ,  ,57,  ,76,90,]
[7,14,  ,38,  ,  ,69,77,  ,]

[ ,17,20,  ,40,53,  ,  ,85,]
[ ,  ,  ,34,44,54,60,  ,87,]
[6,  ,27,  ,46,  ,66,71,  ,]

[ ,15,21,  ,43,  ,61,  ,82,]
[ ,  ,23,30,49,51,  ,  ,86,]
[2,  ,25,31,  ,  ,68,78,  ,]

[ ,  ,20,  ,45,54,  ,76,88,]
[ ,12,28,39,  ,58,62,  ,  ,]
[3,15,  ,  ,  ,  ,66,78,90,]

[4,  ,24,  ,48,  ,61,70,  ,]
[ ,11,  ,32,  ,52,  ,74,80,]
[5,17,  ,36,  ,56,  ,  ,81,]

[2,  ,22,  ,42,59,  ,  ,82,]
[8,10,  ,31,  ,  ,64,72,  ,]
[ ,14,  ,37,49,  ,67,79,  ,]

[ ,16,  ,33,44,50,  ,  ,83,]
[1,  ,27,  ,  ,53,  ,71,86,]
[6,18,  ,38,  ,  ,68,73,  ,]

[ ,13,23,  ,41,55,  ,  ,84,]
[ ,  ,  ,35,43,57,65,  ,87,]
[7,  ,29,  ,47,  ,69,77,  ,]

[ ,19,21,  ,40,  ,60,  ,85,]
[ ,  ,25,30,46,51,  ,  ,89,]
[9,  ,26,34,  ,  ,63,75,  ,]

[ ,11,  ,35,  ,53,64,72,  ,]
[ ,14,23,  ,47,  ,65,  ,83,]
[9,  ,24,  ,  ,55,  ,74,87,]

[4,  ,25,  ,41,  ,61,76,  ,]
[ ,16,  ,32,  ,54,  ,78,80,]
[7,17,  ,36,  ,57,  ,  ,90,]

[3,  ,21,  ,42,59,  ,  ,89,]
[6,18,  ,31,  ,  ,63,73,  ,]
[ ,19,  ,37,44,  ,68,79,  ,]

[ ,10,  ,30,46,52,  ,  ,81,]
[1,  ,20,  ,  ,56,  ,70,84,]
[8,13,  ,34,  ,  ,60,77,  ,]

[ ,12,26,  ,43,50,  ,  ,82,]
[ ,  ,  ,38,48,58,62,  ,86,]
[2,  ,27,  ,49,  ,69,75,  ,]

[ ,15,22,  ,40,  ,66,  ,85,]
[ ,  ,28,33,45,51,  ,  ,88,]
[5,  ,29,39,  ,  ,67,71,  ,]

[ ,11,  ,38,  ,52,  ,73,83,]
[8,16,21,  ,  ,53,64,  ,  ,]
[ ,  ,27,  ,42,  ,65,75,84,]

[3,  ,20,  ,48,  ,63,71,  ,]
[ ,10,  ,31,  ,55,  ,72,81,]
[6,12,  ,39,  ,57,  ,  ,85,]

[1,  ,24,  ,44,59,  ,  ,89,]
[2,15,  ,32,  ,  ,62,70,  ,]
[ ,18,  ,33,47,  ,68,79,  ,]

[ ,13,  ,34,46,56,  ,  ,88,]
[5,  ,26,  ,  ,58,  ,74,90,]
[9,14,  ,35,  ,  ,61,78,  ,]

[ ,19,23,  ,40,50,  ,  ,82,]
[ ,  ,  ,37,41,54,66,  ,86,]
[7,  ,25,  ,43,  ,67,77,  ,]

[ ,17,22,  ,45,  ,60,  ,80,]
[ ,  ,28,30,49,51,  ,  ,87,]
[4,  ,29,36,  ,  ,69,76,  ,]

[5,  ,22,  ,  ,  ,61,72,80,]
[ ,16,28,32,  ,50,  ,  ,82,]
[ ,19,  ,  ,42,51,65,78,  ,]

[4,  ,20,  ,40,  ,66,70,  ,]
[ ,10,  ,33,  ,54,  ,76,81,]
[8,17,  ,39,  ,57,  ,  ,85,]

[2,  ,21,  ,47,59,  ,  ,89,]
[6,11,  ,31,  ,  ,63,71,  ,]
[ ,12,  ,34,49,  ,64,74,  ,]

[ ,15,  ,35,41,53,  ,  ,86,]
[3,  ,25,  ,  ,56,  ,73,87,]
[9,18,  ,38,  ,  ,68,79,  ,]

[ ,13,23,  ,43,52,  ,  ,84,]
[ ,  ,  ,37,45,55,60,  ,90,]
[1,  ,24,  ,46,  ,67,75,  ,]

[ ,14,26,  ,44,  ,62,  ,83,]
[ ,  ,27,30,48,58,  ,  ,88,]
[7,  ,29,36,  ,  ,69,77,  ,]

[ ,  ,20,37,  ,  ,65,70,85,]
[ ,14,27,  ,47,52,66,  ,  ,]
[3,16,  ,  ,  ,56,  ,78,89,]

[6,  ,29,  ,44,  ,62,75,  ,]
[ ,10,  ,32,  ,54,  ,79,82,]
[7,19,  ,35,  ,58,  ,  ,90,]

[2,  ,22,  ,40,57,  ,  ,86,]
[4,13,  ,30,  ,  ,67,71,  ,]
[ ,18,  ,34,41,  ,69,76,  ,]

[ ,12,  ,33,45,50,  ,  ,81,]
[1,  ,24,  ,  ,59,  ,74,88,]
[5,17,  ,39,  ,  ,60,77,  ,]

[ ,11,23,  ,43,51,  ,  ,83,]
[ ,  ,  ,31,46,53,61,  ,87,]
[8,  ,26,  ,49,  ,63,72,  ,]

[ ,15,21,  ,42,  ,64,  ,80,]
[ ,  ,25,36,48,55,  ,  ,84,]
[9,  ,28,38,  ,  ,68,73,  ,]

[ ,13,  ,  ,49,53,  ,75,85,]
[3,17,24,  ,  ,  ,60,  ,89,]
[ ,  ,29,30,  ,58,68,77,  ,]

[2,  ,20,  ,45,  ,67,71,  ,]
[ ,10,  ,35,  ,50,  ,73,88,]
[9,19,  ,38,  ,54,  ,  ,90,]

[5,  ,23,  ,43,59,  ,  ,80,]
[7,12,  ,32,  ,  ,61,74,  ,]
[ ,15,  ,33,47,  ,62,76,  ,]

[ ,14,  ,34,42,55,  ,  ,84,]
[4,  ,22,  ,  ,57,  ,72,86,]
[8,16,  ,39,  ,  ,69,78,  ,]

[ ,18,26,  ,40,51,  ,  ,81,]
[ ,  ,  ,37,46,52,63,  ,82,]
[6,  ,28,  ,48,  ,66,70,  ,]

[ ,11,21,  ,41,  ,64,  ,83,]
[ ,  ,25,31,44,56,  ,  ,87,]
[1,  ,27,36,  ,  ,65,79,  ,]

[3,15,  ,  ,  ,  ,62,76,80,]
[ ,18,23,  ,43,52,63,  ,  ,]
[ ,  ,28,37,  ,54,  ,77,83,]

[8,  ,20,  ,44,  ,65,70,  ,]
[ ,16,  ,30,  ,50,  ,78,84,]
[9,17,  ,35,  ,56,  ,  ,87,]

[1,  ,29,  ,42,53,  ,  ,85,]
[7,10,  ,31,  ,  ,61,71,  ,]
[ ,19,  ,39,46,  ,64,73,  ,]

[ ,11,  ,32,41,57,  ,  ,86,]
[2,  ,26,  ,  ,59,  ,72,89,]
[6,13,  ,33,  ,  ,66,79,  ,]

[ ,12,24,  ,40,51,  ,  ,81,]
[ ,  ,  ,34,47,55,68,  ,90,]
[4,  ,25,  ,48,  ,69,74,  ,]

[ ,14,21,  ,45,  ,60,  ,82,]
[ ,  ,22,36,49,58,  ,  ,88,]
[5,  ,27,38,  ,  ,67,75,  ,]

[5,  ,20,  ,  ,  ,61,75,81,]
[ ,13,23,31,  ,52,  ,  ,85,]
[ ,19,  ,  ,44,56,62,76,  ,]

[1,  ,21,  ,45,  ,69,73,  ,]
[ ,12,  ,30,  ,50,  ,74,80,]
[8,16,  ,36,  ,53,  ,  ,90,]

[3,  ,25,  ,43,55,  ,  ,83,]
[6,10,  ,34,  ,  ,60,72,  ,]
[ ,11,  ,35,46,  ,65,79,  ,]

[ ,14,  ,37,49,57,  ,  ,87,]
[7,  ,24,  ,  ,59,  ,70,88,]
[9,15,  ,39,  ,  ,66,71,  ,]

[ ,17,26,  ,40,51,  ,  ,84,]
[ ,  ,  ,38,41,54,63,  ,86,]
[2,  ,28,  ,47,  ,64,77,  ,]

[ ,18,22,  ,42,  ,67,  ,82,]
[ ,  ,27,32,48,58,  ,  ,89,]
[4,  ,29,33,  ,  ,68,78,  ,]

[4,11,  ,  ,  ,  ,60,71,84,]
[ ,19,20,  ,49,52,  ,  ,89,]
[ ,  ,24,35,  ,54,61,75,  ,]

[1,  ,23,  ,46,  ,68,74,  ,]
[ ,13,  ,38,  ,51,  ,79,82,]
[3,15,  ,39,  ,56,  ,  ,88,]

[6,  ,21,  ,42,57,  ,  ,86,]
[7,10,  ,30,  ,  ,65,70,  ,]
[ ,12,  ,34,47,  ,69,78,  ,]

[ ,16,  ,31,43,53,  ,  ,83,]
[2,  ,22,  ,  ,58,  ,73,87,]
[8,18,  ,36,  ,  ,62,77,  ,]

[ ,17,26,  ,41,50,  ,  ,81,]
[ ,  ,  ,32,44,55,64,  ,85,]
[5,  ,28,  ,48,  ,67,76,  ,]

[ ,14,25,  ,40,  ,63,  ,80,]
[ ,  ,27,33,45,59,  ,  ,90,]
[9,  ,29,37,  ,  ,66,72,  ,]

[ ,10,  ,37,  ,  ,60,71,83,]
[6,15,20,  ,  ,50,  ,  ,84,]
[ ,  ,28,  ,40,57,62,76,  ,]

[3,  ,29,  ,49,  ,68,70,  ,]
[ ,14,  ,36,  ,52,  ,77,81,]
[4,18,  ,38,  ,58,  ,  ,90,]

[1,  ,25,  ,44,56,  ,  ,89,]
[9,11,  ,32,  ,  ,65,74,  ,]
[ ,13,  ,39,45,  ,69,75,  ,]

[ ,12,  ,34,48,53,  ,  ,82,]
[5,  ,24,  ,  ,54,  ,73,88,]
[7,16,  ,35,  ,  ,61,79,  ,]

[ ,19,21,  ,41,51,  ,  ,85,]
[ ,  ,  ,31,42,55,64,  ,87,]
[8,  ,26,  ,47,  ,66,78,  ,]

[ ,17,22,  ,43,  ,63,  ,80,]
[ ,  ,23,30,46,59,  ,  ,86,]
[2,  ,27,33,  ,  ,67,72,  ,]

[ ,14,  ,30,  ,55,60,70,  ,]
[ ,17,23,  ,46,  ,61,  ,86,]
[6,  ,25,  ,  ,58,  ,77,88,]

[1,  ,21,  ,48,  ,68,71,  ,]
[ ,16,  ,35,  ,53,  ,74,85,]
[4,18,  ,37,  ,54,  ,  ,87,]

[5,  ,27,  ,43,52,  ,  ,84,]
[9,10,  ,32,  ,  ,62,72,  ,]
[ ,11,  ,34,44,  ,67,76,  ,]

[ ,13,  ,38,41,50,  ,  ,81,]
[3,  ,24,  ,  ,51,  ,73,82,]
[7,19,  ,39,  ,  ,65,75,  ,]

[ ,12,28,  ,45,56,  ,  ,80,]
[ ,  ,  ,36,47,59,63,  ,83,]
[2,  ,29,  ,49,  ,69,78,  ,]

[ ,15,20,  ,40,  ,64,  ,89,]
[ ,  ,22,31,42,57,  ,  ,90,]
[8,  ,26,33,  ,  ,66,79,  ,]

[ ,  ,24,  ,44,54,  ,75,80,]
[9,16,26,  ,  ,  ,68,  ,84,]
[ ,18,  ,33,  ,59,69,76,  ,]

[6,  ,28,  ,49,  ,65,70,  ,]
[ ,10,  ,35,  ,50,  ,74,83,]
[7,19,  ,36,  ,58,  ,  ,86,]

[5,  ,27,  ,45,57,  ,  ,89,]
[8,14,  ,30,  ,  ,60,77,  ,]
[ ,15,  ,37,48,  ,62,78,  ,]

[ ,12,  ,38,43,51,  ,  ,85,]
[2,  ,21,  ,  ,53,  ,71,90,]
[3,13,  ,39,  ,  ,64,73,  ,]

[ ,11,25,  ,41,52,  ,  ,81,]
[ ,  ,  ,34,42,56,63,  ,88,]
[1,  ,29,  ,46,  ,66,72,  ,]

[ ,17,20,  ,40,  ,61,  ,82,]
[ ,  ,22,31,47,55,  ,  ,87,]
[4,  ,23,32,  ,  ,67,79,  ,]

[3,11,  ,  ,  ,50,64,71,  ,]
[ ,19,20,  ,48,  ,65,  ,82,]
[ ,  ,25,39,  ,55,  ,77,86,]

[7,  ,21,  ,46,  ,61,73,  ,]
[ ,15,  ,36,  ,56,  ,76,83,]
[8,18,  ,37,  ,57,  ,  ,85,]

[5,  ,24,  ,47,53,  ,  ,81,]
[6,13,  ,35,  ,  ,60,74,  ,]
[ ,17,  ,38,49,  ,67,79,  ,]

[ ,12,  ,32,42,54,  ,  ,87,]
[4,  ,23,  ,  ,58,  ,72,89,]
[9,14,  ,33,  ,  ,69,75,  ,]

[ ,16,22,  ,40,51,  ,  ,80,]
[ ,  ,  ,30,43,52,66,  ,84,]
[1,  ,28,  ,44,  ,68,70,  ,]

[ ,10,26,  ,41,  ,62,  ,88,]
[ ,  ,27,31,45,59,  ,  ,90,]
[2,  ,29,34,  ,  ,63,78,  ,]

[ ,15,  ,  ,45,53,  ,73,88,]
[ ,19,27,30,  ,  ,66,  ,90,]
[4,  ,29,  ,  ,56,67,78,  ,]

[3,  ,24,  ,49,  ,69,72,  ,]
[ ,17,  ,33,  ,51,  ,76,83,]
[8,18,  ,34,  ,52,  ,  ,84,]

[1,  ,21,  ,41,57,  ,  ,82,]
[5,10,  ,31,  ,  ,62,70,  ,]
[ ,13,  ,35,46,  ,64,79,  ,]

[ ,11,  ,36,48,54,  ,  ,80,]
[2,  ,25,  ,  ,58,  ,75,89,]
[6,16,  ,39,  ,  ,68,77,  ,]

[ ,14,22,  ,40,55,  ,  ,85,]
[ ,  ,  ,38,42,59,60,  ,86,]
[9,  ,28,  ,44,  ,65,74,  ,]

[ ,12,20,  ,43,  ,61,  ,81,]
[ ,  ,23,32,47,50,  ,  ,87,]
[7,  ,26,37,  ,  ,63,71,  ,]

[ ,17,  ,37,  ,54,  ,71,86,]
[ ,18,22,  ,41,58,61,  ,  ,]
[8,  ,24,  ,  ,  ,63,75,89,]

[4,  ,26,  ,47,  ,65,74,  ,]
[ ,10,  ,32,  ,52,  ,78,80,]
[7,14,  ,34,  ,55,  ,  ,82,]

[5,  ,25,  ,45,50,  ,  ,83,]
[6,12,  ,35,  ,  ,60,70,  ,]
[ ,15,  ,36,46,  ,64,79,  ,]

[ ,13,  ,30,40,53,  ,  ,81,]
[3,  ,28,  ,  ,57,  ,72,84,]
[9,16,  ,31,  ,  ,68,77,  ,]

[ ,11,20,  ,42,51,  ,  ,87,]
[ ,  ,  ,33,44,56,62,  ,88,]
[1,  ,21,  ,49,  ,66,76,  ,]

[ ,19,23,  ,43,  ,67,  ,85,]
[ ,  ,27,38,48,59,  ,  ,90,]
[2,  ,29,39,  ,  ,69,73,  ,]

[ ,  ,20,36,  ,  ,60,72,85,]
[3,10,27,  ,  ,51,63,  ,  ,]
[ ,17,  ,  ,42,58,  ,75,86,]

[6,  ,26,  ,45,  ,67,70,  ,]
[ ,11,  ,33,  ,50,  ,76,81,]
[8,16,  ,39,  ,57,  ,  ,88,]

[1,  ,21,  ,40,59,  ,  ,87,]
[7,13,  ,30,  ,  ,61,74,  ,]
[ ,15,  ,31,43,  ,66,79,  ,]

[ ,12,  ,37,48,54,  ,  ,80,]
[2,  ,28,  ,  ,55,  ,77,89,]
[5,14,  ,38,  ,  ,69,78,  ,]

[ ,18,22,  ,46,53,  ,  ,82,]
[ ,  ,  ,34,47,56,62,  ,83,]
[4,  ,25,  ,49,  ,68,71,  ,]

[ ,19,23,  ,41,  ,64,  ,84,]
[ ,  ,24,32,44,52,  ,  ,90,]
[9,  ,29,35,  ,  ,65,73,  ,]

[ ,14,  ,37,  ,  ,60,70,80,]
[ ,15,23,  ,46,53,62,  ,  ,]
[8,  ,26,  ,  ,55,  ,72,83,]

[4,  ,24,  ,43,  ,63,75,  ,]
[ ,10,  ,31,  ,50,  ,79,84,]
[5,19,  ,34,  ,56,  ,  ,85,]

[2,  ,28,  ,42,58,  ,  ,81,]
[9,13,  ,30,  ,  ,61,74,  ,]
[ ,17,  ,38,48,  ,65,78,  ,]

[ ,11,  ,33,41,51,  ,  ,86,]
[1,  ,21,  ,  ,59,  ,71,88,]
[6,18,  ,36,  ,  ,69,73,  ,]

[ ,12,22,  ,40,54,  ,  ,82,]
[ ,  ,  ,39,44,57,66,  ,87,]
[7,  ,27,  ,49,  ,68,77,  ,]

[ ,16,20,  ,45,  ,64,  ,89,]
[ ,  ,25,32,47,52,  ,  ,90,]
[3,  ,29,35,  ,  ,67,76,  ,]

[ ,  ,20,34,  ,  ,65,70,80,]
[8,10,24,  ,  ,55,67,  ,  ,]
[ ,14,  ,  ,46,57,  ,76,85,]

[4,  ,27,  ,45,  ,64,78,  ,]
[ ,13,  ,32,  ,58,  ,79,86,]
[6,15,  ,35,  ,59,  ,  ,90,]

[1,  ,22,  ,47,50,  ,  ,88,]
[5,17,  ,30,  ,  ,60,71,  ,]
[ ,19,  ,36,48,  ,63,74,  ,]

[ ,11,  ,31,42,51,  ,  ,82,]
[3,  ,25,  ,  ,54,  ,75,87,]
[7,12,  ,37,  ,  ,61,77,  ,]

[ ,18,21,  ,40,52,  ,  ,81,]
[ ,  ,  ,39,43,53,62,  ,89,]
[2,  ,26,  ,44,  ,68,72,  ,]

[ ,16,23,  ,41,  ,66,  ,83,]
[ ,  ,28,33,49,56,  ,  ,84,]
[9,  ,29,38,  ,  ,69,73,  ,]

[ ,13,  ,38,  ,  ,64,75,82,]
[ ,15,22,  ,42,51,67,  ,  ,]
[6,  ,27,  ,  ,52,  ,77,90,]

[5,  ,21,  ,41,  ,62,71,  ,]
[ ,10,  ,31,  ,50,  ,79,86,]
[9,19,  ,33,  ,55,  ,  ,89,]

[2,  ,23,  ,44,57,  ,  ,81,]
[8,14,  ,36,  ,  ,61,72,  ,]
[ ,16,  ,37,48,  ,65,78,  ,]

[ ,11,  ,30,45,53,  ,  ,87,]
[1,  ,20,  ,  ,59,  ,70,88,]
[7,12,  ,35,  ,  ,68,76,  ,]

[ ,17,26,  ,40,54,  ,  ,80,]
[ ,  ,  ,32,46,58,60,  ,85,]
[3,  ,28,  ,49,  ,69,73,  ,]

[ ,18,24,  ,43,  ,63,  ,83,]
[ ,  ,25,34,47,56,  ,  ,84,]
[4,  ,29,39,  ,  ,66,74,  ,]

[8,16,  ,  ,  ,54,62,70,  ,]
[ ,18,25,  ,47,56,  ,  ,84,]
[ ,  ,29,37,  ,  ,65,79,88,]

[2,  ,22,  ,41,  ,68,74,  ,]
[ ,11,  ,30,  ,52,  ,78,83,]
[3,17,  ,35,  ,58,  ,  ,86,]

[1,  ,27,  ,40,55,  ,  ,85,]
[7,12,  ,38,  ,  ,60,72,  ,]
[ ,14,  ,39,45,  ,69,76,  ,]

[ ,13,  ,33,44,50,  ,  ,80,]
[6,  ,24,  ,  ,53,  ,71,89,]
[9,19,  ,36,  ,  ,67,77,  ,]

[ ,10,20,  ,43,51,  ,  ,82,]
[ ,  ,  ,31,46,59,64,  ,90,]
[4,  ,21,  ,49,  ,66,73,  ,]

[ ,15,23,  ,42,  ,61,  ,81,]
[ ,  ,26,32,48,57,  ,  ,87,]
[5,  ,28,34,  ,  ,63,75,  ,]

[ ,15,  ,32,  ,50,  ,75,86,]
[ ,16,23,  ,46,  ,61,  ,89,]
[8,  ,27,  ,  ,52,68,79,  ,]

[4,  ,24,  ,41,  ,69,73,  ,]
[ ,10,  ,33,  ,54,  ,74,80,]
[6,17,  ,36,  ,59,  ,  ,90,]

[3,  ,25,  ,45,55,  ,  ,82,]
[9,12,  ,30,  ,  ,60,71,  ,]
[ ,18,  ,31,47,  ,63,77,  ,]

[ ,11,  ,35,49,56,  ,  ,83,]
[1,  ,28,  ,  ,58,  ,70,88,]
[2,13,  ,37,  ,  ,66,76,  ,]

[ ,19,20,  ,42,51,  ,  ,84,]
[ ,  ,  ,38,43,57,64,  ,85,]
[7,  ,21,  ,44,  ,67,72,  ,]

[ ,14,22,  ,40,  ,62,  ,81,]
[ ,  ,26,34,48,53,  ,  ,87,]
[5,  ,29,39,  ,  ,65,78,  ,]

[2,  ,24,  ,  ,50,66,78,  ,]
[ ,16,29,  ,43,  ,67,  ,83,]
[ ,19,  ,32,  ,57,  ,79,88,]

[1,  ,21,  ,49,  ,65,70,  ,]
[ ,10,  ,30,  ,54,  ,75,87,]
[8,14,  ,36,  ,59,  ,  ,89,]

[6,  ,26,  ,41,58,  ,  ,86,]
[9,15,  ,34,  ,  ,62,71,  ,]
[ ,18,  ,38,48,  ,63,72,  ,]

[ ,12,  ,31,45,51,  ,  ,80,]
[3,  ,28,  ,  ,52,  ,73,84,]
[5,17,  ,39,  ,  ,68,77,  ,]

[ ,13,20,  ,40,53,  ,  ,81,]
[ ,  ,  ,33,46,55,60,  ,90,]
[7,  ,23,  ,47,  ,61,76,  ,]

[ ,11,22,  ,42,  ,64,  ,82,]
[ ,  ,25,35,44,56,  ,  ,85,]
[4,  ,27,37,  ,  ,69,74,  ,]

[ ,  ,25,  ,43,54,66,73,  ,]
[2,12,27,  ,  ,  ,67,  ,87,]
[ ,13,  ,37,  ,59,  ,75,90,]

[1,  ,28,  ,49,  ,68,70,  ,]
[ ,10,  ,31,  ,53,  ,71,80,]
[6,15,  ,33,  ,55,  ,  ,86,]

[7,  ,23,  ,44,57,  ,  ,81,]
[8,11,  ,30,  ,  ,65,77,  ,]
[ ,16,  ,38,46,  ,69,79,  ,]

[ ,17,  ,32,48,50,  ,  ,83,]
[4,  ,24,  ,  ,51,  ,74,85,]
[9,19,  ,35,  ,  ,60,76,  ,]

[ ,14,21,  ,40,56,  ,  ,88,]
[ ,  ,  ,39,45,58,62,  ,89,]
[3,  ,22,  ,47,  ,63,78,  ,]

[ ,18,20,  ,41,  ,61,  ,82,]
[ ,  ,26,34,42,52,  ,  ,84,]
[5,  ,29,36,  ,  ,64,72,  ,]

[ ,16,  ,  ,45,  ,60,71,85,]
[7,18,22,  ,  ,53,67,  ,  ,]
[ ,  ,25,30,  ,54,  ,76,90,]

[1,  ,28,  ,41,  ,69,72,  ,]
[ ,15,  ,34,  ,50,  ,79,86,]
[8,19,  ,37,  ,59,  ,  ,89,]

[4,  ,21,  ,43,55,  ,  ,88,]
[5,14,  ,32,  ,  ,62,74,  ,]
[ ,17,  ,38,48,  ,64,75,  ,]

[ ,11,  ,33,47,51,  ,  ,81,]
[2,  ,26,  ,  ,58,  ,70,84,]
[3,13,  ,35,  ,  ,66,73,  ,]

[ ,10,20,  ,40,52,  ,  ,83,]
[ ,  ,  ,39,42,57,63,  ,87,]
[6,  ,24,  ,44,  ,65,78,  ,]

[ ,12,23,  ,46,  ,61,  ,80,]
[ ,  ,27,31,49,56,  ,  ,82,]
[9,  ,29,36,  ,  ,68,77,  ,]

[ ,  ,20,  ,46,54,  ,70,84,]
[2,11,23,  ,  ,56,62,  ,  ,]
[ ,13,  ,37,  ,  ,69,71,87,]

[3,  ,26,  ,43,  ,63,72,  ,]
[ ,16,  ,31,  ,50,  ,76,83,]
[7,18,  ,34,  ,59,  ,  ,86,]

[6,  ,28,  ,41,52,  ,  ,82,]
[8,12,  ,36,  ,  ,60,75,  ,]
[ ,19,  ,38,48,  ,68,78,  ,]

[ ,14,  ,33,49,51,  ,  ,81,]
[4,  ,21,  ,  ,57,  ,73,89,]
[5,15,  ,35,  ,  ,66,79,  ,]

[ ,10,22,  ,40,53,  ,  ,85,]
[ ,  ,  ,30,44,58,65,  ,90,]
[1,  ,24,  ,47,  ,67,77,  ,]

[ ,17,25,  ,42,  ,61,  ,80,]
[ ,  ,27,32,45,55,  ,  ,88,]
[9,  ,29,39,  ,  ,64,74,  ,]

[ ,10,  ,  ,48,51,  ,71,81,]
[ ,16,23,33,  ,  ,62,  ,82,]
[2,  ,29,  ,  ,57,66,77,  ,]

[3,  ,28,  ,41,  ,65,70,  ,]
[ ,17,  ,31,  ,50,  ,72,84,]
[9,19,  ,32,  ,59,  ,  ,87,]

[1,  ,26,  ,42,58,  ,  ,80,]
[5,13,  ,37,  ,  ,60,74,  ,]
[ ,15,  ,39,43,  ,67,76,  ,]

[ ,12,  ,30,49,53,  ,  ,86,]
[6,  ,27,  ,  ,55,  ,78,90,]
[7,14,  ,34,  ,  ,68,79,  ,]

[ ,18,21,  ,40,54,  ,  ,85,]
[ ,  ,  ,38,46,56,61,  ,89,]
[8,  ,22,  ,47,  ,64,73,  ,]

[ ,11,20,  ,44,  ,63,  ,83,]
[ ,  ,24,35,45,52,  ,  ,88,]
[4,  ,25,36,  ,  ,69,75,  ,]

[ ,10,  ,39,  ,51,  ,74,84,]
[6,12,21,  ,  ,  ,64,  ,90,]
[ ,  ,29,  ,44,56,66,77,  ,]

[1,  ,20,  ,47,  ,68,73,  ,]
[ ,13,  ,31,  ,53,  ,78,85,]
[4,18,  ,37,  ,59,  ,  ,86,]

[3,  ,23,  ,41,57,  ,  ,88,]
[9,11,  ,34,  ,  ,62,72,  ,]
[ ,14,  ,38,49,  ,65,75,  ,]

[ ,15,  ,30,40,50,  ,  ,82,]
[5,  ,26,  ,  ,52,  ,70,83,]
[7,16,  ,32,  ,  ,61,71,  ,]

[ ,17,22,  ,42,54,  ,  ,87,]
[ ,  ,  ,33,45,58,60,  ,89,]
[8,  ,24,  ,46,  ,67,76,  ,]

[ ,19,25,  ,43,  ,63,  ,80,]
[ ,  ,27,35,48,55,  ,  ,81,]
[2,  ,28,36,  ,  ,69,79,  ,]

[8,15,  ,  ,  ,  ,67,73,81,]
[ ,16,21,  ,49,50,  ,  ,85,]
[ ,  ,25,38,  ,55,69,75,  ,]

[3,  ,29,  ,47,  ,63,72,  ,]
[ ,11,  ,32,  ,51,  ,78,84,]
[9,18,  ,35,  ,59,  ,  ,89,]

[5,  ,26,  ,40,53,  ,  ,88,]
[7,10,  ,30,  ,  ,60,70,  ,]
[ ,13,  ,39,43,  ,61,71,  ,]

[ ,12,  ,34,41,52,  ,  ,80,]
[2,  ,28,  ,  ,54,  ,74,83,]
[4,19,  ,37,  ,  ,65,79,  ,]

[ ,14,22,  ,42,57,  ,  ,82,]
[ ,  ,  ,36,46,58,66,  ,86,]
[1,  ,24,  ,48,  ,68,77,  ,]

[ ,17,20,  ,44,  ,62,  ,87,]
[ ,  ,23,31,45,56,  ,  ,90,]
[6,  ,27,33,  ,  ,64,76,  ,]

[7,10,  ,  ,  ,52,  ,75,80,]
[ ,16,24,38,  ,  ,64,  ,89,]
[ ,  ,29,  ,44,59,68,78,  ,]

[2,  ,26,  ,41,  ,63,70,  ,]
[ ,11,  ,31,  ,56,  ,76,82,]
[3,13,  ,33,  ,57,  ,  ,86,]

[4,  ,20,  ,43,58,  ,  ,83,]
[8,12,  ,35,  ,  ,60,72,  ,]
[ ,18,  ,37,46,  ,65,77,  ,]

[ ,15,  ,30,42,51,  ,  ,87,]
[1,  ,21,  ,  ,54,  ,71,88,]
[5,17,  ,32,  ,  ,61,79,  ,]

[ ,14,22,  ,40,50,  ,  ,84,]
[ ,  ,  ,39,47,53,66,  ,90,]
[9,  ,25,  ,48,  ,67,73,  ,]

[ ,19,23,  ,45,  ,62,  ,81,]
[ ,  ,27,34,49,55,  ,  ,85,]
[6,  ,28,36,  ,  ,69,74,  ,]

[ ,  ,22,35,  ,53,  ,70,83,]
[1,13,24,  ,  ,  ,63,  ,88,]
[ ,19,  ,  ,47,59,64,76,  ,]

[2,  ,21,  ,43,  ,62,71,  ,]
[ ,11,  ,31,  ,55,  ,72,80,]
[9,12,  ,37,  ,57,  ,  ,90,]

[4,  ,23,  ,44,56,  ,  ,87,]
[5,17,  ,33,  ,  ,66,74,  ,]
[ ,18,  ,38,46,  ,67,75,  ,]

[ ,14,  ,30,41,54,  ,  ,86,]
[6,  ,25,  ,  ,58,  ,77,89,]
[7,16,  ,34,  ,  ,61,79,  ,]

[ ,15,27,  ,40,51,  ,  ,81,]
[ ,  ,  ,32,45,52,60,  ,82,]
[3,  ,28,  ,49,  ,65,73,  ,]

[ ,10,20,  ,42,  ,68,  ,84,]
[ ,  ,26,36,48,50,  ,  ,85,]
[8,  ,29,39,  ,  ,69,78,  ,]

[1,  ,22,  ,  ,52,  ,77,86,]
[ ,13,29,35,  ,  ,65,  ,87,]
[ ,16,  ,  ,48,59,66,79,  ,]

[2,  ,20,  ,46,  ,68,74,  ,]
[ ,14,  ,32,  ,50,  ,75,82,]
[5,17,  ,39,  ,51,  ,  ,90,]

[7,  ,27,  ,41,57,  ,  ,85,]
[9,10,  ,34,  ,  ,62,71,  ,]
[ ,18,  ,38,44,  ,67,78,  ,]

[ ,15,  ,31,40,53,  ,  ,84,]
[3,  ,24,  ,  ,58,  ,70,89,]
[4,19,  ,33,  ,  ,69,73,  ,]

[ ,12,25,  ,42,54,  ,  ,81,]
[ ,  ,  ,37,43,56,61,  ,83,]
[6,  ,28,  ,45,  ,63,72,  ,]

[ ,11,21,  ,47,  ,60,  ,80,]
[ ,  ,23,30,49,55,  ,  ,88,]
[8,  ,26,36,  ,  ,64,76,  ,]

[ ,  ,24,37,  ,50,  ,71,88,]
[4,12,26,  ,  ,  ,60,  ,89,]
[ ,19,  ,  ,49,52,64,72,  ,]

[1,  ,23,  ,41,  ,62,73,  ,]
[ ,11,  ,38,  ,51,  ,78,80,]
[5,15,  ,39,  ,54,  ,  ,90,]

[6,  ,28,  ,42,56,  ,  ,84,]
[8,10,  ,31,  ,  ,65,75,  ,]
[ ,13,  ,36,45,  ,67,76,  ,]

[ ,16,  ,30,43,57,  ,  ,83,]
[2,  ,29,  ,  ,59,  ,70,87,]
[3,17,  ,32,  ,  ,68,74,  ,]

[ ,14,25,  ,40,55,  ,  ,81,]
[ ,  ,  ,34,46,58,61,  ,86,]
[9,  ,27,  ,48,  ,63,77,  ,]

[ ,18,20,  ,44,  ,66,  ,82,]
[ ,  ,21,33,47,53,  ,  ,85,]
[7,  ,22,35,  ,  ,69,79,  ,]

[ ,  ,21,  ,41,53,61,76,  ,]
[ ,12,24,39,  ,  ,63,  ,88,]
[9,16,  ,  ,  ,55,  ,77,89,]

[3,  ,26,  ,42,  ,66,71,  ,]
[ ,11,  ,32,  ,54,  ,72,80,]
[4,18,  ,37,  ,58,  ,  ,85,]

[2,  ,29,  ,46,56,  ,  ,83,]
[7,13,  ,30,  ,  ,60,78,  ,]
[ ,15,  ,38,49,  ,64,79,  ,]

[ ,14,  ,31,44,51,  ,  ,81,]
[5,  ,22,  ,  ,59,  ,70,86,]
[8,19,  ,34,  ,  ,69,75,  ,]

[ ,10,25,  ,40,50,  ,  ,82,]
[ ,  ,  ,35,47,57,65,  ,87,]
[1,  ,28,  ,48,  ,68,74,  ,]

[ ,17,20,  ,43,  ,62,  ,84,]
[ ,  ,23,33,45,52,  ,  ,90,]
[6,  ,27,36,  ,  ,67,73,  ,]

[ ,  ,21,39,  ,  ,61,74,82,]
[9,10,28,  ,  ,56,  ,  ,83,]
[ ,15,  ,  ,42,59,64,79,  ,]

[4,  ,22,  ,48,  ,60,72,  ,]
[ ,13,  ,31,  ,53,  ,76,85,]
[8,14,  ,35,  ,55,  ,  ,88,]

[2,  ,25,  ,44,58,  ,  ,80,]
[3,16,  ,33,  ,  ,63,70,  ,]
[ ,18,  ,34,45,  ,69,78,  ,]

[ ,12,  ,30,47,51,  ,  ,86,]
[6,  ,29,  ,  ,54,  ,71,87,]
[7,19,  ,36,  ,  ,67,73,  ,]

[ ,17,20,  ,40,52,  ,  ,84,]
[ ,  ,  ,32,41,57,65,  ,90,]
[5,  ,26,  ,49,  ,66,77,  ,]

[ ,11,23,  ,43,  ,62,  ,81,]
[ ,  ,24,37,46,50,  ,  ,89,]
[1,  ,27,38,  ,  ,68,75,  ,]

[2,  ,22,  ,  ,58,  ,70,80,]
[ ,15,23,  ,49,59,63,  ,  ,]
[ ,18,  ,37,  ,  ,67,72,84,]

[3,  ,20,  ,48,  ,61,73,  ,]
[ ,12,  ,36,  ,51,  ,74,81,]
[9,14,  ,38,  ,55,  ,  ,90,]

[4,  ,21,  ,41,52,  ,  ,89,]
[7,13,  ,32,  ,  ,64,77,  ,]
[ ,16,  ,39,47,  ,69,79,  ,]

[ ,17,  ,33,46,50,  ,  ,83,]
[1,  ,25,  ,  ,53,  ,71,88,]
[8,19,  ,34,  ,  ,60,76,  ,]

[ ,10,24,  ,42,56,  ,  ,86,]
[ ,  ,  ,31,44,57,66,  ,87,]
[6,  ,28,  ,45,  ,68,78,  ,]

[ ,11,26,  ,40,  ,62,  ,82,]
[ ,  ,27,30,43,54,  ,  ,85,]
[5,  ,29,35,  ,  ,65,75,  ,]

[ ,15,  ,  ,49,  ,67,70,80,]
[ ,16,21,37,  ,54,69,  ,  ,]
[7,  ,28,  ,  ,59,  ,77,86,]

[3,  ,23,  ,46,  ,62,73,  ,]
[ ,14,  ,34,  ,53,  ,79,81,]
[5,18,  ,36,  ,55,  ,  ,88,]

[2,  ,24,  ,42,58,  ,  ,85,]
[6,11,  ,31,  ,  ,61,71,  ,]
[ ,17,  ,32,47,  ,63,76,  ,]

[ ,10,  ,38,48,50,  ,  ,82,]
[1,  ,27,  ,  ,52,  ,72,83,]
[8,13,  ,39,  ,  ,66,75,  ,]

[ ,12,25,  ,41,51,  ,  ,84,]
[ ,  ,  ,33,43,56,65,  ,90,]
[9,  ,29,  ,44,  ,68,74,  ,]

[ ,19,20,  ,40,  ,60,  ,87,]
[ ,  ,22,30,45,57,  ,  ,89,]
[4,  ,26,35,  ,  ,64,78,  ,]

[ ,  ,28,  ,45,51,63,71,  ,]
[ ,13,29,34,  ,59,  ,  ,82,]
[3,19,  ,  ,  ,  ,67,79,84,]

[5,  ,27,  ,42,  ,62,70,  ,]
[ ,11,  ,36,  ,52,  ,74,85,]
[7,15,  ,37,  ,58,  ,  ,86,]

[1,  ,21,  ,43,50,  ,  ,87,]
[8,12,  ,32,  ,  ,64,73,  ,]
[ ,17,  ,35,47,  ,69,75,  ,]

[ ,10,  ,31,46,53,  ,  ,83,]
[4,  ,20,  ,  ,54,  ,77,88,]
[9,16,  ,39,  ,  ,68,78,  ,]

[ ,14,25,  ,40,56,  ,  ,80,]
[ ,  ,  ,38,48,57,60,  ,89,]
[2,  ,26,  ,49,  ,65,72,  ,]

[ ,18,22,  ,41,  ,61,  ,81,]
[ ,  ,23,30,44,55,  ,  ,90,]
[6,  ,24,33,  ,  ,66,76,  ,]

[ ,  ,21,  ,41,54,63,74,  ,]
[ ,10,26,31,  ,  ,66,  ,87,]
[6,15,  ,  ,  ,55,  ,78,90,]

[3,  ,23,  ,46,  ,62,70,  ,]
[ ,16,  ,35,  ,52,  ,71,81,]
[4,18,  ,37,  ,53,  ,  ,88,]

[8,  ,20,  ,42,57,  ,  ,85,]
[9,13,  ,32,  ,  ,61,72,  ,]
[ ,17,  ,38,44,  ,69,76,  ,]

[ ,12,  ,33,48,51,  ,  ,86,]
[1,  ,29,  ,  ,59,  ,73,89,]
[2,14,  ,39,  ,  ,64,77,  ,]

[ ,19,27,  ,40,50,  ,  ,83,]
[ ,  ,  ,30,45,56,67,  ,84,]
[7,  ,28,  ,49,  ,68,75,  ,]

[ ,11,22,  ,43,  ,60,  ,80,]
[ ,  ,24,34,47,58,  ,  ,82,]
[5,  ,25,36,  ,  ,65,79,  ,]

[ ,10,  ,39,  ,56,63,71,  ,]
[ ,19,25,  ,43,57,  ,  ,80,]
[3,  ,27,  ,  ,  ,65,73,90,]

[1,  ,28,  ,40,  ,61,75,  ,]
[ ,16,  ,30,  ,53,  ,76,82,]
[8,17,  ,35,  ,59,  ,  ,85,]

[2,  ,24,  ,41,55,  ,  ,81,]
[4,12,  ,33,  ,  ,60,74,  ,]
[ ,18,  ,38,49,  ,69,78,  ,]

[ ,13,  ,31,44,50,  ,  ,84,]
[6,  ,21,  ,  ,52,  ,70,88,]
[7,14,  ,32,  ,  ,64,79,  ,]

[ ,11,20,  ,42,51,  ,  ,86,]
[ ,  ,  ,36,46,58,62,  ,87,]
[5,  ,23,  ,48,  ,67,77,  ,]

[ ,15,22,  ,45,  ,66,  ,83,]
[ ,  ,26,34,47,54,  ,  ,89,]
[9,  ,29,37,  ,  ,68,72,  ,]

[3,  ,21,  ,  ,50,61,70,  ,]
[ ,10,22,  ,42,55,  ,  ,81,]
[ ,16,  ,37,  ,  ,65,76,88,]

[1,  ,24,  ,44,  ,63,72,  ,]
[ ,18,  ,30,  ,53,  ,74,82,]
[4,19,  ,31,  ,59,  ,  ,86,]

[6,  ,28,  ,40,56,  ,  ,85,]
[9,13,  ,32,  ,  ,60,75,  ,]
[ ,15,  ,36,49,  ,69,79,  ,]

[ ,11,  ,34,41,51,  ,  ,89,]
[2,  ,20,  ,  ,54,  ,71,90,]
[7,17,  ,38,  ,  ,62,73,  ,]

[ ,12,23,  ,46,52,  ,  ,80,]
[ ,  ,  ,33,47,57,64,  ,87,]
[5,  ,25,  ,48,  ,67,78,  ,]

[ ,14,26,  ,43,  ,66,  ,83,]
[ ,  ,27,35,45,58,  ,  ,84,]
[8,  ,29,39,  ,  ,68,77,  ,]

[ ,  ,20,36,  ,  ,64,70,85,]
[ ,11,28,  ,49,53,67,  ,  ,]
[5,14,  ,  ,  ,58,  ,74,86,]

[7,  ,26,  ,42,  ,65,72,  ,]
[ ,18,  ,34,  ,56,  ,77,82,]
[9,19,  ,39,  ,57,  ,  ,90,]

[2,  ,21,  ,43,59,  ,  ,89,]
[8,15,  ,30,  ,  ,62,75,  ,]
[ ,16,  ,33,48,  ,69,76,  ,]

[ ,12,  ,32,41,51,  ,  ,80,]
[1,  ,22,  ,  ,54,  ,71,84,]
[4,13,  ,38,  ,  ,61,79,  ,]

[ ,10,23,  ,40,50,  ,  ,81,]
[ ,  ,  ,31,45,55,63,  ,88,]
[3,  ,27,  ,46,  ,68,78,  ,]

[ ,17,24,  ,44,  ,60,  ,83,]
[ ,  ,25,35,47,52,  ,  ,87,]
[6,  ,29,37,  ,  ,66,73,  ,]

[ ,  ,23,  ,49,  ,63,71,82,]
[ ,12,28,30,  ,51,  ,  ,85,]
[9,15,  ,  ,  ,52,69,79,  ,]

[4,  ,22,  ,42,  ,68,72,  ,]
[ ,17,  ,37,  ,50,  ,78,86,]
[5,19,  ,38,  ,59,  ,  ,87,]

[6,  ,24,  ,44,54,  ,  ,81,]
[7,11,  ,31,  ,  ,60,74,  ,]
[ ,14,  ,39,46,  ,62,76,  ,]

[ ,13,  ,33,48,56,  ,  ,84,]
[1,  ,29,  ,  ,57,  ,70,90,]
[8,18,  ,36,  ,  ,67,77,  ,]

[ ,16,20,  ,40,53,  ,  ,80,]
[ ,  ,  ,35,43,55,61,  ,89,]
[3,  ,21,  ,45,  ,65,73,  ,]

[ ,10,25,  ,41,  ,64,  ,83,]
[ ,  ,26,32,47,58,  ,  ,88,]
[2,  ,27,34,  ,  ,66,75,  ,]

[7,  ,20,  ,  ,54,  ,70,81,]
[ ,13,23,  ,48,  ,61,  ,89,]
[ ,19,  ,36,  ,59,66,72,  ,]

[3,  ,28,  ,42,  ,69,74,  ,]
[ ,14,  ,34,  ,50,  ,76,82,]
[5,17,  ,39,  ,58,  ,  ,90,]

[2,  ,26,  ,47,52,  ,  ,88,]
[8,15,  ,32,  ,  ,60,71,  ,]
[ ,18,  ,37,49,  ,62,77,  ,]

[ ,10,  ,30,46,56,  ,  ,80,]
[4,  ,24,  ,  ,57,  ,78,85,]
[9,16,  ,31,  ,  ,64,79,  ,]

[ ,11,25,  ,40,51,  ,  ,84,]
[ ,  ,  ,38,41,53,63,  ,86,]
[6,  ,27,  ,44,  ,65,75,  ,]

[ ,12,21,  ,43,  ,67,  ,83,]
[ ,  ,22,33,45,55,  ,  ,87,]
[1,  ,29,35,  ,  ,68,73,  ,]

[5,  ,25,  ,  ,50,61,75,  ,]
[ ,15,29,32,  ,  ,64,  ,85,]
[ ,16,  ,  ,44,53,  ,79,90,]

[1,  ,22,  ,47,  ,69,71,  ,]
[ ,10,  ,34,  ,51,  ,72,86,]
[9,12,  ,37,  ,54,  ,  ,87,]

[6,  ,20,  ,42,55,  ,  ,89,]
[7,18,  ,31,  ,  ,60,73,  ,]
[ ,19,  ,35,48,  ,66,78,  ,]

[ ,11,  ,36,40,57,  ,  ,80,]
[4,  ,27,  ,  ,59,  ,70,83,]
[8,14,  ,39,  ,  ,68,74,  ,]

[ ,13,24,  ,41,52,  ,  ,82,]
[ ,  ,  ,30,46,58,63,  ,84,]
[2,  ,28,  ,49,  ,65,76,  ,]

[ ,17,21,  ,43,  ,62,  ,81,]
[ ,  ,23,33,45,56,  ,  ,88,]
[3,  ,26,38,  ,  ,67,77,  ,]

[ ,  ,24,  ,41,  ,60,72,86,]
[ ,12,25,39,  ,51,  ,  ,89,]
[2,15,  ,  ,  ,53,64,74,  ,]

[3,  ,21,  ,40,  ,67,70,  ,]
[ ,10,  ,33,  ,54,  ,73,80,]
[8,19,  ,38,  ,55,  ,  ,83,]

[4,  ,29,  ,46,52,  ,  ,84,]
[5,11,  ,32,  ,  ,61,75,  ,]
[ ,18,  ,37,48,  ,62,76,  ,]

[ ,13,  ,30,43,50,  ,  ,85,]
[7,  ,20,  ,  ,58,  ,77,90,]
[9,17,  ,35,  ,  ,68,79,  ,]

[ ,14,23,  ,42,57,  ,  ,87,]
[ ,  ,  ,34,44,59,63,  ,88,]
[1,  ,26,  ,49,  ,65,78,  ,]

[ ,16,22,  ,45,  ,66,  ,81,]
[ ,  ,27,31,47,56,  ,  ,82,]
[6,  ,28,36,  ,  ,69,71,  ,]

[ ,10,  ,  ,44,52,  ,70,80,]
[ ,12,21,31,  ,  ,61,  ,85,]
[1,  ,23,  ,  ,57,66,78,  ,]

[4,  ,28,  ,47,  ,62,72,  ,]
[ ,11,  ,32,  ,53,  ,74,82,]
[5,17,  ,37,  ,55,  ,  ,87,]

[7,  ,29,  ,41,51,  ,  ,88,]
[8,13,  ,35,  ,  ,63,71,  ,]
[ ,14,  ,36,46,  ,69,73,  ,]

[ ,15,  ,33,40,54,  ,  ,83,]
[2,  ,24,  ,  ,56,  ,75,89,]
[3,19,  ,38,  ,  ,64,79,  ,]

[ ,18,22,  ,42,50,  ,  ,81,]
[ ,  ,  ,30,43,58,67,  ,90,]
[6,  ,26,  ,45,  ,68,76,  ,]

[ ,16,20,  ,48,  ,60,  ,84,]
[ ,  ,25,34,49,59,  ,  ,86,]
[9,  ,27,39,  ,  ,65,77,  ,]

[ ,  ,21,  ,49,53,  ,71,84,]
[ ,11,29,31,  ,  ,66,  ,87,]
[2,13,  ,  ,  ,57,68,72,  ,]

[4,  ,20,  ,48,  ,62,75,  ,]
[ ,10,  ,33,  ,50,  ,77,81,]
[7,16,  ,34,  ,58,  ,  ,90,]

[1,  ,28,  ,46,51,  ,  ,86,]
[3,15,  ,37,  ,  ,64,78,  ,]
[ ,18,  ,38,47,  ,67,79,  ,]

[ ,14,  ,30,42,55,  ,  ,80,]
[5,  ,23,  ,  ,59,  ,73,88,]
[9,19,  ,32,  ,  ,63,76,  ,]

[ ,12,22,  ,40,52,  ,  ,83,]
[ ,  ,  ,36,41,54,65,  ,85,]
[8,  ,25,  ,44,  ,69,74,  ,]

[ ,17,24,  ,43,  ,60,  ,82,]
[ ,  ,26,35,45,56,  ,  ,89,]
[6,  ,27,39,  ,  ,61,70,  ,]

[ ,13,  ,  ,42,54,65,78,  ,]
[6,16,25,  ,  ,  ,68,  ,81,]
[ ,  ,27,30,  ,57,  ,79,88,]

[1,  ,24,  ,41,  ,60,75,  ,]
[ ,18,  ,31,  ,53,  ,77,82,]
[5,19,  ,32,  ,56,  ,  ,83,]

[7,  ,21,  ,44,58,  ,  ,87,]
[9,11,  ,35,  ,  ,66,72,  ,]
[ ,12,  ,39,48,  ,69,74,  ,]

[ ,15,  ,34,49,51,  ,  ,85,]
[2,  ,29,  ,  ,55,  ,70,89,]
[8,17,  ,38,  ,  ,64,73,  ,]

[ ,10,22,  ,40,50,  ,  ,84,]
[ ,  ,  ,36,43,52,63,  ,86,]
[4,  ,23,  ,46,  ,67,76,  ,]

[ ,14,20,  ,45,  ,61,  ,80,]
[ ,  ,26,33,47,59,  ,  ,90,]
[3,  ,28,37,  ,  ,62,71,  ,]

[ ,  ,24,34,  ,54,  ,71,84,]
[ ,13,25,  ,44,57,60,  ,  ,]
[1,15,  ,  ,  ,  ,65,79,89,]

[2,  ,22,  ,41,  ,67,72,  ,]
[ ,12,  ,31,  ,51,  ,73,81,]
[3,14,  ,38,  ,55,  ,  ,82,]

[5,  ,21,  ,43,59,  ,  ,90,]
[6,16,  ,35,  ,  ,62,74,  ,]
[ ,19,  ,39,45,  ,68,78,  ,]

[ ,11,  ,32,48,50,  ,  ,86,]
[4,  ,26,  ,  ,52,  ,70,88,]
[9,17,  ,33,  ,  ,64,75,  ,]

[ ,18,20,  ,40,56,  ,  ,85,]
[ ,  ,  ,37,46,58,63,  ,87,]
[7,  ,29,  ,49,  ,69,76,  ,]

[ ,10,23,  ,42,  ,61,  ,80,]
[ ,  ,27,30,47,53,  ,  ,83,]
[8,  ,28,36,  ,  ,66,77,  ,]

[5,12,  ,  ,  ,51,  ,71,82,]
[ ,17,26,  ,48,58,62,  ,  ,]
[ ,  ,29,39,  ,  ,67,79,89,]

[1,  ,20,  ,42,  ,60,70,  ,]
[ ,13,  ,36,  ,54,  ,78,83,]
[7,19,  ,37,  ,59,  ,  ,88,]

[2,  ,25,  ,41,55,  ,  ,87,]
[4,10,  ,32,  ,  ,63,73,  ,]
[ ,15,  ,35,43,  ,69,76,  ,]

[ ,16,  ,31,49,50,  ,  ,84,]
[8,  ,22,  ,  ,57,  ,74,85,]
[9,18,  ,33,  ,  ,68,75,  ,]

[ ,14,23,  ,40,52,  ,  ,80,]
[ ,  ,  ,38,44,56,65,  ,86,]
[3,  ,24,  ,45,  ,66,77,  ,]

[ ,11,21,  ,46,  ,61,  ,81,]
[ ,  ,27,30,47,53,  ,  ,90,]
[6,  ,28,34,  ,  ,64,72,  ,]

[7,  ,20,  ,  ,  ,66,74,88,]
[ ,11,26,  ,42,56,  ,  ,89,]
[ ,16,  ,30,  ,59,69,78,  ,]

[6,  ,23,  ,47,  ,61,70,  ,]
[ ,13,  ,32,  ,50,  ,71,81,]
[9,18,  ,36,  ,55,  ,  ,90,]

[2,  ,28,  ,41,52,  ,  ,87,]
[4,14,  ,34,  ,  ,63,75,  ,]
[ ,19,  ,37,43,  ,67,77,  ,]

[ ,12,  ,31,49,53,  ,  ,80,]
[3,  ,21,  ,  ,57,  ,72,82,]
[8,15,  ,35,  ,  ,65,76,  ,]

[ ,10,27,  ,44,51,  ,  ,84,]
[ ,  ,  ,38,45,58,62,  ,86,]
[1,  ,29,  ,48,  ,64,73,  ,]

[ ,17,22,  ,40,  ,60,  ,83,]
[ ,  ,24,33,46,54,  ,  ,85,]
[5,  ,25,39,  ,  ,68,79,  ,]

[ ,14,  ,  ,44,50,  ,75,83,]
[ ,19,20,39,  ,51,62,  ,  ,]
[9,  ,27,  ,  ,  ,68,79,87,]

[3,  ,28,  ,49,  ,64,73,  ,]
[ ,13,  ,34,  ,56,  ,76,84,]
[7,18,  ,38,  ,59,  ,  ,88,]

[1,  ,29,  ,45,53,  ,  ,82,]
[6,12,  ,32,  ,  ,61,74,  ,]
[ ,17,  ,36,48,  ,67,78,  ,]

[ ,15,  ,30,43,55,  ,  ,85,]
[2,  ,24,  ,  ,57,  ,71,86,]
[4,16,  ,31,  ,  ,66,77,  ,]

[ ,11,23,  ,40,52,  ,  ,80,]
[ ,  ,  ,35,41,58,60,  ,81,]
[5,  ,26,  ,47,  ,69,72,  ,]

[ ,10,21,  ,42,  ,63,  ,89,]
[ ,  ,22,33,46,54,  ,  ,90,]
[8,  ,25,37,  ,  ,65,70,  ,]

[ ,16,  ,  ,40,52,  ,73,81,]
[1,18,22,  ,  ,56,62,  ,  ,]
[ ,  ,26,32,  ,  ,66,75,86,]

[5,  ,29,  ,44,  ,65,74,  ,]
[ ,12,  ,34,  ,51,  ,77,83,]
[6,19,  ,36,  ,57,  ,  ,85,]

[3,  ,27,  ,43,54,  ,  ,82,]
[8,11,  ,30,  ,  ,61,76,  ,]
[ ,15,  ,37,48,  ,64,79,  ,]

[ ,13,  ,31,49,50,  ,  ,87,]
[2,  ,28,  ,  ,55,  ,70,89,]
[7,14,  ,39,  ,  ,67,71,  ,]

[ ,17,23,  ,41,53,  ,  ,88,]
[ ,  ,  ,35,42,59,60,  ,90,]
[9,  ,24,  ,47,  ,63,72,  ,]

[ ,10,20,  ,45,  ,68,  ,80,]
[ ,  ,21,33,46,58,  ,  ,84,]
[4,  ,25,38,  ,  ,69,78,  ,]

[ ,  ,21,  ,45,55,67,72,  ,]
[ ,12,29,34,  ,  ,68,  ,82,]
[4,15,  ,  ,  ,56,  ,76,86,]

[2,  ,24,  ,48,  ,62,75,  ,]
[ ,11,  ,30,  ,54,  ,77,84,]
[3,19,  ,36,  ,58,  ,  ,87,]

[1,  ,22,  ,43,52,  ,  ,80,]
[9,16,  ,31,  ,  ,64,73,  ,]
[ ,18,  ,37,46,  ,66,79,  ,]

[ ,13,  ,32,49,53,  ,  ,81,]
[5,  ,28,  ,  ,59,  ,70,83,]
[6,17,  ,39,  ,  ,63,78,  ,]

[ ,10,23,  ,40,51,  ,  ,85,]
[ ,  ,  ,33,42,57,61,  ,89,]
[8,  ,25,  ,47,  ,65,71,  ,]

[ ,14,20,  ,41,  ,60,  ,88,]
[ ,  ,26,35,44,50,  ,  ,90,]
[7,  ,27,38,  ,  ,69,74,  ,]

[ ,18,  ,  ,42,  ,61,71,85,]
[ ,19,22,35,  ,55,69,  ,  ,]
[7,  ,28,  ,  ,56,  ,79,86,]

[5,  ,21,  ,46,  ,66,76,  ,]
[ ,11,  ,34,  ,51,  ,77,83,]
[8,15,  ,37,  ,52,  ,  ,89,]

[4,  ,23,  ,43,50,  ,  ,87,]
[9,12,  ,33,  ,  ,62,73,  ,]
[ ,13,  ,39,45,  ,64,78,  ,]

[ ,14,  ,30,41,57,  ,  ,82,]
[2,  ,25,  ,  ,58,  ,70,88,]
[6,16,  ,38,  ,  ,68,75,  ,]

[ ,10,26,  ,47,54,  ,  ,80,]
[ ,  ,  ,36,48,59,65,  ,81,]
[3,  ,27,  ,49,  ,67,72,  ,]

[ ,17,20,  ,40,  ,60,  ,84,]
[ ,  ,24,31,44,53,  ,  ,90,]
[1,  ,29,32,  ,  ,63,74,  ,]

[ ,  ,23,  ,48,52,  ,74,81,]
[ ,12,26,34,  ,57,62,  ,  ,]
[1,18,  ,  ,  ,  ,68,79,84,]

[7,  ,22,  ,47,  ,61,75,  ,]
[ ,10,  ,32,  ,51,  ,76,89,]
[8,15,  ,38,  ,58,  ,  ,90,]

[5,  ,21,  ,40,56,  ,  ,85,]
[6,14,  ,35,  ,  ,60,72,  ,]
[ ,17,  ,37,42,  ,67,73,  ,]

[ ,16,  ,36,49,53,  ,  ,80,]
[3,  ,29,  ,  ,54,  ,77,86,]
[4,19,  ,39,  ,  ,64,78,  ,]

[ ,11,27,  ,41,55,  ,  ,83,]
[ ,  ,  ,31,43,59,65,  ,88,]
[2,  ,28,  ,46,  ,69,71,  ,]

[ ,13,20,  ,44,  ,63,  ,82,]
[ ,  ,24,30,45,50,  ,  ,87,]
[9,  ,25,33,  ,  ,66,70,  ,]

[ ,15,  ,39,  ,51,62,76,  ,]
[ ,16,20,  ,42,56,  ,  ,81,]
[4,  ,25,  ,  ,  ,68,78,89,]

[1,  ,26,  ,45,  ,67,75,  ,]
[ ,14,  ,30,  ,53,  ,79,87,]
[5,19,  ,37,  ,57,  ,  ,88,]

[7,  ,24,  ,40,54,  ,  ,90,]
[8,10,  ,33,  ,  ,64,70,  ,]
[ ,17,  ,38,46,  ,69,77,  ,]

[ ,13,  ,31,43,50,  ,  ,83,]
[2,  ,23,  ,  ,55,  ,73,86,]
[6,18,  ,36,  ,  ,61,74,  ,]

[ ,11,22,  ,44,52,  ,  ,80,]
[ ,  ,  ,32,48,59,65,  ,84,]
[3,  ,29,  ,49,  ,66,71,  ,]

[ ,12,21,  ,41,  ,60,  ,82,]
[ ,  ,27,34,47,58,  ,  ,85,]
[9,  ,28,35,  ,  ,63,72,  ,]

[ ,  ,20,35,  ,  ,60,72,82,]
[ ,12,27,  ,45,54,  ,  ,84,]
[5,13,  ,  ,  ,59,63,78,  ,]

[2,  ,29,  ,44,  ,68,71,  ,]
[ ,15,  ,32,  ,50,  ,77,86,]
[7,17,  ,37,  ,53,  ,  ,89,]

[1,  ,22,  ,42,52,  ,  ,81,]
[6,10,  ,34,  ,  ,67,73,  ,]
[ ,16,  ,39,47,  ,69,74,  ,]

[ ,14,  ,31,48,51,  ,  ,80,]
[4,  ,25,  ,  ,56,  ,76,85,]
[8,18,  ,33,  ,  ,62,79,  ,]

[ ,19,26,  ,40,55,  ,  ,87,]
[ ,  ,  ,38,43,57,61,  ,88,]
[9,  ,28,  ,46,  ,64,75,  ,]

[ ,11,21,  ,41,  ,65,  ,83,]
[ ,  ,23,30,49,58,  ,  ,90,]
[3,  ,24,36,  ,  ,66,70,  ,]

[ ,15,  ,  ,44,50,63,70,  ,]
[7,17,23,  ,  ,56,  ,  ,81,]
[ ,  ,24,39,  ,  ,64,75,87,]

[5,  ,21,  ,42,  ,68,73,  ,]
[ ,18,  ,35,  ,54,  ,78,80,]
[8,19,  ,38,  ,55,  ,  ,89,]

[4,  ,25,  ,43,53,  ,  ,85,]
[6,13,  ,30,  ,  ,65,72,  ,]
[ ,16,  ,34,48,  ,67,77,  ,]

[ ,10,  ,31,49,57,  ,  ,82,]
[2,  ,28,  ,  ,58,  ,71,90,]
[9,11,  ,32,  ,  ,61,74,  ,]

[ ,14,20,  ,40,51,  ,  ,84,]
[ ,  ,  ,37,41,59,66,  ,88,]
[1,  ,27,  ,46,  ,69,79,  ,]

[ ,12,22,  ,45,  ,60,  ,83,]
[ ,  ,26,33,47,52,  ,  ,86,]
[3,  ,29,36,  ,  ,62,76,  ,]

[4,  ,25,  ,  ,53,61,74,  ,]
[ ,15,26,  ,42,55,  ,  ,85,]
[ ,18,  ,30,  ,  ,66,78,87,]

[3,  ,20,  ,44,  ,64,71,  ,]
[ ,12,  ,34,  ,56,  ,73,82,]
[7,16,  ,35,  ,57,  ,  ,86,]

[2,  ,23,  ,40,51,  ,  ,89,]
[5,11,  ,31,  ,  ,63,76,  ,]
[ ,14,  ,36,49,  ,67,79,  ,]

[ ,10,  ,38,45,54,  ,  ,80,]
[8,  ,29,  ,  ,59,  ,75,88,]
[9,13,  ,39,  ,  ,60,77,  ,]

[ ,19,22,  ,41,50,  ,  ,83,]
[ ,  ,  ,37,43,58,62,  ,90,]
[6,  ,27,  ,47,  ,65,70,  ,]

[ ,17,21,  ,46,  ,68,  ,81,]
[ ,  ,24,32,48,52,  ,  ,84,]
[1,  ,28,33,  ,  ,69,72,  ,]

[ ,11,  ,34,  ,51,60,70,  ,]
[7,19,23,  ,  ,53,  ,  ,81,]
[ ,  ,29,  ,40,  ,61,75,84,]

[1,  ,20,  ,47,  ,65,72,  ,]
[ ,10,  ,30,  ,57,  ,74,85,]
[5,17,  ,39,  ,58,  ,  ,90,]

[3,  ,28,  ,43,59,  ,  ,89,]
[6,13,  ,32,  ,  ,64,76,  ,]
[ ,18,  ,36,46,  ,69,78,  ,]

[ ,12,  ,37,48,54,  ,  ,80,]
[4,  ,26,  ,  ,55,  ,77,88,]
[9,16,  ,38,  ,  ,66,79,  ,]

[ ,14,25,  ,41,52,  ,  ,83,]
[ ,  ,  ,35,44,56,62,  ,87,]
[2,  ,27,  ,49,  ,67,73,  ,]

[ ,15,21,  ,42,  ,63,  ,82,]
[ ,  ,22,31,45,50,  ,  ,86,]
[8,  ,24,33,  ,  ,68,71,  ,]

[ ,10,  ,  ,40,54,  ,72,84,]
[ ,12,24,39,  ,  ,64,  ,85,]
[5,  ,29,  ,  ,56,68,73,  ,]

[3,  ,22,  ,48,  ,60,70,  ,]
[ ,11,  ,31,  ,53,  ,74,86,]
[8,14,  ,38,  ,59,  ,  ,90,]

[1,  ,25,  ,42,57,  ,  ,83,]
[2,16,  ,32,  ,  ,61,71,  ,]
[ ,19,  ,35,49,  ,63,77,  ,]

[ ,15,  ,34,43,50,  ,  ,80,]
[4,  ,21,  ,  ,58,  ,78,88,]
[9,18,  ,36,  ,  ,67,79,  ,]

[ ,17,23,  ,44,51,  ,  ,81,]
[ ,  ,  ,30,45,52,65,  ,89,]
[6,  ,26,  ,47,  ,69,75,  ,]

[ ,13,20,  ,41,  ,62,  ,82,]
[ ,  ,27,33,46,55,  ,  ,87,]
[7,  ,28,37,  ,  ,66,76,  ,]

[ ,  ,24,34,  ,  ,60,76,83,]
[2,10,25,  ,  ,52,63,  ,  ,]
[ ,14,  ,  ,45,53,  ,77,88,]

[5,  ,20,  ,47,  ,61,72,  ,]
[ ,17,  ,32,  ,55,  ,75,82,]
[8,19,  ,33,  ,58,  ,  ,87,]

[4,  ,27,  ,44,51,  ,  ,89,]
[6,12,  ,31,  ,  ,67,73,  ,]
[ ,18,  ,35,46,  ,69,78,  ,]

[ ,11,  ,36,42,50,  ,  ,80,]
[1,  ,28,  ,  ,59,  ,71,84,]
[7,13,  ,37,  ,  ,64,74,  ,]

[ ,15,21,  ,40,56,  ,  ,81,]
[ ,  ,  ,39,41,57,66,  ,85,]
[9,  ,29,  ,49,  ,68,70,  ,]

[ ,16,22,  ,43,  ,62,  ,86,]
[ ,  ,23,30,48,54,  ,  ,90,]
[3,  ,26,38,  ,  ,65,79,  ,]

[ ,10,  ,35,  ,  ,62,70,81,]
[2,12,23,  ,  ,53,  ,  ,84,]
[ ,  ,28,  ,42,55,64,71,  ,]

[5,  ,26,  ,44,  ,67,72,  ,]
[ ,11,  ,31,  ,51,  ,76,80,]
[9,15,  ,34,  ,58,  ,  ,90,]

[3,  ,20,  ,43,52,  ,  ,88,]
[7,14,  ,36,  ,  ,63,74,  ,]
[ ,19,  ,38,49,  ,68,79,  ,]

[ ,16,  ,30,41,54,  ,  ,82,]
[4,  ,22,  ,  ,57,  ,73,87,]
[8,17,  ,33,  ,  ,66,75,  ,]

[ ,13,21,  ,40,56,  ,  ,83,]
[ ,  ,  ,39,46,59,65,  ,85,]
[1,  ,29,  ,48,  ,69,78,  ,]

[ ,18,24,  ,45,  ,60,  ,86,]
[ ,  ,25,32,47,50,  ,  ,89,]
[6,  ,27,37,  ,  ,61,77,  ,]

[3,  ,23,  ,  ,  ,62,73,80,]
[ ,14,28,31,  ,51,69,  ,  ,]
[ ,19,  ,  ,40,55,  ,74,88,]

[1,  ,27,  ,46,  ,61,70,  ,]
[ ,10,  ,36,  ,53,  ,76,82,]
[9,16,  ,39,  ,59,  ,  ,89,]

[7,  ,25,  ,47,54,  ,  ,83,]
[8,11,  ,37,  ,  ,64,72,  ,]
[ ,12,  ,38,48,  ,66,75,  ,]

[ ,13,  ,30,45,50,  ,  ,85,]
[4,  ,20,  ,  ,57,  ,78,90,]
[6,18,  ,33,  ,  ,67,79,  ,]

[ ,17,22,  ,41,52,  ,  ,81,]
[ ,  ,  ,34,44,58,65,  ,87,]
[2,  ,29,  ,49,  ,68,77,  ,]

[ ,15,21,  ,42,  ,60,  ,84,]
[ ,  ,24,32,43,56,  ,  ,86,]
[5,  ,26,35,  ,  ,63,71,  ,]

[ ,  ,21,  ,40,54,  ,78,82,]
[8,12,28,  ,  ,  ,61,  ,88,]
[ ,13,  ,37,  ,55,67,79,  ,]

[5,  ,25,  ,45,  ,64,74,  ,]
[ ,10,  ,32,  ,52,  ,76,85,]
[7,18,  ,33,  ,56,  ,  ,90,]

[3,  ,27,  ,42,58,  ,  ,84,]
[4,15,  ,34,  ,  ,65,71,  ,]
[ ,16,  ,39,43,  ,69,73,  ,]

[ ,11,  ,36,47,51,  ,  ,87,]
[6,  ,22,  ,  ,57,  ,72,89,]
[9,17,  ,38,  ,  ,68,77,  ,]

[ ,14,23,  ,41,53,  ,  ,80,]
[ ,  ,  ,30,46,59,60,  ,83,]
[1,  ,24,  ,49,  ,63,75,  ,]

[ ,19,20,  ,44,  ,62,  ,81,]
[ ,  ,26,31,48,50,  ,  ,86,]
[2,  ,29,35,  ,  ,66,70,  ,]

[ ,  ,23,  ,43,  ,62,70,83,]
[1,14,29,  ,  ,50,  ,  ,86,]
[ ,17,  ,35,  ,54,65,74,  ,]

[5,  ,27,  ,40,  ,63,73,  ,]
[ ,11,  ,34,  ,52,  ,79,84,]
[8,16,  ,38,  ,56,  ,  ,85,]

[4,  ,25,  ,44,51,  ,  ,89,]
[7,10,  ,33,  ,  ,60,72,  ,]
[ ,18,  ,39,45,  ,69,78,  ,]

[ ,12,  ,30,41,55,  ,  ,87,]
[2,  ,20,  ,  ,58,  ,75,90,]
[9,19,  ,31,  ,  ,68,76,  ,]

[ ,15,21,  ,42,57,  ,  ,82,]
[ ,  ,  ,37,48,59,61,  ,88,]
[3,  ,24,  ,49,  ,66,71,  ,]

[ ,13,22,  ,46,  ,64,  ,80,]
[ ,  ,26,32,47,53,  ,  ,81,]
[6,  ,28,36,  ,  ,67,77,  ,]

[1,  ,21,  ,  ,  ,63,70,83,]
[ ,11,28,  ,47,51,  ,  ,86,]
[ ,12,  ,39,  ,59,67,73,  ,]

[2,  ,26,  ,40,  ,65,76,  ,]
[ ,13,  ,30,  ,54,  ,79,87,]
[4,19,  ,35,  ,56,  ,  ,89,]

[6,  ,20,  ,44,58,  ,  ,88,]
[7,15,  ,33,  ,  ,62,77,  ,]
[ ,16,  ,38,45,  ,66,78,  ,]

[ ,10,  ,32,43,55,  ,  ,82,]
[3,  ,29,  ,  ,57,  ,71,90,]
[8,14,  ,37,  ,  ,61,74,  ,]

[ ,18,22,  ,42,52,  ,  ,84,]
[ ,  ,  ,31,48,53,64,  ,85,]
[9,  ,25,  ,49,  ,69,72,  ,]

[ ,17,23,  ,41,  ,60,  ,80,]
[ ,  ,24,34,46,50,  ,  ,81,]
[5,  ,27,36,  ,  ,68,75,  ,]

[ ,12,  ,38,  ,54,  ,74,88,]
[ ,19,21,  ,42,  ,62,  ,89,]
[2,  ,26,  ,  ,56,64,76,  ,]

[1,  ,27,  ,47,  ,60,75,  ,]
[ ,13,  ,30,  ,57,  ,78,84,]
[4,18,  ,39,  ,58,  ,  ,85,]

[6,  ,22,  ,43,53,  ,  ,82,]
[8,14,  ,32,  ,  ,61,73,  ,]
[ ,17,  ,34,45,  ,66,77,  ,]

[ ,10,  ,31,46,52,  ,  ,86,]
[7,  ,28,  ,  ,55,  ,71,90,]
[9,15,  ,36,  ,  ,68,72,  ,]

[ ,16,20,  ,41,51,  ,  ,83,]
[ ,  ,  ,33,44,59,63,  ,87,]
[3,  ,24,  ,49,  ,67,79,  ,]

[ ,11,23,  ,40,  ,65,  ,80,]
[ ,  ,25,35,48,50,  ,  ,81,]
[5,  ,29,37,  ,  ,69,70,  ,]

[2,  ,20,  ,  ,  ,61,72,83,]
[ ,12,23,  ,44,54,66,  ,  ,]
[ ,16,  ,36,  ,58,  ,73,90,]

[3,  ,26,  ,49,  ,64,71,  ,]
[ ,17,  ,32,  ,53,  ,74,81,]
[8,18,  ,33,  ,55,  ,  ,88,]

[6,  ,24,  ,47,50,  ,  ,82,]
[9,13,  ,35,  ,  ,60,75,  ,]
[ ,19,  ,39,48,  ,68,79,  ,]

[ ,14,  ,30,46,56,  ,  ,80,]
[1,  ,22,  ,  ,57,  ,70,85,]
[5,15,  ,38,  ,  ,63,76,  ,]

[ ,11,21,  ,42,51,  ,  ,84,]
[ ,  ,  ,37,43,52,65,  ,86,]
[4,  ,29,  ,45,  ,69,77,  ,]

[ ,10,25,  ,40,  ,62,  ,87,]
[ ,  ,27,31,41,59,  ,  ,89,]
[7,  ,28,34,  ,  ,67,78,  ,]

[8,16,  ,  ,  ,54,  ,73,80,]
[ ,19,25,  ,45,  ,60,  ,89,]
[ ,  ,28,35,  ,55,67,79,  ,]

[2,  ,22,  ,44,  ,68,71,  ,]
[ ,17,  ,37,  ,52,  ,78,83,]
[7,18,  ,38,  ,58,  ,  ,87,]

[4,  ,20,  ,42,53,  ,  ,86,]
[6,10,  ,33,  ,  ,63,76,  ,]
[ ,15,  ,34,46,  ,66,77,  ,]

[ ,11,  ,30,48,51,  ,  ,81,]
[1,  ,26,  ,  ,56,  ,72,85,]
[9,13,  ,32,  ,  ,62,75,  ,]

[ ,12,24,  ,40,57,  ,  ,82,]
[ ,  ,  ,39,47,59,61,  ,90,]
[5,  ,27,  ,49,  ,64,74,  ,]

[ ,14,21,  ,41,  ,65,  ,84,]
[ ,  ,23,31,43,50,  ,  ,88,]
[3,  ,29,36,  ,  ,69,70,  ,]

[4,  ,26,  ,  ,  ,62,77,84,]
[ ,15,28,  ,40,55,  ,  ,90,]
[ ,17,  ,30,  ,59,64,78,  ,]

[3,  ,29,  ,46,  ,67,73,  ,]
[ ,11,  ,36,  ,54,  ,79,82,]
[9,14,  ,38,  ,57,  ,  ,89,]

[5,  ,24,  ,45,50,  ,  ,86,]
[6,16,  ,33,  ,  ,60,71,  ,]
[ ,19,  ,34,49,  ,63,74,  ,]

[ ,12,  ,37,48,53,  ,  ,85,]
[1,  ,27,  ,  ,56,  ,70,88,]
[8,13,  ,39,  ,  ,68,76,  ,]

[ ,10,21,  ,41,51,  ,  ,80,]
[ ,  ,  ,35,42,52,65,  ,87,]
[2,  ,23,  ,44,  ,66,75,  ,]

[ ,18,20,  ,43,  ,61,  ,81,]
[ ,  ,22,31,47,58,  ,  ,83,]
[7,  ,25,32,  ,  ,69,72,  ,]

[ ,  ,22,  ,44,  ,60,74,81,]
[8,11,28,  ,  ,57,63,  ,  ,]
[ ,17,  ,38,  ,58,  ,75,84,]

[2,  ,21,  ,41,  ,61,70,  ,]
[ ,18,  ,30,  ,52,  ,78,89,]
[4,19,  ,35,  ,56,  ,  ,90,]

[1,  ,27,  ,42,54,  ,  ,86,]
[3,13,  ,36,  ,  ,62,72,  ,]
[ ,15,  ,37,43,  ,64,79,  ,]

[ ,12,  ,31,45,51,  ,  ,85,]
[7,  ,20,  ,  ,55,  ,73,87,]
[9,16,  ,39,  ,  ,68,77,  ,]

[ ,14,24,  ,40,50,  ,  ,80,]
[ ,  ,  ,33,46,53,65,  ,82,]
[6,  ,26,  ,47,  ,69,71,  ,]

[ ,10,23,  ,48,  ,66,  ,83,]
[ ,  ,25,32,49,59,  ,  ,88,]
[5,  ,29,34,  ,  ,67,76,  ,]

[ ,  ,25,38,  ,  ,60,75,83,]
[ ,12,28,  ,41,51,69,  ,  ,]
[2,18,  ,  ,  ,59,  ,77,85,]

[5,  ,20,  ,44,  ,68,73,  ,]
[ ,15,  ,31,  ,52,  ,78,81,]
[8,17,  ,35,  ,53,  ,  ,86,]

[1,  ,21,  ,40,50,  ,  ,82,]
[6,10,  ,33,  ,  ,65,76,  ,]
[ ,19,  ,37,43,  ,66,79,  ,]

[ ,14,  ,34,42,54,  ,  ,80,]
[3,  ,29,  ,  ,58,  ,70,84,]
[9,16,  ,39,  ,  ,62,71,  ,]

[ ,11,23,  ,45,56,  ,  ,87,]
[ ,  ,  ,30,46,57,63,  ,90,]
[7,  ,27,  ,48,  ,67,74,  ,]

[ ,13,22,  ,47,  ,61,  ,88,]
[ ,  ,24,32,49,55,  ,  ,89,]
[4,  ,26,36,  ,  ,64,72,  ,]

[ ,  ,21,  ,48,58,60,77,  ,]
[ ,10,27,33,  ,  ,67,  ,84,]
[7,14,  ,  ,  ,59,  ,78,86,]

[1,  ,28,  ,47,  ,69,73,  ,]
[ ,11,  ,30,  ,53,  ,79,82,]
[5,18,  ,34,  ,56,  ,  ,88,]

[2,  ,29,  ,42,54,  ,  ,89,]
[4,12,  ,35,  ,  ,63,71,  ,]
[ ,17,  ,38,44,  ,64,76,  ,]

[ ,15,  ,31,40,50,  ,  ,81,]
[3,  ,25,  ,  ,57,  ,70,85,]
[9,16,  ,39,  ,  ,66,72,  ,]

[ ,19,20,  ,43,51,  ,  ,83,]
[ ,  ,  ,37,45,55,61,  ,90,]
[8,  ,23,  ,46,  ,68,75,  ,]

[ ,13,22,  ,41,  ,62,  ,80,]
[ ,  ,24,32,49,52,  ,  ,87,]
[6,  ,26,36,  ,  ,65,74,  ,]

[ ,  ,26,34,  ,  ,64,76,82,]
[ ,14,28,  ,49,53,  ,  ,88,]
[2,15,  ,  ,  ,55,65,79,  ,]

[1,  ,24,  ,43,  ,61,72,  ,]
[ ,11,  ,30,  ,51,  ,73,80,]
[7,18,  ,37,  ,57,  ,  ,89,]

[3,  ,23,  ,47,59,  ,  ,81,]
[8,12,  ,33,  ,  ,60,71,  ,]
[ ,16,  ,39,48,  ,67,74,  ,]

[ ,10,  ,31,44,50,  ,  ,87,]
[5,  ,21,  ,  ,52,  ,75,90,]
[6,19,  ,32,  ,  ,62,78,  ,]

[ ,13,20,  ,40,56,  ,  ,83,]
[ ,  ,  ,38,42,58,66,  ,86,]
[4,  ,22,  ,45,  ,69,77,  ,]

[ ,17,25,  ,41,  ,63,  ,84,]
[ ,  ,27,35,46,54,  ,  ,85,]
[9,  ,29,36,  ,  ,68,70,  ,]

[ ,12,  ,35,  ,53,  ,73,85,]
[4,17,27,  ,  ,56,62,  ,  ,]
[ ,  ,28,  ,40,  ,68,76,89,]

[3,  ,22,  ,48,  ,67,72,  ,]
[ ,10,  ,37,  ,52,  ,75,83,]
[5,19,  ,38,  ,57,  ,  ,90,]

[1,  ,24,  ,41,55,  ,  ,88,]
[8,13,  ,32,  ,  ,64,71,  ,]
[ ,14,  ,33,47,  ,66,77,  ,]

[ ,16,  ,31,43,54,  ,  ,81,]
[2,  ,23,  ,  ,58,  ,74,86,]
[7,18,  ,39,  ,  ,61,79,  ,]

[ ,11,21,  ,42,50,  ,  ,80,]
[ ,  ,  ,30,46,59,63,  ,84,]
[6,  ,26,  ,49,  ,65,78,  ,]

[ ,15,20,  ,44,  ,60,  ,82,]
[ ,  ,25,34,45,51,  ,  ,87,]
[9,  ,29,36,  ,  ,69,70,  ,]

[ ,12,  ,  ,47,  ,66,71,81,]
[ ,14,21,31,  ,58,68,  ,  ,]
[5,  ,28,  ,  ,59,  ,77,83,]

[2,  ,20,  ,40,  ,65,75,  ,]
[ ,11,  ,32,  ,51,  ,79,82,]
[8,18,  ,34,  ,55,  ,  ,90,]

[3,  ,22,  ,42,57,  ,  ,86,]
[6,17,  ,35,  ,  ,60,74,  ,]
[ ,19,  ,36,48,  ,69,78,  ,]

[ ,10,  ,30,41,52,  ,  ,87,]
[1,  ,27,  ,  ,56,  ,72,89,]
[9,16,  ,33,  ,  ,67,73,  ,]

[ ,13,25,  ,45,50,  ,  ,80,]
[ ,  ,  ,37,46,53,62,  ,88,]
[4,  ,29,  ,49,  ,63,76,  ,]

[ ,15,23,  ,43,  ,61,  ,84,]
[ ,  ,24,38,44,54,  ,  ,85,]
[7,  ,26,39,  ,  ,64,70,  ,]

[ ,  ,20,  ,40,50,63,77,  ,]
[1,14,22,  ,  ,58,  ,  ,86,]
[ ,18,  ,32,  ,  ,69,79,90,]

[2,  ,26,  ,45,  ,66,71,  ,]
[ ,11,  ,35,  ,54,  ,76,82,]
[4,15,  ,37,  ,59,  ,  ,85,]

[5,  ,29,  ,42,57,  ,  ,81,]
[6,10,  ,34,  ,  ,61,75,  ,]
[ ,19,  ,36,47,  ,62,78,  ,]

[ ,12,  ,31,44,51,  ,  ,83,]
[8,  ,23,  ,  ,56,  ,70,89,]
[9,17,  ,39,  ,  ,60,72,  ,]

[ ,16,21,  ,41,53,  ,  ,84,]
[ ,  ,  ,30,43,55,65,  ,88,]
[7,  ,27,  ,49,  ,67,73,  ,]

[ ,13,24,  ,46,  ,64,  ,80,]
[ ,  ,25,33,48,52,  ,  ,87,]
[3,  ,28,38,  ,  ,68,74,  ,]

[5,12,  ,  ,  ,55,  ,72,82,]
[ ,19,22,  ,40,56,60,  ,  ,]
[ ,  ,27,39,  ,  ,68,79,90,]

[3,  ,20,  ,45,  ,63,70,  ,]
[ ,13,  ,35,  ,52,  ,76,83,]
[4,18,  ,36,  ,57,  ,  ,89,]

[1,  ,25,  ,42,50,  ,  ,86,]
[7,10,  ,32,  ,  ,62,75,  ,]
[ ,15,  ,38,47,  ,67,78,  ,]

[ ,11,  ,33,41,58,  ,  ,81,]
[8,  ,23,  ,  ,59,  ,73,84,]
[9,16,  ,37,  ,  ,61,74,  ,]

[ ,14,24,  ,43,51,  ,  ,80,]
[ ,  ,  ,34,46,54,64,  ,88,]
[2,  ,29,  ,49,  ,66,71,  ,]

[ ,17,21,  ,44,  ,65,  ,85,]
[ ,  ,26,30,48,53,  ,  ,87,]
[6,  ,28,31,  ,  ,69,77,  ,]

[1,  ,27,  ,  ,54,61,75,  ,]
[ ,10,29,  ,41,55,  ,  ,82,]
[ ,14,  ,39,  ,  ,63,76,89,]

[2,  ,25,  ,47,  ,69,73,  ,]
[ ,17,  ,34,  ,52,  ,74,83,]
[7,18,  ,35,  ,58,  ,  ,86,]

[3,  ,26,  ,40,53,  ,  ,84,]
[5,12,  ,31,  ,  ,65,71,  ,]
[ ,15,  ,36,43,  ,67,78,  ,]

[ ,13,  ,30,48,50,  ,  ,87,]
[8,  ,23,  ,  ,59,  ,70,88,]
[9,16,  ,33,  ,  ,66,79,  ,]

[ ,19,24,  ,42,51,  ,  ,80,]
[ ,  ,  ,38,44,57,60,  ,85,]
[4,  ,28,  ,49,  ,62,72,  ,]

[ ,11,20,  ,45,  ,64,  ,81,]
[ ,  ,21,32,46,56,  ,  ,90,]
[6,  ,22,37,  ,  ,68,77,  ,]

[ ,  ,21,37,  ,  ,61,73,83,]
[ ,15,26,  ,46,55,65,  ,  ,]
[3,17,  ,  ,  ,59,  ,76,87,]

[4,  ,25,  ,40,  ,66,72,  ,]
[ ,10,  ,32,  ,53,  ,78,82,]
[6,18,  ,35,  ,57,  ,  ,85,]

[1,  ,28,  ,47,50,  ,  ,81,]
[8,14,  ,31,  ,  ,60,75,  ,]
[ ,16,  ,36,49,  ,67,77,  ,]

[ ,13,  ,34,44,52,  ,  ,84,]
[2,  ,24,  ,  ,58,  ,71,88,]
[9,19,  ,39,  ,  ,63,79,  ,]

[ ,12,20,  ,42,51,  ,  ,80,]
[ ,  ,  ,38,43,56,62,  ,86,]
[5,  ,27,  ,45,  ,68,74,  ,]

[ ,11,22,  ,41,  ,64,  ,89,]
[ ,  ,23,30,48,54,  ,  ,90,]
[7,  ,29,33,  ,  ,69,70,  ,]

[ ,10,  ,  ,42,  ,63,73,86,]
[ ,18,20,35,  ,57,64,  ,  ,]
[7,  ,23,  ,  ,59,  ,76,87,]

[2,  ,26,  ,44,  ,60,71,  ,]
[ ,11,  ,30,  ,55,  ,75,80,]
[9,12,  ,39,  ,58,  ,  ,89,]

[3,  ,25,  ,47,51,  ,  ,90,]
[4,14,  ,33,  ,  ,62,70,  ,]
[ ,19,  ,36,49,  ,67,79,  ,]

[ ,13,  ,34,46,52,  ,  ,82,]
[1,  ,28,  ,  ,53,  ,74,84,]
[6,16,  ,37,  ,  ,66,78,  ,]

[ ,15,24,  ,41,50,  ,  ,81,]
[ ,  ,  ,38,45,56,68,  ,83,]
[5,  ,27,  ,48,  ,69,72,  ,]

[ ,17,21,  ,40,  ,61,  ,85,]
[ ,  ,22,31,43,54,  ,  ,88,]
[8,  ,29,32,  ,  ,65,77,  ,]

[ ,  ,20,  ,43,  ,64,77,83,]
[3,13,21,  ,  ,56,  ,  ,88,]
[ ,18,  ,32,  ,59,66,78,  ,]

[2,  ,27,  ,42,  ,60,70,  ,]
[ ,11,  ,30,  ,51,  ,76,82,]
[7,17,  ,37,  ,53,  ,  ,89,]

[4,  ,29,  ,41,55,  ,  ,87,]
[5,15,  ,34,  ,  ,61,71,  ,]
[ ,19,  ,36,48,  ,65,74,  ,]

[ ,12,  ,31,49,50,  ,  ,84,]
[1,  ,23,  ,  ,57,  ,72,86,]
[9,14,  ,33,  ,  ,62,73,  ,]

[ ,16,25,  ,40,54,  ,  ,80,]
[ ,  ,  ,39,45,58,67,  ,81,]
[8,  ,28,  ,47,  ,68,79,  ,]

[ ,10,22,  ,44,  ,63,  ,85,]
[ ,  ,24,35,46,52,  ,  ,90,]
[6,  ,26,38,  ,  ,69,75,  ,]

[6,  ,25,  ,  ,  ,60,76,82,]
[ ,11,26,  ,49,56,  ,  ,83,]
[ ,17,  ,30,  ,59,62,78,  ,]

[1,  ,22,  ,41,  ,69,72,  ,]
[ ,12,  ,34,  ,52,  ,77,80,]
[4,15,  ,38,  ,55,  ,  ,86,]

[3,  ,27,  ,43,50,  ,  ,90,]
[5,13,  ,36,  ,  ,64,70,  ,]
[ ,18,  ,37,44,  ,66,73,  ,]

[ ,10,  ,31,40,53,  ,  ,81,]
[7,  ,28,  ,  ,57,  ,74,85,]
[8,14,  ,33,  ,  ,68,75,  ,]

[ ,19,20,  ,46,54,  ,  ,87,]
[ ,  ,  ,39,47,58,63,  ,88,]
[2,  ,23,  ,48,  ,65,79,  ,]

[ ,16,21,  ,42,  ,61,  ,84,]
[ ,  ,24,32,45,51,  ,  ,89,]
[9,  ,29,35,  ,  ,67,71,  ,]

[ ,16,  ,33,  ,57,  ,77,81,]
[ ,18,21,  ,49,58,61,  ,  ,]
[7,  ,25,  ,  ,  ,62,78,86,]

[5,  ,22,  ,45,  ,66,70,  ,]
[ ,14,  ,37,  ,54,  ,74,87,]
[8,15,  ,38,  ,55,  ,  ,88,]

[2,  ,28,  ,43,52,  ,  ,83,]
[4,13,  ,32,  ,  ,64,72,  ,]
[ ,17,  ,36,48,  ,68,79,  ,]

[ ,10,  ,34,41,53,  ,  ,85,]
[1,  ,27,  ,  ,59,  ,71,89,]
[9,19,  ,39,  ,  ,69,76,  ,]

[ ,11,23,  ,42,50,  ,  ,82,]
[ ,  ,  ,31,44,51,65,  ,90,]
[6,  ,24,  ,47,  ,67,73,  ,]

[ ,12,20,  ,40,  ,60,  ,80,]
[ ,  ,26,30,46,56,  ,  ,84,]
[3,  ,29,35,  ,  ,63,75,  ,]

[ ,10,  ,39,  ,54,64,71,  ,]
[ ,17,22,  ,44,  ,65,  ,82,]
[1,  ,26,  ,  ,59,  ,77,83,]

[5,  ,23,  ,48,  ,60,74,  ,]
[ ,13,  ,31,  ,51,  ,79,81,]
[7,15,  ,34,  ,52,  ,  ,86,]

[2,  ,27,  ,45,50,  ,  ,80,]
[6,11,  ,33,  ,  ,61,75,  ,]
[ ,14,  ,35,49,  ,67,78,  ,]

[ ,16,  ,36,40,55,  ,  ,84,]
[3,  ,25,  ,  ,56,  ,72,88,]
[4,19,  ,38,  ,  ,68,76,  ,]

[ ,12,28,  ,41,57,  ,  ,87,]
[ ,  ,  ,30,42,58,62,  ,89,]
[8,  ,29,  ,47,  ,66,73,  ,]

[ ,18,20,  ,43,  ,63,  ,85,]
[ ,  ,21,32,46,53,  ,  ,90,]
[9,  ,24,37,  ,  ,69,70,  ,]

[7,  ,21,  ,  ,54,63,71,  ,]
[ ,14,24,  ,42,57,  ,  ,80,]
[ ,19,  ,32,  ,  ,64,73,89,]

[5,  ,26,  ,40,  ,69,72,  ,]
[ ,12,  ,31,  ,52,  ,79,86,]
[8,18,  ,38,  ,55,  ,  ,88,]

[4,  ,20,  ,43,51,  ,  ,87,]
[9,11,  ,30,  ,  ,65,75,  ,]
[ ,13,  ,35,45,  ,68,78,  ,]

[ ,10,  ,33,49,53,  ,  ,81,]
[1,  ,29,  ,  ,59,  ,70,83,]
[2,16,  ,34,  ,  ,67,76,  ,]

[ ,15,23,  ,41,50,  ,  ,85,]
[ ,  ,  ,37,44,58,60,  ,90,]
[3,  ,28,  ,46,  ,66,74,  ,]

[ ,17,22,  ,47,  ,61,  ,82,]
[ ,  ,25,36,48,56,  ,  ,84,]
[6,  ,27,39,  ,  ,62,77,  ,]

[ ,13,  ,30,  ,  ,60,73,80,]
[1,16,22,  ,  ,54,  ,  ,90,]
[ ,  ,29,  ,47,59,62,74,  ,]

[3,  ,20,  ,41,  ,63,70,  ,]
[ ,12,  ,35,  ,51,  ,76,83,]
[7,14,  ,36,  ,52,  ,  ,88,]

[2,  ,25,  ,43,53,  ,  ,81,]
[5,18,  ,32,  ,  ,68,71,  ,]
[ ,19,  ,39,49,  ,69,78,  ,]

[ ,10,  ,33,44,50,  ,  ,82,]
[6,  ,27,  ,  ,55,  ,72,86,]
[8,11,  ,34,  ,  ,67,79,  ,]

[ ,17,21,  ,40,57,  ,  ,85,]
[ ,  ,  ,37,42,58,64,  ,89,]
[9,  ,26,  ,46,  ,66,77,  ,]

[ ,15,23,  ,45,  ,61,  ,84,]
[ ,  ,24,31,48,56,  ,  ,87,]
[4,  ,28,38,  ,  ,65,75,  ,]

[ ,  ,21,  ,40,53,67,74,  ,]
[6,10,29,  ,  ,  ,68,  ,81,]
[ ,13,  ,32,  ,58,  ,76,86,]

[1,  ,20,  ,44,  ,62,75,  ,]
[ ,14,  ,33,  ,51,  ,77,83,]
[4,19,  ,37,  ,54,  ,  ,90,]

[5,  ,26,  ,42,56,  ,  ,82,]
[9,11,  ,34,  ,  ,64,71,  ,]
[ ,12,  ,39,49,  ,66,73,  ,]

[ ,15,  ,31,48,50,  ,  ,85,]
[3,  ,28,  ,  ,57,  ,70,89,]
[7,16,  ,35,  ,  ,63,79,  ,]

[ ,17,22,  ,43,52,  ,  ,80,]
[ ,  ,  ,30,45,55,60,  ,84,]
[2,  ,27,  ,47,  ,61,72,  ,]

[ ,18,23,  ,41,  ,65,  ,87,]
[ ,  ,24,36,46,59,  ,  ,88,]
[8,  ,25,38,  ,  ,69,78,  ,]

[8,14,  ,  ,  ,55,  ,71,89,]
[ ,19,23,37,  ,  ,63,  ,90,]
[ ,  ,25,  ,47,56,67,72,  ,]

[4,  ,24,  ,46,  ,62,75,  ,]
[ ,12,  ,35,  ,50,  ,79,81,]
[6,15,  ,39,  ,51,  ,  ,84,]

[3,  ,20,  ,41,52,  ,  ,88,]
[5,10,  ,36,  ,  ,60,70,  ,]
[ ,18,  ,38,44,  ,64,74,  ,]

[ ,13,  ,30,40,54,  ,  ,83,]
[7,  ,21,  ,  ,58,  ,73,85,]
[9,17,  ,31,  ,  ,65,76,  ,]

[ ,11,27,  ,42,53,  ,  ,80,]
[ ,  ,  ,34,48,59,66,  ,86,]
[1,  ,29,  ,49,  ,68,77,  ,]

[ ,16,22,  ,43,  ,61,  ,82,]
[ ,  ,26,32,45,57,  ,  ,87,]
[2,  ,28,33,  ,  ,69,78,  ,]

[ ,  ,21,  ,43,51,60,71,  ,]
[ ,13,26,38,  ,  ,68,  ,84,]
[8,18,  ,  ,  ,58,  ,73,89,]

[1,  ,29,  ,45,  ,67,72,  ,]
[ ,10,  ,31,  ,53,  ,75,83,]
[5,17,  ,36,  ,57,  ,  ,86,]

[2,  ,24,  ,40,56,  ,  ,87,]
[4,16,  ,30,  ,  ,64,78,  ,]
[ ,19,  ,33,41,  ,65,79,  ,]

[ ,12,  ,32,47,55,  ,  ,85,]
[3,  ,20,  ,  ,59,  ,70,90,]
[6,14,  ,39,  ,  ,61,76,  ,]

[ ,11,25,  ,46,52,  ,  ,81,]
[ ,  ,  ,34,48,54,62,  ,82,]
[7,  ,28,  ,49,  ,69,74,  ,]

[ ,15,22,  ,42,  ,63,  ,80,]
[ ,  ,23,35,44,50,  ,  ,88,]
[9,  ,27,37,  ,  ,66,77,  ,]

[ ,  ,20,  ,48,50,68,71,  ,]
[ ,11,25,30,  ,  ,69,  ,82,]
[8,13,  ,  ,  ,53,  ,76,83,]

[5,  ,27,  ,43,  ,66,72,  ,]
[ ,10,  ,36,  ,52,  ,75,80,]
[6,19,  ,38,  ,56,  ,  ,90,]

[3,  ,22,  ,40,51,  ,  ,88,]
[7,14,  ,31,  ,  ,60,70,  ,]
[ ,18,  ,33,49,  ,63,74,  ,]

[ ,15,  ,34,46,55,  ,  ,85,]
[2,  ,26,  ,  ,58,  ,73,87,]
[4,16,  ,37,  ,  ,65,78,  ,]

[ ,12,21,  ,41,54,  ,  ,81,]
[ ,  ,  ,39,42,59,64,  ,89,]
[9,  ,23,  ,45,  ,67,77,  ,]

[ ,17,24,  ,44,  ,61,  ,84,]
[ ,  ,28,32,47,57,  ,  ,86,]
[1,  ,29,35,  ,  ,62,79,  ,]

[ ,12,  ,  ,46,  ,62,75,84,]
[4,18,21,  ,  ,52,  ,  ,89,]
[ ,  ,25,36,  ,54,67,78,  ,]

[5,  ,24,  ,41,  ,63,72,  ,]
[ ,10,  ,31,  ,58,  ,76,80,]
[7,15,  ,34,  ,59,  ,  ,81,]

[1,  ,27,  ,42,50,  ,  ,82,]
[3,16,  ,33,  ,  ,64,70,  ,]
[ ,17,  ,39,47,  ,69,74,  ,]

[ ,13,  ,35,40,53,  ,  ,87,]
[2,  ,22,  ,  ,57,  ,73,90,]
[8,19,  ,38,  ,  ,65,77,  ,]

[ ,11,23,  ,43,51,  ,  ,83,]
[ ,  ,  ,30,45,55,60,  ,86,]
[9,  ,28,  ,48,  ,66,79,  ,]

[ ,14,20,  ,44,  ,61,  ,85,]
[ ,  ,26,32,49,56,  ,  ,88,]
[6,  ,29,37,  ,  ,68,71,  ,]

[9,  ,20,  ,  ,50,61,78,  ,]
[ ,14,29,30,  ,55,  ,  ,83,]
[ ,17,  ,  ,47,  ,67,79,90,]

[1,  ,25,  ,43,  ,63,74,  ,]
[ ,13,  ,32,  ,53,  ,76,86,]
[3,19,  ,35,  ,57,  ,  ,88,]

[6,  ,23,  ,40,54,  ,  ,80,]
[8,15,  ,36,  ,  ,68,72,  ,]
[ ,16,  ,39,48,  ,69,75,  ,]

[ ,10,  ,34,46,52,  ,  ,85,]
[2,  ,26,  ,  ,58,  ,70,89,]
[5,18,  ,38,  ,  ,65,73,  ,]

[ ,11,24,  ,41,56,  ,  ,82,]
[ ,  ,  ,37,42,59,64,  ,87,]
[4,  ,28,  ,45,  ,66,71,  ,]

[ ,12,21,  ,44,  ,60,  ,81,]
[ ,  ,22,31,49,51,  ,  ,84,]
[7,  ,27,33,  ,  ,62,77,  ,]

[ ,11,  ,39,  ,50,67,73,  ,]
[4,13,20,  ,  ,58,  ,  ,88,]
[ ,  ,22,  ,45,  ,68,77,90,]

[6,  ,21,  ,46,  ,60,76,  ,]
[ ,10,  ,31,  ,52,  ,78,83,]
[7,16,  ,34,  ,53,  ,  ,84,]

[8,  ,29,  ,40,51,  ,  ,81,]
[9,12,  ,30,  ,  ,62,71,  ,]
[ ,17,  ,36,43,  ,69,74,  ,]

[ ,15,  ,35,48,57,  ,  ,80,]
[2,  ,28,  ,  ,59,  ,72,85,]
[5,19,  ,37,  ,  ,65,79,  ,]

[ ,14,23,  ,44,54,  ,  ,82,]
[ ,  ,  ,38,47,55,63,  ,89,]
[1,  ,25,  ,49,  ,66,70,  ,]

[ ,18,24,  ,41,  ,61,  ,86,]
[ ,  ,26,32,42,56,  ,  ,87,]
[3,  ,27,33,  ,  ,64,75,  ,]

[9,  ,25,  ,  ,50,  ,74,81,]
[ ,13,28,37,  ,54,62,  ,  ,]
[ ,18,  ,  ,42,  ,66,78,90,]

[6,  ,29,  ,47,  ,60,75,  ,]
[ ,14,  ,31,  ,51,  ,79,82,]
[7,19,  ,36,  ,58,  ,  ,87,]

[1,  ,22,  ,46,59,  ,  ,89,]
[4,15,  ,32,  ,  ,63,72,  ,]
[ ,17,  ,34,49,  ,64,73,  ,]

[ ,10,  ,30,48,53,  ,  ,84,]
[2,  ,24,  ,  ,56,  ,70,88,]
[8,11,  ,33,  ,  ,69,76,  ,]

[ ,12,20,  ,40,52,  ,  ,80,]
[ ,  ,  ,38,41,55,67,  ,83,]
[3,  ,23,  ,43,  ,68,77,  ,]

[ ,16,21,  ,44,  ,61,  ,85,]
[ ,  ,26,35,45,57,  ,  ,86,]
[5,  ,27,39,  ,  ,65,71,  ,]

[5,10,  ,  ,  ,  ,65,72,80,]
[ ,17,22,  ,46,51,68,  ,  ,]
[ ,  ,24,39,  ,58,  ,77,88,]

[3,  ,21,  ,40,  ,60,70,  ,]
[ ,12,  ,34,  ,54,  ,73,87,]
[8,16,  ,38,  ,59,  ,  ,89,]

[2,  ,25,  ,42,52,  ,  ,85,]
[4,11,  ,31,  ,  ,61,71,  ,]
[ ,13,  ,33,44,  ,66,74,  ,]

[ ,14,  ,32,48,55,  ,  ,81,]
[1,  ,20,  ,  ,57,  ,78,84,]
[9,15,  ,35,  ,  ,69,79,  ,]

[ ,18,26,  ,43,53,  ,  ,82,]
[ ,  ,  ,36,45,56,62,  ,90,]
[7,  ,28,  ,49,  ,64,76,  ,]

[ ,19,23,  ,41,  ,63,  ,83,]
[ ,  ,27,30,47,50,  ,  ,86,]
[6,  ,29,37,  ,  ,67,75,  ,]

[ ,  ,23,37,  ,50,60,78,  ,]
[3,10,29,  ,  ,  ,63,  ,87,]
[ ,14,  ,  ,45,56,  ,79,89,]

[1,  ,22,  ,41,  ,62,71,  ,]
[ ,15,  ,31,  ,52,  ,76,84,]
[2,19,  ,32,  ,55,  ,  ,88,]

[6,  ,21,  ,46,51,  ,  ,86,]
[7,13,  ,34,  ,  ,65,73,  ,]
[ ,18,  ,39,49,  ,69,77,  ,]

[ ,11,  ,35,40,53,  ,  ,80,]
[4,  ,28,  ,  ,58,  ,72,85,]
[8,17,  ,36,  ,  ,64,75,  ,]

[ ,12,24,  ,43,57,  ,  ,82,]
[ ,  ,  ,38,47,59,66,  ,83,]
[9,  ,27,  ,48,  ,68,70,  ,]

[ ,16,20,  ,42,  ,61,  ,81,]
[ ,  ,25,30,44,54,  ,  ,90,]
[5,  ,26,33,  ,  ,67,74,  ,]

[ ,  ,20,35,  ,54,  ,70,88,]
[ ,14,23,  ,48,  ,60,  ,89,]
[8,18,  ,  ,  ,57,65,73,  ,]

[4,  ,21,  ,42,  ,67,71,  ,]
[ ,10,  ,33,  ,55,  ,76,83,]
[5,17,  ,38,  ,59,  ,  ,84,]

[2,  ,22,  ,41,58,  ,  ,86,]
[9,11,  ,32,  ,  ,63,77,  ,]
[ ,15,  ,39,47,  ,66,78,  ,]

[ ,12,  ,34,44,52,  ,  ,80,]
[1,  ,29,  ,  ,56,  ,75,90,]
[6,13,  ,36,  ,  ,68,79,  ,]

[ ,16,24,  ,40,50,  ,  ,85,]
[ ,  ,  ,30,45,53,61,  ,87,]
[3,  ,27,  ,46,  ,62,72,  ,]

[ ,19,25,  ,43,  ,64,  ,81,]
[ ,  ,26,31,49,51,  ,  ,82,]
[7,  ,28,37,  ,  ,69,74,  ,]

[4,17,  ,  ,  ,55,  ,70,80,]
[ ,19,20,  ,46,  ,61,  ,81,]
[ ,  ,28,34,  ,59,66,71,  ,]

[3,  ,27,  ,49,  ,64,78,  ,]
[ ,13,  ,30,  ,56,  ,79,85,]
[9,14,  ,33,  ,57,  ,  ,88,]

[5,  ,26,  ,45,58,  ,  ,82,]
[8,11,  ,31,  ,  ,67,74,  ,]
[ ,16,  ,37,48,  ,69,75,  ,]

[ ,10,  ,32,40,53,  ,  ,86,]
[1,  ,24,  ,  ,54,  ,72,87,]
[2,12,  ,36,  ,  ,65,73,  ,]

[ ,15,22,  ,41,50,  ,  ,84,]
[ ,  ,  ,35,44,51,60,  ,90,]
[6,  ,29,  ,47,  ,63,77,  ,]

[ ,18,21,  ,42,  ,62,  ,83,]
[ ,  ,23,38,43,52,  ,  ,89,]
[7,  ,25,39,  ,  ,68,76,  ,]

[ ,15,  ,31,  ,52,66,75,  ,]
[1,17,24,  ,  ,  ,69,  ,80,]
[ ,  ,26,  ,49,53,  ,76,88,]

[4,  ,25,  ,40,  ,63,70,  ,]
[ ,12,  ,30,  ,55,  ,73,83,]
[5,14,  ,39,  ,56,  ,  ,87,]

[2,  ,28,  ,41,58,  ,  ,89,]
[6,10,  ,33,  ,  ,60,77,  ,]
[ ,19,  ,38,45,  ,65,79,  ,]

[ ,11,  ,32,46,51,  ,  ,81,]
[3,  ,21,  ,  ,54,  ,71,84,]
[8,13,  ,34,  ,  ,67,78,  ,]

[ ,16,20,  ,42,57,  ,  ,85,]
[ ,  ,  ,35,43,59,62,  ,90,]
[7,  ,22,  ,44,  ,68,72,  ,]

[ ,18,23,  ,47,  ,61,  ,82,]
[ ,  ,27,36,48,50,  ,  ,86,]
[9,  ,29,37,  ,  ,64,74,  ,]

[6,  ,21,  ,  ,  ,60,74,81,]
[ ,11,29,37,  ,53,66,  ,  ,]
[ ,16,  ,  ,40,56,  ,76,82,]

[3,  ,23,  ,43,  ,69,73,  ,]
[ ,10,  ,31,  ,57,  ,75,86,]
[9,17,  ,35,  ,58,  ,  ,90,]

[5,  ,27,  ,41,50,  ,  ,84,]
[7,18,  ,34,  ,  ,61,70,  ,]
[ ,19,  ,36,42,  ,68,71,  ,]

[ ,14,  ,30,44,51,  ,  ,83,]
[4,  ,24,  ,  ,52,  ,78,88,]
[8,15,  ,32,  ,  ,64,79,  ,]

[ ,12,20,  ,46,54,  ,  ,87,]
[ ,  ,  ,33,47,55,62,  ,89,]
[1,  ,22,  ,48,  ,67,72,  ,]

[ ,13,25,  ,45,  ,63,  ,80,]
[ ,  ,26,38,49,59,  ,  ,85,]
[2,  ,28,39,  ,  ,65,77,  ,]

[ ,11,  ,  ,40,50,64,73,  ,]
[4,18,20,  ,  ,  ,66,  ,81,]
[ ,  ,29,34,  ,59,  ,75,87,]

[2,  ,26,  ,43,  ,62,70,  ,]
[ ,15,  ,30,  ,56,  ,76,85,]
[5,19,  ,32,  ,58,  ,  ,86,]

[3,  ,27,  ,42,53,  ,  ,84,]
[9,13,  ,31,  ,  ,61,74,  ,]
[ ,16,  ,35,47,  ,63,77,  ,]

[ ,10,  ,38,41,52,  ,  ,80,]
[7,  ,21,  ,  ,54,  ,72,90,]
[8,12,  ,39,  ,  ,67,79,  ,]

[ ,17,24,  ,44,51,  ,  ,82,]
[ ,  ,  ,37,45,57,60,  ,88,]
[1,  ,28,  ,46,  ,65,78,  ,]

[ ,14,22,  ,48,  ,68,  ,83,]
[ ,  ,23,33,49,55,  ,  ,89,]
[6,  ,25,36,  ,  ,69,71,  ,]

[ ,  ,22,  ,49,51,  ,71,82,]
[ ,10,26,37,  ,  ,60,  ,83,]
[1,19,  ,  ,  ,59,64,73,  ,]

[5,  ,24,  ,47,  ,62,76,  ,]
[ ,11,  ,30,  ,52,  ,79,86,]
[6,14,  ,34,  ,58,  ,  ,90,]

[7,  ,21,  ,43,56,  ,  ,84,]
[9,13,  ,35,  ,  ,63,74,  ,]
[ ,15,  ,38,48,  ,66,75,  ,]

[ ,12,  ,32,46,50,  ,  ,87,]
[2,  ,20,  ,  ,57,  ,70,88,]
[8,18,  ,36,  ,  ,68,77,  ,]

[ ,16,25,  ,40,54,  ,  ,81,]
[ ,  ,  ,39,41,55,65,  ,85,]
[3,  ,28,  ,44,  ,69,72,  ,]

[ ,17,23,  ,42,  ,61,  ,80,]
[ ,  ,27,31,45,53,  ,  ,89,]
[4,  ,29,33,  ,  ,67,78,  ,]

[ ,11,  ,  ,41,  ,64,74,84,]
[ ,12,20,35,  ,53,  ,  ,88,]
[7,  ,28,  ,  ,56,69,77,  ,]

[8,  ,29,  ,42,  ,61,71,  ,]
[ ,10,  ,30,  ,50,  ,75,85,]
[9,15,  ,34,  ,59,  ,  ,90,]

[1,  ,21,  ,45,58,  ,  ,81,]
[2,13,  ,33,  ,  ,60,70,  ,]
[ ,14,  ,37,48,  ,68,73,  ,]

[ ,16,  ,31,40,52,  ,  ,80,]
[4,  ,25,  ,  ,55,  ,78,86,]
[6,17,  ,36,  ,  ,66,79,  ,]

[ ,18,23,  ,46,51,  ,  ,87,]
[ ,  ,  ,38,47,57,63,  ,89,]
[3,  ,27,  ,49,  ,67,76,  ,]

[ ,19,22,  ,43,  ,62,  ,82,]
[ ,  ,24,32,44,54,  ,  ,83,]
[5,  ,26,39,  ,  ,65,72,  ,]

[ ,  ,23,33,  ,  ,60,71,80,]
[ ,16,29,  ,47,50,  ,  ,88,]
[4,19,  ,  ,  ,55,69,75,  ,]

[5,  ,24,  ,43,  ,66,78,  ,]
[ ,10,  ,32,  ,51,  ,79,82,]
[7,18,  ,34,  ,53,  ,  ,84,]

[1,  ,20,  ,41,57,  ,  ,81,]
[8,12,  ,31,  ,  ,62,72,  ,]
[ ,14,  ,35,42,  ,68,74,  ,]

[ ,13,  ,37,48,52,  ,  ,83,]
[2,  ,28,  ,  ,59,  ,70,85,]
[6,17,  ,38,  ,  ,61,73,  ,]

[ ,11,22,  ,44,54,  ,  ,87,]
[ ,  ,  ,30,45,56,65,  ,90,]
[9,  ,26,  ,49,  ,67,76,  ,]

[ ,15,21,  ,40,  ,63,  ,86,]
[ ,  ,25,36,46,58,  ,  ,89,]
[3,  ,27,39,  ,  ,64,77,  ,]

[ ,  ,24,32,  ,  ,65,73,88,]
[ ,15,28,  ,40,52,69,  ,  ,]
[9,18,  ,  ,  ,59,  ,76,89,]

[1,  ,25,  ,42,  ,62,71,  ,]
[ ,13,  ,36,  ,54,  ,72,81,]
[2,19,  ,39,  ,56,  ,  ,83,]

[3,  ,26,  ,44,57,  ,  ,80,]
[8,16,  ,31,  ,  ,60,74,  ,]
[ ,17,  ,35,49,  ,63,77,  ,]

[ ,11,  ,30,43,50,  ,  ,82,]
[5,  ,29,  ,  ,51,  ,75,86,]
[6,14,  ,33,  ,  ,66,78,  ,]

[ ,10,20,  ,45,53,  ,  ,84,]
[ ,  ,  ,37,46,58,67,  ,85,]
[7,  ,21,  ,48,  ,68,79,  ,]

[ ,12,22,  ,41,  ,61,  ,87,]
[ ,  ,23,34,47,55,  ,  ,90,]
[4,  ,27,38,  ,  ,64,70,  ,]

[ ,12,  ,35,  ,  ,60,75,85,]
[5,13,25,  ,  ,50,  ,  ,86,]
[ ,  ,28,  ,43,56,64,76,  ,]

[1,  ,22,  ,40,  ,61,72,  ,]
[ ,10,  ,31,  ,53,  ,77,84,]
[8,19,  ,33,  ,55,  ,  ,90,]

[2,  ,27,  ,41,51,  ,  ,89,]
[9,11,  ,34,  ,  ,66,78,  ,]
[ ,18,  ,38,47,  ,68,79,  ,]

[ ,16,  ,36,49,52,  ,  ,82,]
[3,  ,26,  ,  ,59,  ,70,88,]
[6,17,  ,37,  ,  ,69,74,  ,]

[ ,15,21,  ,42,54,  ,  ,81,]
[ ,  ,  ,39,44,58,62,  ,83,]
[7,  ,24,  ,45,  ,67,71,  ,]

[ ,14,20,  ,46,  ,63,  ,80,]
[ ,  ,23,30,48,57,  ,  ,87,]
[4,  ,29,32,  ,  ,65,73,  ,]

[ ,13,  ,  ,47,51,65,72,  ,]
[1,19,23,  ,  ,56,  ,  ,80,]
[ ,  ,27,38,  ,  ,67,79,87,]

[8,  ,22,  ,49,  ,68,74,  ,]
[ ,12,  ,30,  ,52,  ,75,83,]
[9,16,  ,34,  ,55,  ,  ,85,]

[2,  ,26,  ,40,50,  ,  ,81,]
[4,14,  ,37,  ,  ,62,70,  ,]
[ ,17,  ,39,41,  ,64,73,  ,]

[ ,10,  ,31,43,53,  ,  ,86,]
[3,  ,29,  ,  ,54,  ,77,89,]
[7,15,  ,36,  ,  ,61,78,  ,]

[ ,18,25,  ,44,58,  ,  ,84,]
[ ,  ,  ,33,46,59,66,  ,88,]
[6,  ,28,  ,48,  ,69,71,  ,]

[ ,11,20,  ,42,  ,60,  ,82,]
[ ,  ,21,32,45,57,  ,  ,90,]
[5,  ,24,35,  ,  ,63,76,  ,]

[ ,11,  ,  ,42,54,65,73,  ,]
[6,12,23,  ,  ,55,  ,  ,81,]
[ ,  ,24,36,  ,  ,66,75,83,]

[8,  ,26,  ,40,  ,69,76,  ,]
[ ,13,  ,37,  ,51,  ,78,84,]
[9,19,  ,38,  ,53,  ,  ,86,]

[2,  ,28,  ,41,57,  ,  ,87,]
[5,15,  ,30,  ,  ,67,74,  ,]
[ ,16,  ,39,44,  ,68,79,  ,]

[ ,10,  ,32,49,52,  ,  ,80,]
[1,  ,25,  ,  ,59,  ,70,90,]
[3,18,  ,34,  ,  ,60,77,  ,]

[ ,17,20,  ,43,50,  ,  ,82,]
[ ,  ,  ,33,46,58,61,  ,85,]
[7,  ,21,  ,47,  ,64,71,  ,]

[ ,14,22,  ,45,  ,62,  ,88,]
[ ,  ,27,31,48,56,  ,  ,89,]
[4,  ,29,35,  ,  ,63,72,  ,]

[ ,  ,20,39,  ,  ,62,70,85,]
[4,16,22,  ,  ,53,64,  ,  ,]
[ ,19,  ,  ,43,56,  ,76,87,]

[6,  ,29,  ,45,  ,68,75,  ,]
[ ,13,  ,31,  ,58,  ,77,80,]
[8,17,  ,34,  ,59,  ,  ,84,]

[5,  ,24,  ,41,50,  ,  ,88,]
[7,14,  ,36,  ,  ,60,72,  ,]
[ ,18,  ,38,42,  ,65,74,  ,]

[ ,10,  ,30,46,52,  ,  ,81,]
[1,  ,25,  ,  ,55,  ,71,82,]
[2,12,  ,32,  ,  ,67,73,  ,]

[ ,15,23,  ,44,51,  ,  ,83,]
[ ,  ,  ,37,47,54,63,  ,89,]
[9,  ,26,  ,49,  ,66,79,  ,]

[ ,11,21,  ,40,  ,61,  ,86,]
[ ,  ,27,33,48,57,  ,  ,90,]
[3,  ,28,35,  ,  ,69,78,  ,]

[5,  ,25,  ,  ,  ,63,72,83,]
[ ,12,28,  ,47,50,  ,  ,85,]
[ ,13,  ,36,  ,55,69,75,  ,]

[2,  ,20,  ,40,  ,64,74,  ,]
[ ,15,  ,30,  ,58,  ,79,80,]
[8,16,  ,31,  ,59,  ,  ,81,]

[6,  ,29,  ,45,53,  ,  ,88,]
[7,11,  ,37,  ,  ,60,71,  ,]
[ ,17,  ,38,49,  ,68,73,  ,]

[ ,10,  ,32,46,52,  ,  ,86,]
[4,  ,24,  ,  ,54,  ,70,90,]
[9,14,  ,34,  ,  ,61,77,  ,]

[ ,19,21,  ,42,51,  ,  ,87,]
[ ,  ,  ,35,43,56,65,  ,89,]
[3,  ,22,  ,48,  ,67,78,  ,]

[ ,18,23,  ,41,  ,62,  ,82,]
[ ,  ,26,33,44,57,  ,  ,84,]
[1,  ,27,39,  ,  ,66,76,  ,]

[8,10,  ,  ,  ,  ,65,74,85,]
[ ,12,24,  ,43,51,  ,  ,90,]
[ ,  ,29,39,  ,59,68,77,  ,]

[2,  ,27,  ,41,  ,67,71,  ,]
[ ,11,  ,36,  ,53,  ,73,81,]
[6,13,  ,38,  ,57,  ,  ,83,]

[5,  ,26,  ,46,55,  ,  ,88,]
[9,14,  ,31,  ,  ,60,72,  ,]
[ ,17,  ,34,49,  ,69,78,  ,]

[ ,15,  ,32,44,54,  ,  ,86,]
[3,  ,25,  ,  ,56,  ,76,87,]
[7,16,  ,33,  ,  ,63,79,  ,]

[ ,19,20,  ,40,50,  ,  ,82,]
[ ,  ,  ,30,47,52,62,  ,89,]
[1,  ,23,  ,48,  ,66,70,  ,]

[ ,18,21,  ,42,  ,61,  ,80,]
[ ,  ,22,35,45,58,  ,  ,84,]
[4,  ,28,37,  ,  ,64,75,  ,]

[ ,18,  ,  ,49,55,  ,70,81,]
[3,19,22,  ,  ,  ,61,  ,86,]
[ ,  ,27,35,  ,57,67,79,  ,]

[4,  ,28,  ,46,  ,66,77,  ,]
[ ,11,  ,36,  ,50,  ,78,80,]
[7,12,  ,37,  ,54,  ,  ,89,]

[8,  ,23,  ,43,58,  ,  ,84,]
[9,10,  ,30,  ,  ,62,72,  ,]
[ ,15,  ,33,48,  ,63,75,  ,]

[ ,13,  ,31,40,52,  ,  ,82,]
[2,  ,21,  ,  ,56,  ,71,83,]
[6,16,  ,39,  ,  ,68,73,  ,]

[ ,14,25,  ,44,53,  ,  ,85,]
[ ,  ,  ,32,45,59,64,  ,90,]
[5,  ,29,  ,47,  ,65,76,  ,]

[ ,17,20,  ,41,  ,60,  ,87,]
[ ,  ,24,34,42,51,  ,  ,88,]
[1,  ,26,38,  ,  ,69,74,  ,]

[ ,17,  ,  ,42,51,  ,71,84,]
[ ,19,20,35,  ,  ,63,  ,90,]
[2,  ,27,  ,  ,57,65,76,  ,]

[8,  ,23,  ,44,  ,60,77,  ,]
[ ,10,  ,33,  ,54,  ,79,83,]
[9,13,  ,38,  ,56,  ,  ,88,]

[1,  ,26,  ,41,55,  ,  ,87,]
[5,12,  ,31,  ,  ,61,74,  ,]
[ ,16,  ,34,48,  ,64,78,  ,]

[ ,11,  ,32,47,50,  ,  ,80,]
[3,  ,29,  ,  ,53,  ,70,89,]
[4,14,  ,37,  ,  ,69,72,  ,]

[ ,18,21,  ,40,52,  ,  ,81,]
[ ,  ,  ,36,43,58,62,  ,85,]
[6,  ,22,  ,46,  ,68,75,  ,]

[ ,15,24,  ,45,  ,66,  ,82,]
[ ,  ,25,30,49,59,  ,  ,86,]
[7,  ,28,39,  ,  ,67,73,  ,]

[9,15,  ,  ,  ,50,64,76,  ,]
[ ,17,23,  ,40,53,  ,  ,86,]
[ ,  ,26,35,  ,  ,65,78,88,]

[4,  ,21,  ,45,  ,66,72,  ,]
[ ,12,  ,34,  ,57,  ,75,83,]
[7,13,  ,36,  ,59,  ,  ,87,]

[3,  ,24,  ,44,56,  ,  ,80,]
[5,10,  ,30,  ,  ,60,71,  ,]
[ ,14,  ,38,48,  ,69,73,  ,]

[ ,11,  ,31,46,51,  ,  ,81,]
[1,  ,27,  ,  ,52,  ,70,90,]
[2,16,  ,33,  ,  ,67,79,  ,]

[ ,18,20,  ,41,55,  ,  ,84,]
[ ,  ,  ,32,43,58,61,  ,89,]
[6,  ,25,  ,47,  ,68,74,  ,]

[ ,19,22,  ,42,  ,62,  ,82,]
[ ,  ,28,37,49,54,  ,  ,85,]
[8,  ,29,39,  ,  ,63,77,  ,]

[ ,17,  ,  ,46,54,61,73,  ,]
[9,18,22,  ,  ,  ,67,  ,83,]
[ ,  ,28,36,  ,56,  ,79,86,]

[3,  ,21,  ,45,  ,65,71,  ,]
[ ,10,  ,31,  ,51,  ,77,87,]
[6,15,  ,33,  ,55,  ,  ,90,]

[1,  ,29,  ,42,52,  ,  ,85,]
[2,11,  ,32,  ,  ,64,74,  ,]
[ ,13,  ,35,47,  ,68,76,  ,]

[ ,16,  ,30,41,50,  ,  ,88,]
[4,  ,23,  ,  ,57,  ,72,89,]
[7,19,  ,39,  ,  ,69,75,  ,]

[ ,14,20,  ,40,53,  ,  ,80,]
[ ,  ,  ,38,44,59,63,  ,82,]
[5,  ,24,  ,48,  ,66,78,  ,]

[ ,12,25,  ,43,  ,60,  ,81,]
[ ,  ,26,34,49,58,  ,  ,84,]
[8,  ,27,37,  ,  ,62,70,  ,]

[ ,  ,24,  ,47,  ,61,70,80,]
[2,11,27,  ,  ,51,65,  ,  ,]
[ ,19,  ,34,  ,54,  ,74,82,]

[1,  ,25,  ,48,  ,63,76,  ,]
[ ,13,  ,30,  ,50,  ,77,86,]
[8,16,  ,36,  ,56,  ,  ,87,]

[3,  ,28,  ,43,57,  ,  ,90,]
[6,14,  ,37,  ,  ,67,73,  ,]
[ ,15,  ,39,45,  ,68,75,  ,]

[ ,17,  ,33,42,55,  ,  ,81,]
[4,  ,26,  ,  ,58,  ,72,83,]
[9,18,  ,35,  ,  ,66,79,  ,]

[ ,10,20,  ,41,52,  ,  ,88,]
[ ,  ,  ,38,44,53,60,  ,89,]
[7,  ,29,  ,49,  ,64,71,  ,]

[ ,12,21,  ,40,  ,62,  ,84,]
[ ,  ,22,31,46,59,  ,  ,85,]
[5,  ,23,32,  ,  ,69,78,  ,]

[ ,  ,20,  ,49,  ,63,70,82,]
[3,15,23,  ,  ,50,65,  ,  ,]
[ ,19,  ,35,  ,53,  ,73,86,]

[1,  ,29,  ,45,  ,64,72,  ,]
[ ,16,  ,31,  ,54,  ,74,83,]
[5,18,  ,37,  ,55,  ,  ,89,]

[4,  ,21,  ,43,59,  ,  ,84,]
[6,13,  ,33,  ,  ,60,75,  ,]
[ ,14,  ,38,46,  ,69,79,  ,]

[ ,10,  ,30,40,52,  ,  ,81,]
[7,  ,28,  ,  ,58,  ,71,85,]
[8,11,  ,34,  ,  ,67,77,  ,]

[ ,12,22,  ,41,56,  ,  ,80,]
[ ,  ,  ,32,44,57,61,  ,88,]
[9,  ,27,  ,47,  ,66,76,  ,]

[ ,17,24,  ,42,  ,62,  ,87,]
[ ,  ,25,36,48,51,  ,  ,90,]
[2,  ,26,39,  ,  ,68,78,  ,]

[ ,  ,24,  ,49,50,  ,73,82,]
[ ,12,28,38,  ,  ,65,  ,90,]
[3,14,  ,  ,  ,57,68,77,  ,]

[7,  ,27,  ,48,  ,66,76,  ,]
[ ,11,  ,36,  ,54,  ,78,81,]
[8,13,  ,37,  ,56,  ,  ,86,]

[1,  ,29,  ,41,59,  ,  ,87,]
[2,17,  ,30,  ,  ,61,71,  ,]
[ ,18,  ,31,47,  ,67,74,  ,]

[ ,15,  ,32,43,53,  ,  ,83,]
[6,  ,26,  ,  ,58,  ,70,89,]
[9,16,  ,35,  ,  ,69,79,  ,]

[ ,10,23,  ,40,51,  ,  ,80,]
[ ,  ,  ,34,45,55,62,  ,88,]
[5,  ,25,  ,46,  ,63,72,  ,]

[ ,19,20,  ,42,  ,60,  ,84,]
[ ,  ,21,33,44,52,  ,  ,85,]
[4,  ,22,39,  ,  ,64,75,  ,]

[ ,11,  ,30,  ,52,  ,72,83,]
[4,13,25,  ,  ,53,62,  ,  ,]
[ ,  ,29,  ,46,  ,64,78,86,]

[2,  ,24,  ,42,  ,69,74,  ,]
[ ,12,  ,34,  ,50,  ,77,88,]
[9,17,  ,35,  ,55,  ,  ,89,]

[5,  ,23,  ,48,54,  ,  ,90,]
[6,15,  ,32,  ,  ,66,70,  ,]
[ ,18,  ,39,49,  ,68,76,  ,]

[ ,10,  ,31,43,51,  ,  ,81,]
[1,  ,22,  ,  ,56,  ,71,87,]
[3,19,  ,37,  ,  ,65,73,  ,]

[ ,14,26,  ,40,58,  ,  ,82,]
[ ,  ,  ,33,41,59,63,  ,85,]
[8,  ,27,  ,47,  ,67,79,  ,]

[ ,16,20,  ,44,  ,60,  ,80,]
[ ,  ,21,36,45,57,  ,  ,84,]
[7,  ,28,38,  ,  ,61,75,  ,]

[ ,  ,20,  ,48,50,  ,74,85,]
[ ,10,28,31,  ,55,61,  ,  ,]
[7,13,  ,  ,  ,  ,68,75,88,]

[3,  ,26,  ,43,  ,65,71,  ,]
[ ,15,  ,38,  ,51,  ,79,80,]
[6,17,  ,39,  ,58,  ,  ,90,]

[1,  ,27,  ,40,57,  ,  ,87,]
[2,12,  ,32,  ,  ,62,72,  ,]
[ ,14,  ,35,45,  ,66,78,  ,]

[ ,16,  ,34,46,54,  ,  ,81,]
[5,  ,29,  ,  ,56,  ,73,84,]
[9,18,  ,37,  ,  ,64,77,  ,]

[ ,11,24,  ,42,52,  ,  ,82,]
[ ,  ,  ,30,44,53,63,  ,86,]
[8,  ,25,  ,49,  ,67,70,  ,]

[ ,19,21,  ,41,  ,60,  ,83,]
[ ,  ,22,33,47,59,  ,  ,89,]
[4,  ,23,36,  ,  ,69,76,  ,]

[ ,12,  ,  ,44,51,60,71,  ,]
[ ,13,22,36,  ,56,  ,  ,86,]
[7,  ,26,  ,  ,  ,62,76,87,]

[1,  ,29,  ,42,  ,65,77,  ,]
[ ,17,  ,33,  ,50,  ,78,81,]
[6,19,  ,39,  ,57,  ,  ,90,]

[5,  ,25,  ,41,53,  ,  ,82,]
[8,10,  ,30,  ,  ,61,70,  ,]
[ ,16,  ,35,46,  ,67,74,  ,]

[ ,11,  ,32,49,52,  ,  ,80,]
[4,  ,24,  ,  ,58,  ,75,84,]
[9,15,  ,34,  ,  ,66,79,  ,]

[ ,14,21,  ,40,54,  ,  ,88,]
[ ,  ,  ,31,45,55,63,  ,89,]
[3,  ,23,  ,47,  ,68,72,  ,]

[ ,18,20,  ,43,  ,64,  ,83,]
[ ,  ,27,37,48,59,  ,  ,85,]
[2,  ,28,38,  ,  ,69,73,  ,]

[ ,  ,20,  ,44,51,  ,72,81,]
[ ,10,24,37,  ,57,61,  ,  ,]
[9,17,  ,  ,  ,  ,67,76,89,]

[4,  ,22,  ,45,  ,65,70,  ,]
[ ,11,  ,30,  ,56,  ,75,84,]
[8,16,  ,34,  ,59,  ,  ,90,]

[2,  ,27,  ,43,50,  ,  ,80,]
[7,13,  ,32,  ,  ,66,71,  ,]
[ ,19,  ,33,48,  ,69,79,  ,]

[ ,15,  ,31,47,54,  ,  ,85,]
[1,  ,21,  ,  ,58,  ,73,86,]
[5,18,  ,35,  ,  ,60,78,  ,]

[ ,14,26,  ,41,52,  ,  ,82,]
[ ,  ,  ,38,42,55,64,  ,88,]
[3,  ,28,  ,49,  ,68,74,  ,]

[ ,12,23,  ,40,  ,62,  ,83,]
[ ,  ,25,36,46,53,  ,  ,87,]
[6,  ,29,39,  ,  ,63,77,  ,]

[ ,16,  ,  ,43,50,  ,71,86,]
[ ,19,25,39,  ,  ,61,  ,88,]
[4,  ,26,  ,  ,55,62,74,  ,]

[1,  ,22,  ,49,  ,65,70,  ,]
[ ,11,  ,32,  ,51,  ,77,80,]
[6,13,  ,34,  ,57,  ,  ,85,]

[2,  ,29,  ,40,58,  ,  ,84,]
[9,14,  ,31,  ,  ,63,76,  ,]
[ ,18,  ,33,41,  ,67,78,  ,]

[ ,10,  ,30,45,54,  ,  ,82,]
[5,  ,21,  ,  ,59,  ,72,89,]
[7,17,  ,36,  ,  ,64,79,  ,]

[ ,15,24,  ,42,52,  ,  ,83,]
[ ,  ,  ,38,44,53,66,  ,90,]
[8,  ,27,  ,48,  ,68,75,  ,]

[ ,12,20,  ,46,  ,60,  ,81,]
[ ,  ,23,35,47,56,  ,  ,87,]
[3,  ,28,37,  ,  ,69,73,  ,]

[6,  ,27,  ,  ,  ,62,70,85,]
[ ,10,28,  ,40,52,69,  ,  ,]
[ ,19,  ,35,  ,57,  ,71,87,]

[4,  ,26,  ,44,  ,61,77,  ,]
[ ,14,  ,30,  ,55,  ,79,86,]
[5,17,  ,32,  ,56,  ,  ,89,]

[8,  ,21,  ,42,51,  ,  ,90,]
[9,11,  ,36,  ,  ,64,74,  ,]
[ ,16,  ,38,45,  ,68,75,  ,]

[ ,15,  ,33,47,50,  ,  ,80,]
[1,  ,29,  ,  ,59,  ,73,82,]
[7,18,  ,39,  ,  ,66,78,  ,]

[ ,12,22,  ,43,54,  ,  ,81,]
[ ,  ,  ,31,46,58,63,  ,84,]
[2,  ,23,  ,48,  ,65,76,  ,]

[ ,13,20,  ,41,  ,60,  ,83,]
[ ,  ,24,34,49,53,  ,  ,88,]
[3,  ,25,37,  ,  ,67,72,  ,]

[5,  ,25,  ,  ,56,  ,73,84,]
[ ,10,26,  ,44,57,62,  ,  ,]
[ ,11,  ,31,  ,  ,69,74,90,]

[1,  ,27,  ,40,  ,61,71,  ,]
[ ,14,  ,30,  ,53,  ,75,82,]
[6,19,  ,38,  ,58,  ,  ,88,]

[2,  ,21,  ,46,59,  ,  ,89,]
[4,12,  ,32,  ,  ,66,77,  ,]
[ ,18,  ,39,47,  ,67,78,  ,]

[ ,15,  ,36,42,50,  ,  ,80,]
[8,  ,24,  ,  ,51,  ,70,81,]
[9,17,  ,37,  ,  ,65,72,  ,]

[ ,13,20,  ,41,54,  ,  ,83,]
[ ,  ,  ,34,45,55,60,  ,86,]
[7,  ,28,  ,48,  ,63,76,  ,]

[ ,16,22,  ,43,  ,64,  ,85,]
[ ,  ,23,33,49,52,  ,  ,87,]
[3,  ,29,35,  ,  ,68,79,  ,]

[ ,10,  ,37,  ,  ,62,74,82,]
[4,17,20,  ,  ,52,68,  ,  ,]
[ ,  ,23,  ,43,53,  ,77,88,]

[1,  ,21,  ,48,  ,63,71,  ,]
[ ,11,  ,30,  ,54,  ,76,85,]
[9,13,  ,35,  ,57,  ,  ,89,]

[3,  ,26,  ,46,51,  ,  ,87,]
[8,15,  ,33,  ,  ,60,72,  ,]
[ ,19,  ,39,49,  ,64,78,  ,]

[ ,14,  ,31,42,50,  ,  ,81,]
[5,  ,25,  ,  ,55,  ,75,84,]
[6,16,  ,38,  ,  ,65,79,  ,]

[ ,12,27,  ,40,56,  ,  ,83,]
[ ,  ,  ,34,41,59,66,  ,90,]
[2,  ,29,  ,47,  ,69,73,  ,]

[ ,18,22,  ,44,  ,61,  ,80,]
[ ,  ,24,32,45,58,  ,  ,86,]
[7,  ,28,36,  ,  ,67,70,  ,]

[ ,  ,20,  ,49,51,61,72,  ,]
[ ,10,21,30,  ,54,  ,  ,84,]
[2,13,  ,  ,  ,  ,62,78,85,]

[4,  ,27,  ,46,  ,69,73,  ,]
[ ,12,  ,34,  ,50,  ,79,83,]
[7,15,  ,35,  ,59,  ,  ,89,]

[5,  ,28,  ,40,55,  ,  ,90,]
[9,11,  ,37,  ,  ,60,70,  ,]
[ ,18,  ,39,45,  ,67,77,  ,]

[ ,14,  ,31,43,57,  ,  ,80,]
[1,  ,23,  ,  ,58,  ,74,87,]
[6,19,  ,33,  ,  ,68,75,  ,]

[ ,17,26,  ,42,53,  ,  ,82,]
[ ,  ,  ,32,44,56,63,  ,86,]
[8,  ,29,  ,47,  ,65,71,  ,]

[ ,16,22,  ,41,  ,64,  ,81,]
[ ,  ,24,36,48,52,  ,  ,88,]
[3,  ,25,38,  ,  ,66,76,  ,]

[ ,11,  ,33,  ,50,60,72,  ,]
[ ,13,25,  ,49,  ,69,  ,81,]
[7,  ,28,  ,  ,58,  ,79,89,]

[4,  ,24,  ,45,  ,65,73,  ,]
[ ,12,  ,30,  ,54,  ,77,86,]
[8,14,  ,32,  ,56,  ,  ,88,]

[2,  ,23,  ,40,52,  ,  ,90,]
[9,15,  ,38,  ,  ,61,74,  ,]
[ ,16,  ,39,41,  ,67,78,  ,]

[ ,10,  ,36,47,51,  ,  ,80,]
[1,  ,29,  ,  ,59,  ,70,85,]
[6,17,  ,37,  ,  ,64,76,  ,]

[ ,18,20,  ,42,53,  ,  ,83,]
[ ,  ,  ,31,44,57,62,  ,87,]
[3,  ,21,  ,48,  ,63,75,  ,]

[ ,19,22,  ,43,  ,66,  ,82,]
[ ,  ,26,34,46,55,  ,  ,84,]
[5,  ,27,35,  ,  ,68,71,  ,]

[ ,  ,24,31,  ,50,  ,70,81,]
[ ,11,26,  ,45,59,60,  ,  ,]
[4,12,  ,  ,  ,  ,69,72,86,]

[7,  ,21,  ,41,  ,64,75,  ,]
[ ,13,  ,32,  ,55,  ,76,85,]
[9,18,  ,34,  ,57,  ,  ,90,]

[1,  ,22,  ,43,54,  ,  ,82,]
[8,10,  ,36,  ,  ,61,71,  ,]
[ ,19,  ,38,47,  ,68,79,  ,]

[ ,15,  ,30,48,52,  ,  ,83,]
[3,  ,28,  ,  ,58,  ,73,89,]
[5,17,  ,33,  ,  ,67,74,  ,]

[ ,16,23,  ,40,51,  ,  ,80,]
[ ,  ,  ,37,44,53,62,  ,87,]
[2,  ,25,  ,46,  ,66,78,  ,]

[ ,14,20,  ,42,  ,63,  ,84,]
[ ,  ,27,35,49,56,  ,  ,88,]
[6,  ,29,39,  ,  ,65,77,  ,]

[1,  ,22,  ,  ,  ,61,72,83,]
[ ,12,23,37,  ,51,67,  ,  ,]
[ ,13,  ,  ,43,58,  ,75,88,]

[2,  ,29,  ,49,  ,66,74,  ,]
[ ,15,  ,32,  ,53,  ,78,82,]
[6,16,  ,34,  ,56,  ,  ,84,]

[4,  ,26,  ,40,54,  ,  ,86,]
[8,11,  ,33,  ,  ,62,71,  ,]
[ ,17,  ,36,47,  ,64,76,  ,]

[ ,18,  ,35,45,50,  ,  ,85,]
[5,  ,24,  ,  ,52,  ,77,90,]
[7,19,  ,38,  ,  ,68,79,  ,]

[ ,10,20,  ,41,55,  ,  ,80,]
[ ,  ,  ,31,44,59,60,  ,89,]
[9,  ,27,  ,46,  ,69,70,  ,]

[ ,14,21,  ,42,  ,63,  ,81,]
[ ,  ,25,30,48,57,  ,  ,87,]
[3,  ,28,39,  ,  ,65,73,  ,]

[4,  ,23,  ,  ,  ,64,77,80,]
[ ,12,29,  ,40,52,  ,  ,88,]
[ ,15,  ,36,  ,59,66,79,  ,]

[1,  ,21,  ,45,  ,62,71,  ,]
[ ,11,  ,32,  ,53,  ,78,81,]
[9,19,  ,35,  ,55,  ,  ,87,]

[6,  ,24,  ,41,50,  ,  ,90,]
[7,10,  ,31,  ,  ,63,72,  ,]
[ ,14,  ,37,43,  ,67,73,  ,]

[ ,13,  ,34,42,51,  ,  ,83,]
[3,  ,26,  ,  ,58,  ,74,86,]
[5,17,  ,38,  ,  ,61,76,  ,]

[ ,16,22,  ,44,54,  ,  ,84,]
[ ,  ,  ,39,46,56,60,  ,85,]
[2,  ,28,  ,48,  ,65,70,  ,]

[ ,18,20,  ,47,  ,68,  ,82,]
[ ,  ,25,30,49,57,  ,  ,89,]
[8,  ,27,33,  ,  ,69,75,  ,]

[ ,  ,21,31,  ,  ,61,73,85,]
[9,18,27,  ,  ,51,64,  ,  ,]
[ ,19,  ,  ,40,52,  ,77,87,]

[2,  ,23,  ,41,  ,67,75,  ,]
[ ,13,  ,34,  ,57,  ,78,82,]
[8,16,  ,38,  ,58,  ,  ,86,]

[1,  ,26,  ,44,59,  ,  ,84,]
[7,11,  ,33,  ,  ,62,71,  ,]
[ ,17,  ,35,47,  ,66,76,  ,]

[ ,14,  ,32,49,53,  ,  ,83,]
[3,  ,25,  ,  ,54,  ,72,89,]
[4,15,  ,37,  ,  ,65,79,  ,]

[ ,12,28,  ,45,50,  ,  ,88,]
[ ,  ,  ,36,46,55,60,  ,90,]
[6,  ,29,  ,48,  ,68,74,  ,]

[ ,10,20,  ,42,  ,63,  ,80,]
[ ,  ,22,30,43,56,  ,  ,81,]
[5,  ,24,39,  ,  ,69,70,  ,]

[4,  ,24,  ,  ,55,  ,76,85,]
[ ,14,29,  ,43,  ,60,  ,89,]
[ ,17,  ,39,  ,56,65,77,  ,]

[2,  ,27,  ,47,  ,63,70,  ,]
[ ,11,  ,31,  ,50,  ,73,83,]
[6,19,  ,34,  ,51,  ,  ,87,]

[1,  ,28,  ,40,59,  ,  ,86,]
[9,13,  ,33,  ,  ,62,71,  ,]
[ ,16,  ,36,45,  ,69,79,  ,]

[ ,15,  ,30,42,53,  ,  ,81,]
[3,  ,21,  ,  ,54,  ,72,90,]
[5,18,  ,38,  ,  ,64,78,  ,]

[ ,12,22,  ,41,57,  ,  ,84,]
[ ,  ,  ,37,44,58,61,  ,88,]
[8,  ,26,  ,48,  ,66,75,  ,]

[ ,10,20,  ,46,  ,67,  ,80,]
[ ,  ,23,32,49,52,  ,  ,82,]
[7,  ,25,35,  ,  ,68,74,  ,]

[ ,10,  ,37,  ,54,  ,72,81,]
[ ,17,22,  ,44,58,61,  ,  ,]
[8,  ,24,  ,  ,  ,64,78,84,]

[2,  ,25,  ,47,  ,65,70,  ,]
[ ,14,  ,38,  ,52,  ,71,80,]
[5,16,  ,39,  ,57,  ,  ,88,]

[4,  ,23,  ,45,56,  ,  ,83,]
[9,11,  ,35,  ,  ,62,76,  ,]
[ ,18,  ,36,46,  ,66,79,  ,]

[ ,15,  ,30,49,51,  ,  ,85,]
[3,  ,28,  ,  ,53,  ,75,87,]
[7,19,  ,33,  ,  ,68,77,  ,]

[ ,12,26,  ,41,55,  ,  ,89,]
[ ,  ,  ,31,42,59,63,  ,90,]
[1,  ,29,  ,43,  ,69,74,  ,]

[ ,13,20,  ,40,  ,60,  ,82,]
[ ,  ,21,32,48,50,  ,  ,86,]
[6,  ,27,34,  ,  ,67,73,  ,]

[ ,  ,24,35,  ,53,  ,74,84,]
[7,10,26,  ,  ,56,61,  ,  ,]
[ ,12,  ,  ,44,  ,62,77,87,]

[1,  ,22,  ,43,  ,66,78,  ,]
[ ,11,  ,33,  ,54,  ,79,88,]
[4,13,  ,39,  ,59,  ,  ,89,]

[5,  ,23,  ,40,52,  ,  ,86,]
[8,14,  ,34,  ,  ,67,70,  ,]
[ ,16,  ,37,46,  ,68,75,  ,]

[ ,15,  ,30,47,55,  ,  ,80,]
[3,  ,29,  ,  ,57,  ,71,83,]
[6,18,  ,32,  ,  ,64,76,  ,]

[ ,17,20,  ,41,50,  ,  ,81,]
[ ,  ,  ,31,42,51,60,  ,90,]
[9,  ,28,  ,48,  ,65,72,  ,]

[ ,19,21,  ,45,  ,63,  ,82,]
[ ,  ,25,36,49,58,  ,  ,85,]
[2,  ,27,38,  ,  ,69,73,  ,]

[ ,  ,23,  ,48,52,  ,73,84,]
[4,14,24,  ,  ,  ,61,  ,86,]
[ ,15,  ,30,  ,58,68,79,  ,]

[2,  ,25,  ,47,  ,66,70,  ,]
[ ,17,  ,35,  ,51,  ,75,80,]
[9,18,  ,38,  ,55,  ,  ,90,]

[1,  ,27,  ,41,59,  ,  ,81,]
[3,16,  ,37,  ,  ,65,76,  ,]
[ ,19,  ,39,44,  ,69,77,  ,]

[ ,11,  ,34,49,54,  ,  ,87,]
[5,  ,22,  ,  ,56,  ,71,89,]
[6,13,  ,36,  ,  ,62,74,  ,]

[ ,10,21,  ,40,53,  ,  ,82,]
[ ,  ,  ,32,43,57,60,  ,88,]
[7,  ,29,  ,46,  ,64,78,  ,]

[ ,12,20,  ,42,  ,63,  ,83,]
[ ,  ,26,31,45,50,  ,  ,85,]
[8,  ,28,33,  ,  ,67,72,  ,]

[ ,11,  ,30,  ,52,61,73,  ,]
[8,18,23,  ,  ,  ,68,  ,83,]
[ ,  ,26,  ,41,58,  ,79,89,]

[7,  ,22,  ,46,  ,66,72,  ,]
[ ,12,  ,33,  ,51,  ,76,81,]
[9,16,  ,36,  ,54,  ,  ,90,]

[2,  ,25,  ,44,50,  ,  ,86,]
[6,14,  ,32,  ,  ,63,74,  ,]
[ ,15,  ,35,47,  ,69,77,  ,]

[ ,10,  ,38,45,57,  ,  ,82,]
[3,  ,20,  ,  ,59,  ,70,88,]
[5,17,  ,39,  ,  ,67,78,  ,]

[ ,19,24,  ,42,55,  ,  ,80,]
[ ,  ,  ,31,43,56,62,  ,85,]
[1,  ,29,  ,48,  ,64,75,  ,]

[ ,13,21,  ,40,  ,60,  ,84,]
[ ,  ,27,34,49,53,  ,  ,87,]
[4,  ,28,37,  ,  ,65,71,  ,]

[ ,  ,21,39,  ,51,  ,71,81,]
[ ,12,23,  ,49,  ,66,  ,87,]
[5,19,  ,  ,  ,57,69,74,  ,]

[3,  ,25,  ,47,  ,65,70,  ,]
[ ,10,  ,31,  ,50,  ,75,85,]
[9,17,  ,36,  ,52,  ,  ,89,]

[1,  ,22,  ,40,58,  ,  ,88,]
[8,14,  ,30,  ,  ,61,73,  ,]
[ ,18,  ,32,48,  ,67,78,  ,]

[ ,13,  ,33,46,56,  ,  ,82,]
[2,  ,26,  ,  ,59,  ,76,86,]
[7,15,  ,35,  ,  ,62,79,  ,]

[ ,16,20,  ,41,53,  ,  ,80,]
[ ,  ,  ,37,43,54,63,  ,90,]
[4,  ,27,  ,44,  ,68,72,  ,]

[ ,11,24,  ,42,  ,60,  ,83,]
[ ,  ,28,34,45,55,  ,  ,84,]
[6,  ,29,38,  ,  ,64,77,  ,]

[ ,  ,24,33,  ,56,  ,71,80,]
[8,11,25,  ,  ,  ,66,  ,87,]
[ ,17,  ,  ,45,58,68,75,  ,]

[6,  ,27,  ,40,  ,60,72,  ,]
[ ,10,  ,35,  ,52,  ,73,82,]
[7,12,  ,37,  ,53,  ,  ,86,]

[2,  ,22,  ,44,50,  ,  ,89,]
[5,18,  ,32,  ,  ,61,70,  ,]
[ ,19,  ,38,46,  ,63,74,  ,]

[ ,14,  ,31,49,51,  ,  ,85,]
[3,  ,29,  ,  ,54,  ,77,88,]
[4,16,  ,36,  ,  ,67,79,  ,]

[ ,13,23,  ,42,55,  ,  ,81,]
[ ,  ,  ,34,43,57,64,  ,83,]
[9,  ,28,  ,48,  ,69,76,  ,]

[ ,15,20,  ,41,  ,62,  ,84,]
[ ,  ,21,30,47,59,  ,  ,90,]
[1,  ,26,39,  ,  ,65,78,  ,]

[ ,14,  ,38,  ,56,  ,70,80,]
[ ,15,22,  ,41,57,60,  ,  ,]
[6,  ,27,  ,  ,  ,66,72,89,]

[4,  ,29,  ,46,  ,62,74,  ,]
[ ,13,  ,31,  ,52,  ,78,81,]
[5,19,  ,33,  ,55,  ,  ,90,]

[2,  ,21,  ,42,51,  ,  ,88,]
[9,10,  ,30,  ,  ,63,76,  ,]
[ ,17,  ,32,47,  ,64,77,  ,]

[ ,11,  ,36,43,54,  ,  ,86,]
[1,  ,25,  ,  ,58,  ,71,87,]
[3,18,  ,39,  ,  ,67,75,  ,]

[ ,12,20,  ,45,53,  ,  ,82,]
[ ,  ,  ,34,48,59,65,  ,84,]
[8,  ,28,  ,49,  ,69,79,  ,]

[ ,16,23,  ,40,  ,61,  ,83,]
[ ,  ,24,35,44,50,  ,  ,85,]
[7,  ,26,37,  ,  ,68,73,  ,]

[ ,18,  ,38,  ,54,64,72,  ,]
[ ,19,20,  ,48,55,  ,  ,80,]
[4,  ,25,  ,  ,  ,65,73,86,]

[5,  ,24,  ,45,  ,66,71,  ,]
[ ,12,  ,30,  ,51,  ,76,84,]
[9,13,  ,35,  ,52,  ,  ,85,]

[1,  ,26,  ,41,59,  ,  ,83,]
[6,14,  ,34,  ,  ,63,77,  ,]
[ ,17,  ,36,42,  ,68,78,  ,]

[ ,11,  ,37,46,53,  ,  ,81,]
[2,  ,28,  ,  ,56,  ,70,90,]
[8,15,  ,39,  ,  ,62,75,  ,]

[ ,10,27,  ,43,57,  ,  ,82,]
[ ,  ,  ,31,47,58,67,  ,87,]
[7,  ,29,  ,49,  ,69,74,  ,]

[ ,16,21,  ,40,  ,60,  ,88,]
[ ,  ,22,32,44,50,  ,  ,89,]
[3,  ,23,33,  ,  ,61,79,  ,]

[ ,  ,20,  ,45,53,  ,77,82,]
[ ,12,29,39,  ,59,65,  ,  ,]
[8,13,  ,  ,  ,  ,69,79,83,]

[2,  ,22,  ,47,  ,61,74,  ,]
[ ,10,  ,30,  ,57,  ,76,89,]
[6,16,  ,31,  ,58,  ,  ,90,]

[7,  ,26,  ,44,55,  ,  ,81,]
[9,17,  ,32,  ,  ,60,71,  ,]
[ ,18,  ,36,48,  ,64,75,  ,]

[ ,11,  ,33,46,50,  ,  ,84,]
[1,  ,28,  ,  ,51,  ,72,85,]
[3,19,  ,34,  ,  ,68,78,  ,]

[ ,15,23,  ,40,52,  ,  ,80,]
[ ,  ,  ,35,41,54,62,  ,88,]
[5,  ,27,  ,42,  ,63,70,  ,]

[ ,14,21,  ,43,  ,66,  ,86,]
[ ,  ,24,37,49,56,  ,  ,87,]
[4,  ,25,38,  ,  ,67,73,  ,]

[5,11,  ,  ,  ,54,  ,74,84,]
[ ,18,22,  ,42,  ,65,  ,87,]
[ ,  ,28,32,  ,55,68,79,  ,]

[1,  ,20,  ,45,  ,64,70,  ,]
[ ,10,  ,31,  ,52,  ,77,80,]
[4,19,  ,37,  ,59,  ,  ,82,]

[3,  ,23,  ,46,50,  ,  ,85,]
[8,13,  ,34,  ,  ,63,73,  ,]
[ ,16,  ,36,47,  ,67,78,  ,]

[ ,14,  ,30,41,53,  ,  ,83,]
[2,  ,25,  ,  ,57,  ,75,89,]
[7,15,  ,39,  ,  ,60,76,  ,]

[ ,12,26,  ,43,51,  ,  ,88,]
[ ,  ,  ,33,48,58,66,  ,90,]
[9,  ,29,  ,49,  ,69,72,  ,]

[ ,17,21,  ,40,  ,61,  ,81,]
[ ,  ,24,35,44,56,  ,  ,86,]
[6,  ,27,38,  ,  ,62,71,  ,]

[ ,  ,22,  ,40,  ,62,78,88,]
[ ,14,27,35,  ,50,63,  ,  ,]
[3,19,  ,  ,  ,54,  ,79,89,]

[1,  ,23,  ,43,  ,61,73,  ,]
[ ,15,  ,30,  ,51,  ,76,85,]
[4,18,  ,32,  ,58,  ,  ,90,]

[5,  ,20,  ,46,56,  ,  ,81,]
[6,13,  ,31,  ,  ,67,74,  ,]
[ ,17,  ,39,48,  ,68,77,  ,]

[ ,10,  ,34,49,52,  ,  ,80,]
[2,  ,26,  ,  ,57,  ,70,86,]
[9,16,  ,38,  ,  ,66,72,  ,]

[ ,11,21,  ,41,53,  ,  ,83,]
[ ,  ,  ,36,42,59,64,  ,87,]
[7,  ,25,  ,45,  ,69,71,  ,]

[ ,12,24,  ,44,  ,60,  ,82,]
[ ,  ,28,33,47,55,  ,  ,84,]
[8,  ,29,37,  ,  ,65,75,  ,]

[ ,  ,20,39,  ,50,  ,72,84,]
[ ,15,25,  ,40,  ,61,  ,86,]
[3,19,  ,  ,  ,59,64,73,  ,]

[4,  ,29,  ,49,  ,65,74,  ,]
[ ,10,  ,31,  ,55,  ,77,82,]
[5,11,  ,37,  ,58,  ,  ,88,]

[2,  ,22,  ,41,54,  ,  ,87,]
[7,16,  ,34,  ,  ,68,76,  ,]
[ ,18,  ,38,45,  ,69,79,  ,]

[ ,12,  ,30,44,53,  ,  ,83,]
[6,  ,28,  ,  ,57,  ,70,89,]
[9,17,  ,36,  ,  ,60,78,  ,]

[ ,13,24,  ,42,52,  ,  ,81,]
[ ,  ,  ,33,46,56,63,  ,85,]
[8,  ,27,  ,48,  ,66,71,  ,]

[ ,14,21,  ,43,  ,62,  ,80,]
[ ,  ,23,32,47,51,  ,  ,90,]
[1,  ,26,35,  ,  ,67,75,  ,]

[ ,11,  ,39,  ,52,64,70,  ,]
[5,17,26,  ,  ,  ,69,  ,84,]
[ ,  ,27,  ,42,53,  ,75,89,]

[1,  ,23,  ,43,  ,62,72,  ,]
[ ,13,  ,32,  ,51,  ,78,80,]
[8,18,  ,33,  ,55,  ,  ,85,]

[6,  ,28,  ,40,54,  ,  ,86,]
[7,15,  ,31,  ,  ,60,76,  ,]
[ ,19,  ,38,41,  ,68,79,  ,]

[ ,12,  ,30,47,56,  ,  ,83,]
[4,  ,24,  ,  ,57,  ,73,88,]
[9,14,  ,36,  ,  ,67,77,  ,]

[ ,16,20,  ,44,50,  ,  ,81,]
[ ,  ,  ,37,45,59,61,  ,87,]
[3,  ,29,  ,48,  ,63,71,  ,]

[ ,10,21,  ,46,  ,65,  ,82,]
[ ,  ,22,34,49,58,  ,  ,90,]
[2,  ,25,35,  ,  ,66,74,  ,]

[ ,  ,20,  ,47,51,61,74,  ,]
[2,17,28,  ,  ,58,  ,  ,82,]
[ ,18,  ,37,  ,  ,67,75,90,]

[3,  ,24,  ,48,  ,62,78,  ,]
[ ,14,  ,32,  ,56,  ,79,87,]
[4,19,  ,39,  ,57,  ,  ,88,]

[6,  ,21,  ,42,54,  ,  ,85,]
[9,13,  ,33,  ,  ,64,73,  ,]
[ ,15,  ,36,44,  ,69,76,  ,]

[ ,10,  ,31,45,50,  ,  ,81,]
[5,  ,29,  ,  ,52,  ,70,83,]
[7,16,  ,34,  ,  ,66,71,  ,]

[ ,11,25,  ,40,55,  ,  ,80,]
[ ,  ,  ,30,43,59,65,  ,89,]
[8,  ,27,  ,49,  ,68,72,  ,]

[ ,12,22,  ,41,  ,60,  ,84,]
[ ,  ,23,35,46,53,  ,  ,86,]
[1,  ,26,38,  ,  ,63,77,  ,]

[ ,  ,26,37,  ,57,  ,70,89,]
[6,13,29,  ,  ,58,62,  ,  ,]
[ ,17,  ,  ,48,  ,68,73,90,]

[8,  ,22,  ,44,  ,65,74,  ,]
[ ,12,  ,34,  ,51,  ,79,83,]
[9,15,  ,36,  ,55,  ,  ,87,]

[3,  ,27,  ,41,52,  ,  ,80,]
[5,10,  ,35,  ,  ,67,71,  ,]
[ ,19,  ,38,46,  ,69,77,  ,]

[ ,11,  ,32,40,50,  ,  ,82,]
[2,  ,23,  ,  ,56,  ,72,84,]
[4,18,  ,39,  ,  ,61,75,  ,]

[ ,14,21,  ,42,54,  ,  ,86,]
[ ,  ,  ,31,47,59,60,  ,88,]
[7,  ,28,  ,49,  ,64,76,  ,]

[ ,16,20,  ,43,  ,63,  ,81,]
[ ,  ,24,30,45,53,  ,  ,85,]
[1,  ,25,33,  ,  ,66,78,  ,]

[ ,10,  ,31,  ,54,  ,74,83,]
[9,19,22,  ,  ,  ,64,  ,86,]
[ ,  ,24,  ,42,56,65,77,  ,]

[3,  ,26,  ,48,  ,68,76,  ,]
[ ,15,  ,30,  ,52,  ,79,84,]
[5,17,  ,35,  ,57,  ,  ,90,]

[4,  ,21,  ,43,51,  ,  ,82,]
[7,12,  ,36,  ,  ,60,75,  ,]
[ ,14,  ,38,45,  ,62,78,  ,]

[ ,13,  ,32,41,53,  ,  ,81,]
[1,  ,23,  ,  ,55,  ,70,85,]
[8,18,  ,33,  ,  ,69,73,  ,]

[ ,16,28,  ,44,50,  ,  ,87,]
[ ,  ,  ,39,46,59,63,  ,88,]
[2,  ,29,  ,47,  ,66,72,  ,]

[ ,11,20,  ,40,  ,61,  ,80,]
[ ,  ,25,34,49,58,  ,  ,89,]
[6,  ,27,37,  ,  ,67,71,  ,]

[ ,  ,25,30,  ,  ,60,73,82,]
[4,18,26,  ,  ,54,  ,  ,90,]
[ ,19,  ,  ,40,58,61,74,  ,]

[7,  ,27,  ,46,  ,64,75,  ,]
[ ,10,  ,37,  ,53,  ,78,80,]
[9,16,  ,39,  ,57,  ,  ,87,]

[2,  ,23,  ,41,50,  ,  ,89,]
[6,14,  ,31,  ,  ,65,70,  ,]
[ ,15,  ,38,49,  ,68,76,  ,]

[ ,11,  ,32,45,51,  ,  ,81,]
[1,  ,21,  ,  ,52,  ,77,83,]
[5,13,  ,36,  ,  ,63,79,  ,]

[ ,12,20,  ,42,56,  ,  ,84,]
[ ,  ,  ,34,44,59,62,  ,85,]
[8,  ,24,  ,48,  ,67,72,  ,]

[ ,17,22,  ,43,  ,66,  ,86,]
[ ,  ,28,33,47,55,  ,  ,88,]
[3,  ,29,35,  ,  ,69,71,  ,]

[ ,10,  ,37,  ,51,64,71,  ,]
[5,18,23,  ,  ,  ,69,  ,82,]
[ ,  ,27,  ,41,55,  ,77,85,]

[6,  ,22,  ,44,  ,68,70,  ,]
[ ,15,  ,34,  ,54,  ,79,88,]
[8,17,  ,38,  ,56,  ,  ,89,]

[4,  ,21,  ,43,53,  ,  ,86,]
[9,14,  ,30,  ,  ,60,73,  ,]
[ ,16,  ,33,48,  ,61,75,  ,]

[ ,11,  ,35,49,50,  ,  ,81,]
[1,  ,25,  ,  ,52,  ,74,87,]
[7,13,  ,39,  ,  ,65,76,  ,]

[ ,19,28,  ,40,58,  ,  ,83,]
[ ,  ,  ,32,45,59,62,  ,90,]
[3,  ,29,  ,46,  ,67,72,  ,]

[ ,12,20,  ,42,  ,63,  ,80,]
[ ,  ,24,31,47,57,  ,  ,84,]
[2,  ,26,36,  ,  ,66,78,  ,]

[9,  ,20,  ,  ,  ,68,70,84,]
[ ,11,26,  ,46,50,  ,  ,86,]
[ ,15,  ,34,  ,55,69,77,  ,]

[1,  ,21,  ,41,  ,67,76,  ,]
[ ,13,  ,32,  ,53,  ,79,83,]
[3,14,  ,36,  ,59,  ,  ,88,]

[6,  ,25,  ,40,57,  ,  ,81,]
[7,18,  ,33,  ,  ,60,75,  ,]
[ ,19,  ,37,49,  ,61,78,  ,]

[ ,10,  ,30,42,56,  ,  ,82,]
[2,  ,27,  ,  ,58,  ,72,87,]
[4,12,  ,31,  ,  ,65,73,  ,]

[ ,16,23,  ,43,52,  ,  ,80,]
[ ,  ,  ,39,45,54,63,  ,90,]
[8,  ,29,  ,48,  ,64,71,  ,]

[ ,17,22,  ,44,  ,62,  ,85,]
[ ,  ,24,35,47,51,  ,  ,89,]
[5,  ,28,38,  ,  ,66,74,  ,]

[ ,14,  ,  ,40,56,  ,73,80,]
[1,15,24,  ,  ,  ,65,  ,85,]
[ ,  ,28,34,  ,57,66,74,  ,]

[8,  ,20,  ,44,  ,62,70,  ,]
[ ,17,  ,30,  ,54,  ,71,86,]
[9,19,  ,38,  ,58,  ,  ,89,]

[2,  ,21,  ,42,52,  ,  ,87,]
[6,12,  ,32,  ,  ,64,72,  ,]
[ ,13,  ,33,43,  ,67,76,  ,]

[ ,10,  ,35,41,53,  ,  ,81,]
[3,  ,23,  ,  ,55,  ,77,82,]
[5,16,  ,37,  ,  ,61,79,  ,]

[ ,18,22,  ,46,51,  ,  ,83,]
[ ,  ,  ,39,47,59,60,  ,84,]
[4,  ,26,  ,48,  ,63,78,  ,]

[ ,11,25,  ,45,  ,68,  ,88,]
[ ,  ,27,31,49,50,  ,  ,90,]
[7,  ,29,36,  ,  ,69,75,  ,]

[ ,  ,21,35,  ,51,  ,75,83,]
[ ,16,24,  ,40,59,64,  ,  ,]
[8,19,  ,  ,  ,  ,68,77,89,]

[5,  ,25,  ,41,  ,63,71,  ,]
[ ,15,  ,31,  ,52,  ,72,84,]
[6,17,  ,39,  ,53,  ,  ,86,]

[3,  ,29,  ,42,57,  ,  ,87,]
[7,10,  ,33,  ,  ,66,76,  ,]
[ ,14,  ,37,46,  ,67,78,  ,]

[ ,12,  ,30,47,50,  ,  ,82,]
[1,  ,22,  ,  ,55,  ,73,88,]
[9,18,  ,36,  ,  ,65,74,  ,]

[ ,13,20,  ,43,54,  ,  ,80,]
[ ,  ,  ,38,45,58,62,  ,90,]
[4,  ,23,  ,48,  ,69,70,  ,]

[ ,11,26,  ,44,  ,60,  ,81,]
[ ,  ,27,32,49,56,  ,  ,85,]
[2,  ,28,34,  ,  ,61,79,  ,]

[ ,13,  ,  ,44,55,  ,70,82,]
[ ,17,22,35,  ,57,60,  ,  ,]
[2,  ,27,  ,  ,  ,67,76,87,]

[6,  ,20,  ,48,  ,65,71,  ,]
[ ,12,  ,34,  ,52,  ,75,80,]
[8,19,  ,39,  ,54,  ,  ,85,]

[1,  ,23,  ,40,56,  ,  ,89,]
[7,10,  ,30,  ,  ,61,77,  ,]
[ ,14,  ,37,42,  ,68,78,  ,]

[ ,16,  ,33,49,58,  ,  ,81,]
[3,  ,28,  ,  ,59,  ,72,90,]
[9,18,  ,36,  ,  ,69,73,  ,]

[ ,15,24,  ,43,50,  ,  ,84,]
[ ,  ,  ,31,46,53,62,  ,86,]
[4,  ,26,  ,47,  ,63,79,  ,]

[ ,11,21,  ,41,  ,64,  ,83,]
[ ,  ,25,32,45,51,  ,  ,88,]
[5,  ,29,38,  ,  ,66,74,  ,]

[ ,  ,22,  ,40,56,  ,71,87,]
[1,14,24,  ,  ,  ,68,  ,88,]
[ ,15,  ,36,  ,58,69,76,  ,]

[4,  ,21,  ,46,  ,62,72,  ,]
[ ,10,  ,33,  ,52,  ,75,81,]
[6,13,  ,35,  ,54,  ,  ,82,]

[3,  ,27,  ,43,50,  ,  ,80,]
[9,11,  ,30,  ,  ,60,70,  ,]
[ ,19,  ,39,44,  ,63,78,  ,]

[ ,16,  ,32,48,55,  ,  ,84,]
[5,  ,26,  ,  ,57,  ,77,86,]
[7,17,  ,38,  ,  ,61,79,  ,]

[ ,18,20,  ,42,51,  ,  ,89,]
[ ,  ,  ,34,45,59,66,  ,90,]
[8,  ,23,  ,47,  ,67,74,  ,]

[ ,12,25,  ,41,  ,64,  ,83,]
[ ,  ,28,31,49,53,  ,  ,85,]
[2,  ,29,37,  ,  ,65,73,  ,]

[ ,  ,24,39,  ,  ,63,70,81,]
[5,14,25,  ,  ,52,67,  ,  ,]
[ ,18,  ,  ,47,59,  ,73,85,]

[1,  ,22,  ,44,  ,62,71,  ,]
[ ,12,  ,34,  ,50,  ,77,84,]
[4,13,  ,38,  ,54,  ,  ,89,]

[7,  ,27,  ,40,56,  ,  ,86,]
[8,15,  ,30,  ,  ,64,76,  ,]
[ ,19,  ,36,48,  ,66,78,  ,]

[ ,10,  ,32,43,57,  ,  ,87,]
[3,  ,29,  ,  ,58,  ,72,88,]
[6,11,  ,35,  ,  ,61,79,  ,]

[ ,16,21,  ,45,51,  ,  ,80,]
[ ,  ,  ,33,46,55,60,  ,90,]
[2,  ,26,  ,49,  ,69,74,  ,]

[ ,17,20,  ,41,  ,65,  ,82,]
[ ,  ,23,31,42,53,  ,  ,83,]
[9,  ,28,37,  ,  ,68,75,  ,]

[ ,16,  ,  ,42,52,61,70,  ,]
[7,18,24,  ,  ,  ,64,  ,85,]
[ ,  ,28,36,  ,53,  ,72,89,]

[3,  ,20,  ,47,  ,67,73,  ,]
[ ,11,  ,30,  ,50,  ,75,80,]
[9,15,  ,34,  ,54,  ,  ,86,]

[5,  ,23,  ,41,57,  ,  ,87,]
[8,12,  ,31,  ,  ,63,77,  ,]
[ ,17,  ,38,43,  ,69,78,  ,]

[ ,13,  ,32,49,51,  ,  ,81,]
[2,  ,29,  ,  ,55,  ,74,90,]
[4,19,  ,39,  ,  ,62,76,  ,]

[ ,14,22,  ,40,58,  ,  ,82,]
[ ,  ,  ,35,45,59,60,  ,83,]
[1,  ,26,  ,46,  ,66,79,  ,]

[ ,10,21,  ,44,  ,65,  ,84,]
[ ,  ,25,33,48,56,  ,  ,88,]
[6,  ,27,37,  ,  ,68,71,  ,]

[3,12,  ,  ,  ,53,  ,70,87,]
[ ,13,25,39,  ,  ,60,  ,88,]
[ ,  ,29,  ,49,54,64,71,  ,]

[5,  ,26,  ,43,  ,69,73,  ,]
[ ,15,  ,33,  ,51,  ,76,81,]
[9,16,  ,37,  ,52,  ,  ,89,]

[1,  ,24,  ,45,59,  ,  ,82,]
[8,14,  ,30,  ,  ,62,72,  ,]
[ ,18,  ,38,48,  ,66,78,  ,]

[ ,10,  ,32,42,50,  ,  ,84,]
[4,  ,22,  ,  ,56,  ,74,90,]
[7,17,  ,34,  ,  ,61,77,  ,]

[ ,19,23,  ,40,55,  ,  ,85,]
[ ,  ,  ,31,46,57,65,  ,86,]
[2,  ,28,  ,47,  ,68,75,  ,]

[ ,11,20,  ,41,  ,63,  ,80,]
[ ,  ,21,35,44,58,  ,  ,83,]
[6,  ,27,36,  ,  ,67,79,  ,]

[ ,17,  ,31,  ,50,  ,75,84,]
[6,19,20,  ,  ,  ,64,  ,89,]
[ ,  ,28,  ,47,53,67,76,  ,]

[4,  ,27,  ,48,  ,60,73,  ,]
[ ,13,  ,32,  ,57,  ,74,85,]
[8,16,  ,37,  ,59,  ,  ,88,]

[5,  ,22,  ,40,54,  ,  ,86,]
[7,12,  ,35,  ,  ,62,77,  ,]
[ ,18,  ,38,43,  ,66,79,  ,]

[ ,14,  ,30,41,56,  ,  ,81,]
[1,  ,23,  ,  ,58,  ,71,82,]
[2,15,  ,36,  ,  ,65,72,  ,]

[ ,11,21,  ,42,52,  ,  ,80,]
[ ,  ,  ,34,44,55,68,  ,90,]
[9,  ,25,  ,45,  ,69,78,  ,]

[ ,10,24,  ,46,  ,61,  ,83,]
[ ,  ,26,33,49,51,  ,  ,87,]
[3,  ,29,39,  ,  ,63,70,  ,]

[ ,  ,20,  ,48,51,63,70,  ,]
[ ,10,26,36,  ,  ,69,  ,80,]
[6,15,  ,  ,  ,54,  ,78,88,]

[1,  ,21,  ,43,  ,65,73,  ,]
[ ,13,  ,35,  ,55,  ,74,83,]
[9,17,  ,37,  ,59,  ,  ,86,]

[2,  ,27,  ,47,58,  ,  ,82,]
[3,11,  ,32,  ,  ,60,72,  ,]
[ ,16,  ,34,49,  ,62,77,  ,]

[ ,14,  ,31,45,56,  ,  ,87,]
[4,  ,23,  ,  ,57,  ,76,89,]
[7,19,  ,39,  ,  ,61,79,  ,]

[ ,18,22,  ,40,50,  ,  ,85,]
[ ,  ,  ,33,41,52,66,  ,90,]
[5,  ,29,  ,46,  ,67,75,  ,]

[ ,12,24,  ,42,  ,64,  ,81,]
[ ,  ,25,30,44,53,  ,  ,84,]
[8,  ,28,38,  ,  ,68,71,  ,]

[2,  ,21,  ,  ,56,  ,77,86,]
[ ,16,23,35,  ,58,61,  ,  ,]
[ ,18,  ,  ,40,  ,62,78,87,]

[5,  ,28,  ,42,  ,66,70,  ,]
[ ,15,  ,33,  ,51,  ,73,84,]
[6,17,  ,37,  ,52,  ,  ,89,]

[3,  ,20,  ,41,57,  ,  ,82,]
[7,11,  ,34,  ,  ,64,72,  ,]
[ ,13,  ,39,47,  ,69,74,  ,]

[ ,10,  ,31,45,54,  ,  ,81,]
[4,  ,26,  ,  ,59,  ,75,90,]
[9,12,  ,32,  ,  ,65,76,  ,]

[ ,14,24,  ,43,53,  ,  ,85,]
[ ,  ,  ,30,46,55,60,  ,88,]
[1,  ,27,  ,49,  ,63,71,  ,]

[ ,19,22,  ,44,  ,67,  ,80,]
[ ,  ,25,36,48,50,  ,  ,83,]
[8,  ,29,38,  ,  ,68,79,  ,]

[9,  ,20,  ,  ,  ,61,70,81,]
[ ,11,27,39,  ,52,  ,  ,82,]
[ ,14,  ,  ,46,55,62,79,  ,]

[5,  ,28,  ,47,  ,60,73,  ,]
[ ,10,  ,30,  ,53,  ,77,83,]
[6,12,  ,31,  ,57,  ,  ,89,]

[2,  ,24,  ,40,56,  ,  ,84,]
[7,15,  ,33,  ,  ,64,71,  ,]
[ ,19,  ,37,48,  ,65,72,  ,]

[ ,13,  ,36,43,50,  ,  ,80,]
[1,  ,22,  ,  ,59,  ,75,90,]
[8,18,  ,38,  ,  ,68,78,  ,]

[ ,17,26,  ,41,51,  ,  ,85,]
[ ,  ,  ,32,45,54,66,  ,87,]
[4,  ,29,  ,49,  ,69,76,  ,]

[ ,16,21,  ,42,  ,63,  ,86,]
[ ,  ,23,34,44,58,  ,  ,88,]
[3,  ,25,35,  ,  ,67,74,  ,]

[8,11,  ,  ,  ,52,64,76,  ,]
[ ,17,25,34,  ,  ,67,  ,84,]
[ ,  ,28,  ,48,56,  ,77,89,]

[3,  ,20,  ,41,  ,65,73,  ,]
[ ,10,  ,31,  ,51,  ,79,88,]
[9,16,  ,35,  ,55,  ,  ,90,]

[2,  ,27,  ,42,54,  ,  ,81,]
[4,12,  ,36,  ,  ,60,70,  ,]
[ ,15,  ,38,45,  ,66,72,  ,]

[ ,18,  ,30,47,53,  ,  ,80,]
[1,  ,22,  ,  ,57,  ,75,85,]
[6,19,  ,32,  ,  ,62,78,  ,]

[ ,13,23,  ,40,50,  ,  ,82,]
[ ,  ,  ,37,43,59,61,  ,83,]
[5,  ,29,  ,46,  ,68,71,  ,]

[ ,14,21,  ,44,  ,63,  ,86,]
[ ,  ,24,33,49,58,  ,  ,87,]
[7,  ,26,39,  ,  ,69,74,  ,]

[ ,11,  ,  ,41,52,61,71,  ,]
[1,19,23,  ,  ,53,  ,  ,80,]
[ ,  ,26,31,  ,  ,64,76,84,]

[5,  ,29,  ,40,  ,68,70,  ,]
[ ,10,  ,30,  ,51,  ,78,83,]
[6,13,  ,32,  ,54,  ,  ,85,]

[2,  ,28,  ,44,58,  ,  ,81,]
[4,14,  ,34,  ,  ,62,72,  ,]
[ ,18,  ,39,48,  ,67,74,  ,]

[ ,12,  ,36,42,56,  ,  ,88,]
[7,  ,27,  ,  ,59,  ,73,90,]
[9,17,  ,38,  ,  ,69,79,  ,]

[ ,16,22,  ,43,50,  ,  ,86,]
[ ,  ,  ,37,45,57,60,  ,87,]
[3,  ,24,  ,46,  ,63,75,  ,]

[ ,15,20,  ,47,  ,65,  ,82,]
[ ,  ,21,33,49,55,  ,  ,89,]
[8,  ,25,35,  ,  ,66,77,  ,]

[6,  ,20,  ,  ,50,  ,71,80,]
[ ,10,27,38,  ,59,61,  ,  ,]
[ ,19,  ,  ,45,  ,69,74,84,]

[5,  ,26,  ,41,  ,63,70,  ,]
[ ,15,  ,36,  ,56,  ,75,82,]
[9,17,  ,39,  ,58,  ,  ,87,]

[1,  ,22,  ,40,53,  ,  ,85,]
[7,11,  ,30,  ,  ,62,72,  ,]
[ ,12,  ,32,42,  ,65,78,  ,]

[ ,14,  ,31,44,55,  ,  ,81,]
[2,  ,21,  ,  ,57,  ,73,86,]
[3,18,  ,35,  ,  ,67,76,  ,]

[ ,16,23,  ,43,51,  ,  ,83,]
[ ,  ,  ,33,48,54,64,  ,89,]
[4,  ,25,  ,49,  ,68,77,  ,]

[ ,13,24,  ,46,  ,60,  ,88,]
[ ,  ,28,34,47,52,  ,  ,90,]
[8,  ,29,37,  ,  ,66,79,  ,]

[1,  ,23,  ,  ,  ,64,75,80,]
[ ,13,25,  ,45,53,  ,  ,86,]
[ ,19,  ,30,  ,54,69,76,  ,]

[4,  ,24,  ,44,  ,60,71,  ,]
[ ,10,  ,31,  ,50,  ,78,81,]
[5,16,  ,33,  ,56,  ,  ,89,]

[6,  ,27,  ,46,58,  ,  ,83,]
[8,15,  ,37,  ,  ,61,77,  ,]
[ ,17,  ,39,49,  ,65,79,  ,]

[ ,12,  ,32,41,52,  ,  ,88,]
[2,  ,20,  ,  ,57,  ,70,90,]
[3,14,  ,34,  ,  ,62,72,  ,]

[ ,18,21,  ,40,55,  ,  ,82,]
[ ,  ,  ,35,42,59,66,  ,84,]
[7,  ,22,  ,48,  ,68,74,  ,]

[ ,11,26,  ,43,  ,63,  ,85,]
[ ,  ,28,36,47,51,  ,  ,87,]
[9,  ,29,38,  ,  ,67,73,  ,]

[ ,  ,20,32,  ,53,63,73,  ,]
[ ,12,28,  ,43,57,  ,  ,81,]
[9,16,  ,  ,  ,  ,65,74,87,]

[3,  ,29,  ,49,  ,62,72,  ,]
[ ,13,  ,30,  ,50,  ,76,83,]
[5,18,  ,37,  ,54,  ,  ,86,]

[1,  ,25,  ,41,52,  ,  ,82,]
[2,14,  ,31,  ,  ,64,70,  ,]
[ ,15,  ,33,45,  ,66,71,  ,]

[ ,10,  ,36,48,56,  ,  ,88,]
[4,  ,22,  ,  ,59,  ,75,90,]
[7,19,  ,38,  ,  ,60,78,  ,]

[ ,11,24,  ,40,51,  ,  ,80,]
[ ,  ,  ,34,44,55,67,  ,89,]
[8,  ,27,  ,46,  ,69,77,  ,]

[ ,17,21,  ,42,  ,61,  ,84,]
[ ,  ,23,35,47,58,  ,  ,85,]
[6,  ,26,39,  ,  ,68,79,  ,]

[ ,  ,24,  ,47,53,60,75,  ,]
[1,14,29,  ,  ,  ,67,  ,81,]
[ ,18,  ,38,  ,57,  ,79,90,]

[2,  ,25,  ,40,  ,61,71,  ,]
[ ,12,  ,33,  ,55,  ,76,82,]
[4,19,  ,37,  ,56,  ,  ,86,]

[7,  ,23,  ,41,59,  ,  ,89,]
[8,15,  ,32,  ,  ,63,72,  ,]
[ ,17,  ,34,45,  ,65,74,  ,]

[ ,11,  ,31,46,52,  ,  ,83,]
[5,  ,21,  ,  ,58,  ,70,84,]
[9,16,  ,36,  ,  ,66,73,  ,]

[ ,10,20,  ,42,50,  ,  ,85,]
[ ,  ,  ,30,44,51,62,  ,87,]
[3,  ,22,  ,49,  ,64,77,  ,]

[ ,13,26,  ,43,  ,68,  ,80,]
[ ,  ,27,35,48,54,  ,  ,88,]
[6,  ,28,39,  ,  ,69,78,  ,]

[ ,  ,23,32,  ,55,60,75,  ,]
[6,10,26,  ,  ,56,  ,  ,82,]
[ ,11,  ,  ,49,  ,67,76,84,]

[2,  ,24,  ,41,  ,65,70,  ,]
[ ,13,  ,30,  ,50,  ,74,83,]
[4,18,  ,38,  ,51,  ,  ,87,]

[5,  ,27,  ,40,59,  ,  ,85,]
[9,12,  ,31,  ,  ,61,73,  ,]
[ ,15,  ,36,42,  ,62,78,  ,]

[ ,14,  ,34,47,53,  ,  ,81,]
[7,  ,22,  ,  ,58,  ,71,86,]
[8,19,  ,35,  ,  ,69,72,  ,]

[ ,16,20,  ,44,54,  ,  ,80,]
[ ,  ,  ,39,45,57,63,  ,88,]
[3,  ,21,  ,48,  ,64,77,  ,]

[ ,17,25,  ,43,  ,66,  ,89,]
[ ,  ,28,33,46,52,  ,  ,90,]
[1,  ,29,37,  ,  ,68,79,  ,]

[ ,  ,21,30,  ,  ,62,74,87,]
[8,10,22,  ,  ,57,  ,  ,89,]
[ ,17,  ,  ,44,59,69,76,  ,]

[6,  ,25,  ,46,  ,64,71,  ,]
[ ,13,  ,34,  ,53,  ,79,81,]
[9,16,  ,37,  ,54,  ,  ,86,]

[2,  ,28,  ,41,52,  ,  ,85,]
[5,11,  ,35,  ,  ,65,70,  ,]
[ ,14,  ,38,48,  ,66,78,  ,]

[ ,18,  ,32,42,55,  ,  ,80,]
[3,  ,20,  ,  ,58,  ,72,88,]
[7,19,  ,39,  ,  ,61,75,  ,]

[ ,15,24,  ,43,51,  ,  ,82,]
[ ,  ,  ,33,45,56,63,  ,90,]
[1,  ,27,  ,49,  ,68,73,  ,]

[ ,12,23,  ,40,  ,60,  ,83,]
[ ,  ,26,31,47,50,  ,  ,84,]
[4,  ,29,36,  ,  ,67,77,  ,]

[ ,  ,24,31,  ,52,65,71,  ,]
[ ,10,26,  ,43,  ,67,  ,86,]
[1,12,  ,  ,  ,53,  ,73,89,]

[7,  ,21,  ,42,  ,68,70,  ,]
[ ,11,  ,38,  ,55,  ,75,81,]
[8,18,  ,39,  ,56,  ,  ,85,]

[2,  ,28,  ,40,54,  ,  ,84,]
[6,14,  ,33,  ,  ,60,77,  ,]
[ ,16,  ,37,45,  ,63,78,  ,]

[ ,15,  ,30,47,50,  ,  ,80,]
[5,  ,22,  ,  ,59,  ,74,82,]
[9,17,  ,32,  ,  ,66,79,  ,]

[ ,13,25,  ,44,51,  ,  ,83,]
[ ,  ,  ,36,46,57,61,  ,88,]
[3,  ,27,  ,48,  ,69,76,  ,]

[ ,19,20,  ,41,  ,62,  ,87,]
[ ,  ,23,34,49,58,  ,  ,90,]
[4,  ,29,35,  ,  ,64,72,  ,]

[ ,  ,23,  ,42,50,62,74,  ,]
[4,12,26,  ,  ,51,  ,  ,85,]
[ ,17,  ,33,  ,  ,68,79,86,]

[6,  ,20,  ,41,  ,69,73,  ,]
[ ,13,  ,37,  ,54,  ,76,81,]
[9,16,  ,39,  ,58,  ,  ,82,]

[1,  ,22,  ,44,52,  ,  ,88,]
[3,10,  ,30,  ,  ,64,75,  ,]
[ ,14,  ,34,46,  ,67,77,  ,]

[ ,15,  ,36,49,55,  ,  ,84,]
[7,  ,25,  ,  ,57,  ,71,89,]
[8,19,  ,38,  ,  ,63,78,  ,]

[ ,18,21,  ,43,53,  ,  ,83,]
[ ,  ,  ,32,45,59,65,  ,90,]
[2,  ,24,  ,47,  ,66,72,  ,]

[ ,11,27,  ,40,  ,60,  ,80,]
[ ,  ,28,31,48,56,  ,  ,87,]
[5,  ,29,35,  ,  ,61,70,  ,]

[7,  ,21,  ,  ,52,64,71,  ,]
[ ,11,29,37,  ,  ,68,  ,81,]
[ ,16,  ,  ,48,59,  ,79,87,]

[1,  ,23,  ,42,  ,69,70,  ,]
[ ,10,  ,33,  ,54,  ,73,85,]
[9,19,  ,34,  ,58,  ,  ,86,]

[4,  ,28,  ,43,57,  ,  ,80,]
[8,13,  ,30,  ,  ,62,74,  ,]
[ ,17,  ,32,47,  ,65,78,  ,]

[ ,14,  ,31,46,50,  ,  ,82,]
[2,  ,24,  ,  ,51,  ,72,84,]
[6,18,  ,38,  ,  ,61,76,  ,]

[ ,15,22,  ,40,53,  ,  ,83,]
[ ,  ,  ,39,41,56,60,  ,88,]
[5,  ,27,  ,49,  ,67,75,  ,]

[ ,12,20,  ,44,  ,63,  ,89,]
[ ,  ,25,35,45,55,  ,  ,90,]
[3,  ,26,36,  ,  ,66,77,  ,]

[ ,12,  ,33,  ,  ,63,75,87,]
[ ,15,21,  ,45,50,  ,  ,89,]
[4,  ,27,  ,  ,54,67,78,  ,]

[1,  ,20,  ,44,  ,62,74,  ,]
[ ,11,  ,32,  ,57,  ,79,81,]
[6,18,  ,39,  ,59,  ,  ,82,]

[8,  ,28,  ,42,56,  ,  ,90,]
[9,10,  ,30,  ,  ,64,72,  ,]
[ ,17,  ,38,43,  ,65,77,  ,]

[ ,16,  ,31,41,51,  ,  ,85,]
[2,  ,26,  ,  ,58,  ,70,88,]
[3,19,  ,36,  ,  ,61,76,  ,]

[ ,14,23,  ,40,52,  ,  ,80,]
[ ,  ,  ,34,47,53,68,  ,86,]
[5,  ,24,  ,49,  ,69,73,  ,]

[ ,13,22,  ,46,  ,60,  ,83,]
[ ,  ,25,35,48,55,  ,  ,84,]
[7,  ,29,37,  ,  ,66,71,  ,]

[1,15,  ,  ,  ,55,  ,71,82,]
[ ,17,26,33,  ,57,66,  ,  ,]
[ ,  ,27,  ,41,  ,67,73,83,]

[2,  ,25,  ,47,  ,69,72,  ,]
[ ,10,  ,30,  ,50,  ,75,87,]
[8,19,  ,38,  ,56,  ,  ,90,]

[3,  ,29,  ,43,51,  ,  ,88,]
[4,13,  ,34,  ,  ,62,70,  ,]
[ ,18,  ,39,46,  ,63,78,  ,]

[ ,11,  ,32,42,52,  ,  ,86,]
[5,  ,28,  ,  ,58,  ,76,89,]
[9,14,  ,35,  ,  ,64,79,  ,]

[ ,16,21,  ,44,53,  ,  ,80,]
[ ,  ,  ,36,45,54,61,  ,81,]
[7,  ,24,  ,48,  ,65,77,  ,]

[ ,12,20,  ,40,  ,60,  ,84,]
[ ,  ,22,31,49,59,  ,  ,85,]
[6,  ,23,37,  ,  ,68,74,  ,]

[5,13,  ,  ,  ,56,61,71,  ,]
[ ,14,27,  ,41,58,  ,  ,81,]
[ ,  ,29,39,  ,  ,63,74,88,]

[1,  ,20,  ,43,  ,62,76,  ,]
[ ,15,  ,31,  ,52,  ,79,80,]
[8,18,  ,32,  ,54,  ,  ,89,]

[6,  ,22,  ,44,55,  ,  ,83,]
[9,11,  ,36,  ,  ,65,70,  ,]
[ ,12,  ,37,49,  ,66,77,  ,]

[ ,10,  ,33,45,57,  ,  ,82,]
[2,  ,21,  ,  ,59,  ,73,87,]
[3,19,  ,35,  ,  ,64,75,  ,]

[ ,16,23,  ,40,50,  ,  ,84,]
[ ,  ,  ,30,42,53,67,  ,85,]
[7,  ,28,  ,47,  ,69,78,  ,]

[ ,17,24,  ,46,  ,60,  ,86,]
[ ,  ,25,34,48,51,  ,  ,90,]
[4,  ,26,38,  ,  ,68,72,  ,]

[ ,10,  ,37,  ,56,  ,73,82,]
[ ,16,20,  ,40,  ,68,  ,89,]
[4,  ,21,  ,  ,57,69,74,  ,]

[1,  ,26,  ,44,  ,64,70,  ,]
[ ,12,  ,34,  ,50,  ,72,88,]
[7,19,  ,35,  ,54,  ,  ,90,]

[5,  ,29,  ,41,59,  ,  ,80,]
[6,11,  ,30,  ,  ,61,76,  ,]
[ ,18,  ,39,46,  ,66,78,  ,]

[ ,13,  ,32,49,51,  ,  ,85,]
[2,  ,23,  ,  ,58,  ,77,86,]
[9,17,  ,36,  ,  ,63,79,  ,]

[ ,15,24,  ,42,52,  ,  ,81,]
[ ,  ,  ,31,47,53,62,  ,83,]
[3,  ,25,  ,48,  ,65,75,  ,]

[ ,14,22,  ,43,  ,60,  ,84,]
[ ,  ,27,33,45,55,  ,  ,87,]
[8,  ,28,38,  ,  ,67,71,  ,]

[ ,12,  ,  ,46,53,  ,74,83,]
[ ,19,24,30,  ,57,63,  ,  ,]
[7,  ,25,  ,  ,  ,65,78,89,]

[1,  ,28,  ,40,  ,60,73,  ,]
[ ,15,  ,34,  ,55,  ,75,84,]
[8,16,  ,37,  ,56,  ,  ,87,]

[3,  ,26,  ,44,50,  ,  ,82,]
[6,11,  ,31,  ,  ,61,70,  ,]
[ ,14,  ,36,49,  ,67,76,  ,]

[ ,13,  ,35,48,52,  ,  ,81,]
[2,  ,23,  ,  ,58,  ,72,88,]
[5,18,  ,38,  ,  ,66,79,  ,]

[ ,17,22,  ,41,51,  ,  ,80,]
[ ,  ,  ,39,43,54,68,  ,90,]
[4,  ,29,  ,47,  ,69,77,  ,]

[ ,10,20,  ,42,  ,62,  ,85,]
[ ,  ,21,32,45,59,  ,  ,86,]
[9,  ,27,33,  ,  ,64,71,  ,]

[ ,  ,22,31,  ,50,61,73,  ,]
[4,11,26,  ,  ,55,  ,  ,80,]
[ ,16,  ,  ,45,  ,63,78,82,]

[6,  ,24,  ,40,  ,67,71,  ,]
[ ,13,  ,35,  ,53,  ,72,81,]
[8,15,  ,37,  ,54,  ,  ,86,]

[7,  ,28,  ,42,58,  ,  ,83,]
[9,10,  ,32,  ,  ,62,76,  ,]
[ ,14,  ,33,44,  ,69,77,  ,]

[ ,12,  ,30,46,51,  ,  ,89,]
[1,  ,29,  ,  ,52,  ,74,90,]
[3,18,  ,34,  ,  ,65,75,  ,]

[ ,17,23,  ,41,56,  ,  ,85,]
[ ,  ,  ,36,47,57,64,  ,88,]
[5,  ,27,  ,48,  ,66,70,  ,]

[ ,19,20,  ,43,  ,60,  ,84,]
[ ,  ,21,38,49,59,  ,  ,87,]
[2,  ,25,39,  ,  ,68,79,  ,]

[ ,  ,21,  ,43,51,60,71,  ,]
[4,10,27,  ,  ,52,  ,  ,85,]
[ ,17,  ,31,  ,  ,67,73,88,]

[3,  ,24,  ,42,  ,66,76,  ,]
[ ,11,  ,35,  ,53,  ,79,86,]
[8,15,  ,39,  ,58,  ,  ,90,]

[6,  ,25,  ,44,55,  ,  ,84,]
[7,12,  ,33,  ,  ,62,72,  ,]
[ ,16,  ,37,46,  ,65,75,  ,]

[ ,13,  ,36,40,54,  ,  ,81,]
[1,  ,22,  ,  ,59,  ,74,83,]
[9,14,  ,38,  ,  ,68,78,  ,]

[ ,18,23,  ,45,50,  ,  ,80,]
[ ,  ,  ,32,47,57,64,  ,89,]
[2,  ,29,  ,48,  ,69,70,  ,]

[ ,19,20,  ,41,  ,61,  ,82,]
[ ,  ,26,30,49,56,  ,  ,87,]
[5,  ,28,34,  ,  ,63,77,  ,]

[7,  ,24,  ,  ,50,60,76,  ,]
[ ,16,28,38,  ,  ,63,  ,87,]
[ ,17,  ,  ,47,52,  ,78,90,]

[5,  ,23,  ,46,  ,68,71,  ,]
[ ,13,  ,32,  ,51,  ,74,84,]
[9,18,  ,34,  ,55,  ,  ,86,]

[1,  ,25,  ,40,53,  ,  ,85,]
[3,12,  ,33,  ,  ,61,70,  ,]
[ ,14,  ,35,41,  ,67,73,  ,]

[ ,10,  ,30,49,57,  ,  ,80,]
[6,  ,29,  ,  ,59,  ,75,82,]
[8,15,  ,36,  ,  ,64,79,  ,]

[ ,19,20,  ,44,54,  ,  ,83,]
[ ,  ,  ,39,45,56,62,  ,89,]
[4,  ,21,  ,48,  ,66,72,  ,]

[ ,11,22,  ,42,  ,65,  ,81,]
[ ,  ,26,31,43,58,  ,  ,88,]
[2,  ,27,37,  ,  ,69,77,  ,]

[6,  ,25,  ,  ,51,  ,71,82,]
[ ,15,27,39,  ,55,60,  ,  ,]
[ ,18,  ,  ,46,  ,66,78,85,]

[4,  ,21,  ,42,  ,63,72,  ,]
[ ,10,  ,32,  ,50,  ,79,83,]
[7,19,  ,36,  ,53,  ,  ,84,]

[1,  ,29,  ,40,59,  ,  ,81,]
[3,13,  ,30,  ,  ,62,73,  ,]
[ ,16,  ,35,43,  ,68,77,  ,]

[ ,11,  ,33,48,54,  ,  ,80,]
[2,  ,26,  ,  ,56,  ,74,86,]
[8,17,  ,38,  ,  ,69,76,  ,]

[ ,12,20,  ,41,52,  ,  ,87,]
[ ,  ,  ,31,45,58,61,  ,88,]
[9,  ,28,  ,47,  ,65,75,  ,]

[ ,14,22,  ,44,  ,64,  ,89,]
[ ,  ,23,34,49,57,  ,  ,90,]
[5,  ,24,37,  ,  ,67,70,  ,]

[6,13,  ,  ,  ,51,  ,72,84,]
[ ,14,22,  ,44,53,60,  ,  ,]
[ ,  ,25,36,  ,  ,63,76,88,]

[5,  ,24,  ,41,  ,65,71,  ,]
[ ,16,  ,34,  ,56,  ,75,85,]
[8,18,  ,37,  ,58,  ,  ,87,]

[4,  ,28,  ,45,55,  ,  ,86,]
[9,12,  ,38,  ,  ,62,74,  ,]
[ ,19,  ,39,49,  ,64,78,  ,]

[ ,10,  ,31,42,52,  ,  ,81,]
[2,  ,27,  ,  ,57,  ,70,89,]
[3,11,  ,33,  ,  ,61,77,  ,]

[ ,17,20,  ,40,54,  ,  ,80,]
[ ,  ,  ,30,43,59,67,  ,83,]
[7,  ,23,  ,48,  ,69,79,  ,]

[ ,15,21,  ,46,  ,66,  ,82,]
[ ,  ,26,32,47,50,  ,  ,90,]
[1,  ,29,35,  ,  ,68,73,  ,]

[ ,  ,20,  ,40,  ,61,72,85,]
[2,15,28,  ,  ,53,69,  ,  ,]
[ ,16,  ,30,  ,58,  ,77,89,]

[5,  ,26,  ,45,  ,67,74,  ,]
[ ,11,  ,35,  ,55,  ,79,80,]
[8,13,  ,39,  ,56,  ,  ,90,]

[1,  ,29,  ,42,54,  ,  ,83,]
[4,12,  ,33,  ,  ,63,71,  ,]
[ ,19,  ,38,47,  ,65,78,  ,]

[ ,17,  ,31,49,50,  ,  ,84,]
[6,  ,27,  ,  ,59,  ,70,86,]
[9,18,  ,32,  ,  ,60,75,  ,]

[ ,10,21,  ,41,51,  ,  ,81,]
[ ,  ,  ,36,46,52,64,  ,82,]
[7,  ,24,  ,48,  ,66,76,  ,]

[ ,14,22,  ,43,  ,62,  ,87,]
[ ,  ,23,34,44,57,  ,  ,88,]
[3,  ,25,37,  ,  ,68,73,  ,]

[ ,10,  ,  ,42,50,  ,70,83,]
[ ,13,21,39,  ,57,61,  ,  ,]
[6,  ,28,  ,  ,  ,65,71,85,]

[3,  ,23,  ,43,  ,69,74,  ,]
[ ,17,  ,35,  ,51,  ,78,80,]
[8,18,  ,38,  ,52,  ,  ,87,]

[1,  ,25,  ,40,59,  ,  ,84,]
[2,16,  ,30,  ,  ,67,73,  ,]
[ ,19,  ,36,45,  ,68,76,  ,]

[ ,12,  ,34,46,55,  ,  ,82,]
[4,  ,22,  ,  ,58,  ,75,86,]
[5,15,  ,37,  ,  ,60,79,  ,]

[ ,11,27,  ,44,53,  ,  ,88,]
[ ,  ,  ,32,47,56,64,  ,90,]
[7,  ,29,  ,48,  ,66,77,  ,]

[ ,14,20,  ,41,  ,62,  ,81,]
[ ,  ,24,31,49,54,  ,  ,89,]
[9,  ,26,33,  ,  ,63,72,  ,]

[ ,  ,22,31,  ,51,  ,70,84,]
[ ,15,29,  ,43,55,62,  ,  ,]
[4,17,  ,  ,  ,  ,64,77,86,]

[7,  ,21,  ,41,  ,66,78,  ,]
[ ,11,  ,33,  ,52,  ,79,82,]
[9,16,  ,36,  ,57,  ,  ,85,]

[1,  ,25,  ,40,56,  ,  ,87,]
[3,12,  ,35,  ,  ,68,73,  ,]
[ ,19,  ,38,48,  ,69,75,  ,]

[ ,10,  ,32,44,58,  ,  ,80,]
[6,  ,24,  ,  ,59,  ,71,89,]
[8,14,  ,37,  ,  ,61,72,  ,]

[ ,18,20,  ,46,50,  ,  ,81,]
[ ,  ,  ,39,47,53,63,  ,83,]
[2,  ,27,  ,49,  ,65,76,  ,]

[ ,13,23,  ,42,  ,60,  ,88,]
[ ,  ,26,30,45,54,  ,  ,90,]
[5,  ,28,34,  ,  ,67,74,  ,]

[ ,18,  ,  ,41,50,65,70,  ,]
[ ,19,24,34,  ,  ,67,  ,81,]
[2,  ,25,  ,  ,52,  ,79,82,]

[5,  ,28,  ,45,  ,63,74,  ,]
[ ,12,  ,32,  ,54,  ,76,89,]
[7,14,  ,38,  ,59,  ,  ,90,]

[1,  ,22,  ,43,55,  ,  ,87,]
[8,10,  ,35,  ,  ,61,73,  ,]
[ ,17,  ,39,47,  ,68,78,  ,]

[ ,13,  ,31,46,53,  ,  ,80,]
[3,  ,26,  ,  ,56,  ,71,88,]
[9,16,  ,37,  ,  ,64,77,  ,]

[ ,11,21,  ,42,51,  ,  ,83,]
[ ,  ,  ,33,48,57,60,  ,85,]
[4,  ,23,  ,49,  ,66,75,  ,]

[ ,15,20,  ,40,  ,62,  ,84,]
[ ,  ,27,30,44,58,  ,  ,86,]
[6,  ,29,36,  ,  ,69,72,  ,]

[5,14,  ,  ,  ,  ,60,72,84,]
[ ,18,21,  ,49,54,  ,  ,88,]
[ ,  ,27,33,  ,55,62,79,  ,]

[1,  ,25,  ,44,  ,67,70,  ,]
[ ,11,  ,37,  ,53,  ,75,80,]
[4,19,  ,39,  ,59,  ,  ,82,]

[7,  ,22,  ,40,57,  ,  ,85,]
[8,10,  ,35,  ,  ,63,73,  ,]
[ ,17,  ,36,48,  ,66,78,  ,]

[ ,13,  ,30,43,56,  ,  ,83,]
[2,  ,20,  ,  ,58,  ,71,90,]
[3,16,  ,38,  ,  ,64,76,  ,]

[ ,12,24,  ,41,50,  ,  ,87,]
[ ,  ,  ,31,45,51,61,  ,89,]
[6,  ,26,  ,47,  ,69,77,  ,]

[ ,15,23,  ,42,  ,65,  ,81,]
[ ,  ,28,32,46,52,  ,  ,86,]
[9,  ,29,34,  ,  ,68,74,  ,]

[ ,  ,20,35,  ,57,62,72,  ,]
[1,16,29,  ,  ,59,  ,  ,80,]
[ ,17,  ,  ,49,  ,65,76,86,]

[7,  ,22,  ,41,  ,69,75,  ,]
[ ,14,  ,33,  ,53,  ,77,85,]
[8,19,  ,37,  ,55,  ,  ,89,]

[3,  ,25,  ,43,50,  ,  ,87,]
[5,11,  ,30,  ,  ,64,74,  ,]
[ ,15,  ,34,45,  ,68,78,  ,]

[ ,10,  ,32,48,52,  ,  ,88,]
[4,  ,24,  ,  ,56,  ,70,90,]
[6,13,  ,36,  ,  ,63,73,  ,]

[ ,18,21,  ,40,51,  ,  ,83,]
[ ,  ,  ,38,46,58,61,  ,84,]
[2,  ,27,  ,47,  ,67,71,  ,]

[ ,12,23,  ,42,  ,60,  ,81,]
[ ,  ,26,31,44,54,  ,  ,82,]
[9,  ,28,39,  ,  ,66,79,  ,]

[ ,12,  ,34,  ,  ,60,77,86,]
[4,15,20,  ,  ,54,  ,  ,87,]
[ ,  ,25,  ,46,58,62,79,  ,]

[1,  ,29,  ,43,  ,66,73,  ,]
[ ,10,  ,32,  ,50,  ,74,85,]
[3,14,  ,38,  ,51,  ,  ,88,]

[6,  ,23,  ,44,59,  ,  ,83,]
[7,16,  ,30,  ,  ,65,70,  ,]
[ ,17,  ,39,47,  ,68,72,  ,]

[ ,18,  ,35,48,52,  ,  ,80,]
[2,  ,27,  ,  ,57,  ,71,82,]
[5,19,  ,36,  ,  ,64,75,  ,]

[ ,11,24,  ,40,55,  ,  ,84,]
[ ,  ,  ,33,42,56,61,  ,90,]
[8,  ,26,  ,45,  ,67,76,  ,]

[ ,13,21,  ,41,  ,63,  ,81,]
[ ,  ,22,31,49,53,  ,  ,89,]
[9,  ,28,37,  ,  ,69,78,  ,]

[8,  ,21,  ,  ,52,  ,72,82,]
[ ,10,24,36,  ,54,60,  ,  ,]
[ ,19,  ,  ,40,  ,62,77,88,]

[7,  ,26,  ,47,  ,61,71,  ,]
[ ,13,  ,31,  ,50,  ,73,83,]
[9,17,  ,35,  ,59,  ,  ,87,]

[5,  ,25,  ,43,57,  ,  ,89,]
[6,14,  ,37,  ,  ,63,70,  ,]
[ ,16,  ,39,48,  ,68,76,  ,]

[ ,11,  ,32,42,51,  ,  ,81,]
[2,  ,27,  ,  ,58,  ,75,90,]
[4,12,  ,34,  ,  ,64,79,  ,]

[ ,15,20,  ,44,53,  ,  ,80,]
[ ,  ,  ,30,45,55,65,  ,84,]
[3,  ,22,  ,46,  ,67,74,  ,]

[ ,18,23,  ,41,  ,66,  ,85,]
[ ,  ,28,33,49,56,  ,  ,86,]
[1,  ,29,38,  ,  ,69,78,  ,]

[ ,  ,20,33,  ,  ,67,71,86,]
[ ,11,26,  ,45,52,  ,  ,88,]
[6,13,  ,  ,  ,55,68,74,  ,]

[5,  ,27,  ,42,  ,61,70,  ,]
[ ,16,  ,30,  ,53,  ,73,81,]
[9,18,  ,37,  ,54,  ,  ,84,]

[1,  ,25,  ,41,59,  ,  ,90,]
[7,10,  ,36,  ,  ,60,75,  ,]
[ ,12,  ,39,43,  ,69,78,  ,]

[ ,17,  ,31,44,50,  ,  ,80,]
[3,  ,29,  ,  ,58,  ,72,85,]
[4,19,  ,34,  ,  ,66,77,  ,]

[ ,14,23,  ,40,56,  ,  ,83,]
[ ,  ,  ,38,47,57,62,  ,89,]
[8,  ,24,  ,49,  ,63,79,  ,]

[ ,15,21,  ,46,  ,64,  ,82,]
[ ,  ,22,32,48,51,  ,  ,87,]
[2,  ,28,35,  ,  ,65,76,  ,]

[ ,10,  ,  ,49,52,61,70,  ,]
[ ,14,25,36,  ,  ,67,  ,80,]
[9,  ,29,  ,  ,53,  ,76,84,]

[7,  ,28,  ,48,  ,64,72,  ,]
[ ,15,  ,32,  ,54,  ,74,85,]
[8,17,  ,35,  ,56,  ,  ,89,]

[4,  ,20,  ,44,58,  ,  ,88,]
[5,13,  ,38,  ,  ,65,77,  ,]
[ ,18,  ,39,47,  ,66,78,  ,]

[ ,11,  ,34,46,50,  ,  ,81,]
[2,  ,22,  ,  ,51,  ,71,86,]
[3,12,  ,37,  ,  ,62,75,  ,]

[ ,16,23,  ,40,57,  ,  ,83,]
[ ,  ,  ,31,42,59,60,  ,90,]
[1,  ,26,  ,43,  ,68,79,  ,]

[ ,19,21,  ,41,  ,63,  ,82,]
[ ,  ,24,30,45,55,  ,  ,87,]
[6,  ,27,33,  ,  ,69,73,  ,]

[1,  ,23,  ,  ,54,  ,70,80,]
[ ,13,28,32,  ,  ,63,  ,82,]
[ ,17,  ,  ,43,57,64,79,  ,]

[4,  ,27,  ,44,  ,61,71,  ,]
[ ,11,  ,33,  ,50,  ,76,85,]
[9,12,  ,34,  ,53,  ,  ,89,]

[5,  ,20,  ,47,55,  ,  ,86,]
[7,10,  ,30,  ,  ,66,72,  ,]
[ ,16,  ,31,48,  ,69,78,  ,]

[ ,14,  ,38,40,52,  ,  ,83,]
[2,  ,26,  ,  ,58,  ,73,87,]
[8,19,  ,39,  ,  ,65,74,  ,]

[ ,15,21,  ,41,51,  ,  ,81,]
[ ,  ,  ,35,42,59,60,  ,90,]
[3,  ,29,  ,46,  ,62,75,  ,]

[ ,18,22,  ,45,  ,67,  ,84,]
[ ,  ,24,36,49,56,  ,  ,88,]
[6,  ,25,37,  ,  ,68,77,  ,]

[ ,  ,22,35,  ,  ,64,75,84,]
[ ,11,26,  ,41,56,65,  ,  ,]
[5,18,  ,  ,  ,59,  ,76,88,]

[1,  ,20,  ,44,  ,69,73,  ,]
[ ,10,  ,32,  ,51,  ,77,83,]
[7,13,  ,34,  ,57,  ,  ,85,]

[3,  ,29,  ,42,58,  ,  ,86,]
[9,15,  ,30,  ,  ,63,72,  ,]
[ ,19,  ,33,47,  ,66,78,  ,]

[ ,14,  ,31,49,53,  ,  ,87,]
[2,  ,25,  ,  ,55,  ,74,89,]
[6,17,  ,39,  ,  ,60,79,  ,]

[ ,12,27,  ,40,50,  ,  ,80,]
[ ,  ,  ,36,43,52,67,  ,90,]
[4,  ,28,  ,46,  ,68,71,  ,]

[ ,16,21,  ,45,  ,61,  ,81,]
[ ,  ,23,37,48,54,  ,  ,82,]
[8,  ,24,38,  ,  ,62,70,  ,]

[ ,  ,20,35,  ,  ,63,72,82,]
[ ,12,26,  ,43,51,  ,  ,88,]
[5,16,  ,  ,  ,55,65,77,  ,]

[3,  ,28,  ,40,  ,68,73,  ,]
[ ,13,  ,30,  ,56,  ,79,80,]
[6,17,  ,38,  ,57,  ,  ,90,]

[1,  ,24,  ,45,59,  ,  ,85,]
[4,11,  ,31,  ,  ,64,74,  ,]
[ ,14,  ,37,47,  ,67,76,  ,]

[ ,18,  ,32,44,52,  ,  ,81,]
[7,  ,27,  ,  ,53,  ,71,83,]
[8,19,  ,33,  ,  ,60,78,  ,]

[ ,15,22,  ,41,50,  ,  ,86,]
[ ,  ,  ,36,42,54,62,  ,87,]
[2,  ,23,  ,46,  ,69,75,  ,]

[ ,10,21,  ,48,  ,61,  ,84,]
[ ,  ,25,34,49,58,  ,  ,89,]
[9,  ,29,39,  ,  ,66,70,  ,]

[ ,  ,22,  ,47,  ,64,71,80,]
[ ,12,26,34,  ,50,66,  ,  ,]
[1,14,  ,  ,  ,52,  ,76,87,]

[7,  ,21,  ,41,  ,60,72,  ,]
[ ,11,  ,30,  ,53,  ,74,83,]
[9,17,  ,38,  ,56,  ,  ,90,]

[5,  ,28,  ,40,58,  ,  ,85,]
[6,13,  ,33,  ,  ,65,70,  ,]
[ ,16,  ,39,44,  ,69,77,  ,]

[ ,15,  ,32,43,51,  ,  ,84,]
[4,  ,20,  ,  ,54,  ,75,86,]
[8,18,  ,35,  ,  ,61,78,  ,]

[ ,10,25,  ,42,55,  ,  ,81,]
[ ,  ,  ,37,45,59,63,  ,82,]
[3,  ,27,  ,48,  ,67,73,  ,]

[ ,19,23,  ,46,  ,62,  ,88,]
[ ,  ,24,31,49,57,  ,  ,89,]
[2,  ,29,36,  ,  ,68,79,  ,]

[3,12,  ,  ,  ,  ,60,70,85,]
[ ,17,27,38,  ,55,61,  ,  ,]
[ ,  ,29,  ,40,58,  ,73,89,]

[2,  ,25,  ,43,  ,62,76,  ,]
[ ,10,  ,31,  ,51,  ,78,83,]
[8,11,  ,33,  ,54,  ,  ,87,]

[6,  ,22,  ,44,59,  ,  ,84,]
[9,15,  ,30,  ,  ,64,74,  ,]
[ ,19,  ,34,49,  ,68,75,  ,]

[ ,16,  ,35,48,52,  ,  ,81,]
[5,  ,28,  ,  ,57,  ,71,90,]
[7,18,  ,36,  ,  ,65,72,  ,]

[ ,14,21,  ,45,50,  ,  ,86,]
[ ,  ,  ,32,46,56,67,  ,88,]
[4,  ,23,  ,47,  ,69,79,  ,]

[ ,13,20,  ,41,  ,63,  ,80,]
[ ,  ,24,37,42,53,  ,  ,82,]
[1,  ,26,39,  ,  ,66,77,  ,]

[3,  ,22,  ,  ,52,65,77,  ,]
[ ,13,25,  ,46,  ,66,  ,83,]
[ ,19,  ,36,  ,59,  ,79,84,]

[1,  ,21,  ,47,  ,69,70,  ,]
[ ,11,  ,31,  ,51,  ,74,80,]
[2,15,  ,33,  ,57,  ,  ,81,]

[5,  ,27,  ,40,58,  ,  ,82,]
[7,12,  ,30,  ,  ,62,73,  ,]
[ ,16,  ,34,49,  ,64,76,  ,]

[ ,10,  ,32,45,53,  ,  ,88,]
[4,  ,29,  ,  ,56,  ,71,89,]
[6,18,  ,35,  ,  ,61,78,  ,]

[ ,17,20,  ,41,50,  ,  ,85,]
[ ,  ,  ,39,43,55,63,  ,87,]
[9,  ,23,  ,48,  ,68,75,  ,]

[ ,14,24,  ,42,  ,60,  ,86,]
[ ,  ,26,37,44,54,  ,  ,90,]
[8,  ,28,38,  ,  ,67,72,  ,]

[5,  ,21,  ,  ,51,  ,71,86,]
[ ,12,24,  ,41,  ,64,  ,90,]
[ ,14,  ,33,  ,58,67,75,  ,]

[6,  ,28,  ,48,  ,68,76,  ,]
[ ,10,  ,34,  ,52,  ,78,83,]
[9,16,  ,36,  ,59,  ,  ,84,]

[7,  ,20,  ,42,53,  ,  ,89,]
[8,13,  ,30,  ,  ,62,74,  ,]
[ ,19,  ,31,43,  ,66,77,  ,]

[ ,15,  ,38,46,50,  ,  ,82,]
[2,  ,26,  ,  ,54,  ,70,85,]
[4,17,  ,39,  ,  ,65,73,  ,]

[ ,18,22,  ,40,56,  ,  ,80,]
[ ,  ,  ,35,47,57,60,  ,88,]
[3,  ,25,  ,49,  ,63,72,  ,]

[ ,11,23,  ,44,  ,61,  ,81,]
[ ,  ,27,32,45,55,  ,  ,87,]
[1,  ,29,37,  ,  ,69,79,  ,]

[ ,  ,24,  ,45,53,60,71,  ,]
[ ,13,25,36,  ,59,  ,  ,85,]
[3,19,  ,  ,  ,  ,67,73,89,]

[5,  ,23,  ,48,  ,68,77,  ,]
[ ,11,  ,37,  ,54,  ,78,83,]
[6,12,  ,39,  ,58,  ,  ,90,]

[1,  ,29,  ,40,55,  ,  ,86,]
[8,14,  ,33,  ,  ,63,76,  ,]
[ ,18,  ,35,43,  ,66,79,  ,]

[ ,15,  ,34,42,50,  ,  ,80,]
[4,  ,26,  ,  ,56,  ,70,82,]
[9,17,  ,38,  ,  ,65,74,  ,]

[ ,16,21,  ,41,52,  ,  ,81,]
[ ,  ,  ,31,44,57,64,  ,87,]
[7,  ,22,  ,49,  ,69,75,  ,]

[ ,10,20,  ,46,  ,61,  ,84,]
[ ,  ,27,30,47,51,  ,  ,88,]
[2,  ,28,32,  ,  ,62,72,  ,]

[ ,13,  ,39,  ,54,  ,71,83,]
[ ,15,20,  ,46,  ,64,  ,89,]
[6,  ,28,  ,  ,59,69,79,  ,]

[3,  ,27,  ,49,  ,63,75,  ,]
[ ,12,  ,30,  ,52,  ,77,84,]
[7,17,  ,37,  ,58,  ,  ,87,]

[4,  ,29,  ,42,56,  ,  ,88,]
[5,11,  ,32,  ,  ,62,72,  ,]
[ ,18,  ,38,43,  ,68,74,  ,]

[ ,14,  ,34,40,50,  ,  ,81,]
[2,  ,24,  ,  ,51,  ,70,82,]
[8,19,  ,36,  ,  ,67,73,  ,]

[ ,16,21,  ,41,53,  ,  ,86,]
[ ,  ,  ,31,44,55,65,  ,90,]
[1,  ,22,  ,48,  ,66,78,  ,]

[ ,10,23,  ,45,  ,60,  ,80,]
[ ,  ,25,33,47,57,  ,  ,85,]
[9,  ,26,35,  ,  ,61,76,  ,]

[ ,12,  ,32,  ,53,  ,76,80,]
[4,18,24,  ,  ,58,66,  ,  ,]
[ ,  ,27,  ,49,  ,67,78,84,]

[2,  ,20,  ,48,  ,65,73,  ,]
[ ,16,  ,31,  ,52,  ,75,85,]
[8,19,  ,37,  ,57,  ,  ,89,]

[5,  ,28,  ,40,51,  ,  ,86,]
[6,11,  ,35,  ,  ,63,70,  ,]
[ ,13,  ,36,45,  ,68,72,  ,]

[ ,10,  ,33,44,50,  ,  ,83,]
[1,  ,21,  ,  ,56,  ,71,90,]
[9,14,  ,34,  ,  ,64,77,  ,]

[ ,17,22,  ,41,54,  ,  ,81,]
[ ,  ,  ,30,42,55,62,  ,82,]
[7,  ,25,  ,47,  ,69,74,  ,]

[ ,15,23,  ,43,  ,60,  ,87,]
[ ,  ,26,38,46,59,  ,  ,88,]
[3,  ,29,39,  ,  ,61,79,  ,]

[6,  ,21,  ,  ,  ,60,73,81,]
[ ,10,29,30,  ,55,66,  ,  ,]
[ ,19,  ,  ,45,57,  ,76,82,]

[1,  ,26,  ,46,  ,63,77,  ,]
[ ,13,  ,36,  ,53,  ,78,80,]
[4,16,  ,39,  ,54,  ,  ,87,]

[2,  ,24,  ,43,52,  ,  ,89,]
[8,11,  ,34,  ,  ,61,70,  ,]
[ ,18,  ,38,48,  ,62,74,  ,]

[ ,14,  ,31,49,50,  ,  ,84,]
[5,  ,20,  ,  ,58,  ,72,88,]
[9,15,  ,32,  ,  ,65,75,  ,]

[ ,17,22,  ,41,51,  ,  ,83,]
[ ,  ,  ,37,44,59,67,  ,90,]
[3,  ,23,  ,47,  ,68,79,  ,]

[ ,12,25,  ,40,  ,64,  ,85,]
[ ,  ,27,33,42,56,  ,  ,86,]
[7,  ,28,35,  ,  ,69,71,  ,]

[ ,  ,23,38,  ,53,  ,75,81,]
[5,10,28,  ,  ,  ,67,  ,89,]
[ ,15,  ,  ,48,54,68,77,  ,]

[3,  ,25,  ,49,  ,61,74,  ,]
[ ,12,  ,34,  ,56,  ,78,82,]
[8,17,  ,35,  ,57,  ,  ,87,]

[2,  ,27,  ,41,55,  ,  ,88,]
[4,11,  ,31,  ,  ,63,71,  ,]
[ ,13,  ,39,43,  ,64,72,  ,]

[ ,16,  ,32,46,50,  ,  ,83,]
[6,  ,22,  ,  ,59,  ,73,86,]
[7,18,  ,36,  ,  ,62,76,  ,]

[ ,14,20,  ,40,52,  ,  ,80,]
[ ,  ,  ,37,42,58,60,  ,90,]
[9,  ,24,  ,45,  ,65,79,  ,]

[ ,19,21,  ,44,  ,66,  ,84,]
[ ,  ,26,30,47,51,  ,  ,85,]
[1,  ,29,33,  ,  ,69,70,  ,]

[ ,10,  ,  ,44,54,66,74,  ,]
[ ,16,27,35,  ,59,  ,  ,84,]
[1,  ,28,  ,  ,  ,67,76,88,]

[6,  ,24,  ,41,  ,69,73,  ,]
[ ,12,  ,30,  ,52,  ,77,81,]
[8,13,  ,32,  ,57,  ,  ,87,]

[4,  ,22,  ,43,51,  ,  ,82,]
[5,11,  ,31,  ,  ,63,75,  ,]
[ ,18,  ,33,49,  ,65,78,  ,]

[ ,17,  ,34,42,53,  ,  ,80,]
[2,  ,21,  ,  ,58,  ,70,86,]
[7,19,  ,39,  ,  ,60,71,  ,]

[ ,15,26,  ,40,55,  ,  ,89,]
[ ,  ,  ,37,45,56,62,  ,90,]
[9,  ,29,  ,46,  ,64,79,  ,]

[ ,14,20,  ,47,  ,61,  ,83,]
[ ,  ,23,36,48,50,  ,  ,85,]
[3,  ,25,38,  ,  ,68,72,  ,]

[ ,10,  ,  ,48,54,62,70,  ,]
[ ,19,25,39,  ,57,  ,  ,86,]
[9,  ,26,  ,  ,  ,66,75,88,]

[3,  ,29,  ,49,  ,69,73,  ,]
[ ,11,  ,31,  ,50,  ,77,81,]
[7,14,  ,38,  ,58,  ,  ,89,]

[1,  ,24,  ,41,53,  ,  ,82,]
[6,12,  ,30,  ,  ,64,74,  ,]
[ ,15,  ,35,47,  ,65,76,  ,]

[ ,17,  ,33,42,52,  ,  ,84,]
[2,  ,28,  ,  ,56,  ,72,90,]
[5,18,  ,34,  ,  ,60,78,  ,]

[ ,13,20,  ,40,51,  ,  ,85,]
[ ,  ,  ,36,43,55,63,  ,87,]
[8,  ,22,  ,44,  ,67,71,  ,]

[ ,16,21,  ,45,  ,61,  ,80,]
[ ,  ,23,32,46,59,  ,  ,83,]
[4,  ,27,37,  ,  ,68,79,  ,]

[ ,15,  ,  ,46,  ,62,72,84,]
[ ,16,23,30,  ,58,64,  ,  ,]
[1,  ,27,  ,  ,59,  ,73,89,]

[4,  ,21,  ,41,  ,66,77,  ,]
[ ,13,  ,32,  ,53,  ,79,80,]
[6,18,  ,34,  ,54,  ,  ,90,]

[2,  ,26,  ,40,56,  ,  ,85,]
[7,14,  ,33,  ,  ,65,71,  ,]
[ ,17,  ,39,48,  ,69,75,  ,]

[ ,11,  ,35,47,51,  ,  ,83,]
[8,  ,22,  ,  ,57,  ,70,86,]
[9,12,  ,38,  ,  ,61,76,  ,]

[ ,19,24,  ,42,50,  ,  ,81,]
[ ,  ,  ,36,43,55,60,  ,87,]
[3,  ,25,  ,49,  ,67,74,  ,]

[ ,10,20,  ,44,  ,63,  ,82,]
[ ,  ,28,31,45,52,  ,  ,88,]
[5,  ,29,37,  ,  ,68,78,  ,]

[ ,  ,25,  ,48,  ,65,73,86,]
[ ,15,27,37,  ,52,68,  ,  ,]
[5,18,  ,  ,  ,59,  ,77,87,]

[1,  ,20,  ,45,  ,67,70,  ,]
[ ,10,  ,31,  ,50,  ,76,81,]
[8,19,  ,39,  ,55,  ,  ,83,]

[4,  ,26,  ,42,56,  ,  ,88,]
[7,11,  ,35,  ,  ,60,72,  ,]
[ ,16,  ,36,46,  ,61,78,  ,]

[ ,14,  ,32,40,54,  ,  ,80,]
[3,  ,23,  ,  ,57,  ,75,84,]
[9,17,  ,34,  ,  ,63,79,  ,]

[ ,12,21,  ,41,51,  ,  ,89,]
[ ,  ,  ,38,43,53,66,  ,90,]
[2,  ,24,  ,47,  ,69,71,  ,]

[ ,13,22,  ,44,  ,62,  ,82,]
[ ,  ,28,30,49,58,  ,  ,85,]
[6,  ,29,33,  ,  ,64,74,  ,]

[ ,10,  ,  ,43,51,67,78,  ,]
[ ,19,28,36,  ,  ,69,  ,81,]
[4,  ,29,  ,  ,59,  ,79,90,]

[1,  ,24,  ,46,  ,68,71,  ,]
[ ,13,  ,31,  ,52,  ,76,80,]
[9,17,  ,37,  ,55,  ,  ,85,]

[2,  ,27,  ,42,54,  ,  ,83,]
[7,11,  ,33,  ,  ,63,74,  ,]
[ ,14,  ,39,45,  ,64,75,  ,]

[ ,16,  ,34,47,56,  ,  ,82,]
[6,  ,23,  ,  ,57,  ,70,89,]
[8,18,  ,38,  ,  ,61,77,  ,]

[ ,12,21,  ,41,50,  ,  ,86,]
[ ,  ,  ,30,44,53,60,  ,88,]
[3,  ,25,  ,49,  ,62,72,  ,]

[ ,15,20,  ,40,  ,65,  ,84,]
[ ,  ,22,32,48,58,  ,  ,87,]
[5,  ,26,35,  ,  ,66,73,  ,]

[ ,12,  ,35,  ,  ,65,75,85,]
[8,16,21,  ,  ,51,  ,  ,90,]
[ ,  ,26,  ,49,58,68,77,  ,]

[2,  ,25,  ,47,  ,62,72,  ,]
[ ,15,  ,31,  ,50,  ,74,81,]
[7,17,  ,38,  ,59,  ,  ,84,]

[6,  ,22,  ,40,53,  ,  ,87,]
[9,10,  ,34,  ,  ,60,78,  ,]
[ ,18,  ,37,46,  ,67,79,  ,]

[ ,11,  ,36,45,56,  ,  ,80,]
[3,  ,29,  ,  ,57,  ,73,86,]
[4,14,  ,39,  ,  ,64,76,  ,]

[ ,19,20,  ,42,52,  ,  ,83,]
[ ,  ,  ,32,43,55,61,  ,88,]
[1,  ,24,  ,44,  ,69,71,  ,]

[ ,13,23,  ,41,  ,63,  ,82,]
[ ,  ,27,30,48,54,  ,  ,89,]
[5,  ,28,33,  ,  ,66,70,  ,]

[ ,  ,22,  ,47,55,60,75,  ,]
[2,15,26,  ,  ,  ,69,  ,87,]
[ ,19,  ,35,  ,57,  ,78,88,]

[6,  ,23,  ,42,  ,67,72,  ,]
[ ,11,  ,33,  ,54,  ,73,81,]
[8,16,  ,37,  ,59,  ,  ,86,]

[4,  ,20,  ,43,58,  ,  ,85,]
[9,10,  ,30,  ,  ,61,76,  ,]
[ ,12,  ,31,44,  ,63,77,  ,]

[ ,14,  ,36,48,53,  ,  ,82,]
[1,  ,24,  ,  ,56,  ,71,83,]
[7,18,  ,38,  ,  ,64,79,  ,]

[ ,13,21,  ,40,51,  ,  ,84,]
[ ,  ,  ,39,45,52,62,  ,89,]
[3,  ,29,  ,46,  ,65,74,  ,]

[ ,17,25,  ,41,  ,66,  ,80,]
[ ,  ,27,32,49,50,  ,  ,90,]
[5,  ,28,34,  ,  ,68,70,  ,]

[ ,11,  ,30,  ,53,63,76,  ,]
[ ,17,26,  ,40,  ,64,  ,82,]
[6,  ,28,  ,  ,59,  ,77,87,]

[1,  ,20,  ,48,  ,62,70,  ,]
[ ,10,  ,34,  ,51,  ,74,83,]
[8,16,  ,37,  ,57,  ,  ,84,]

[5,  ,29,  ,41,52,  ,  ,86,]
[9,12,  ,35,  ,  ,60,71,  ,]
[ ,15,  ,38,43,  ,69,75,  ,]

[ ,13,  ,31,42,55,  ,  ,89,]
[2,  ,27,  ,  ,56,  ,73,90,]
[4,19,  ,36,  ,  ,68,79,  ,]

[ ,18,24,  ,44,50,  ,  ,80,]
[ ,  ,  ,39,46,58,61,  ,88,]
[3,  ,25,  ,49,  ,67,78,  ,]

[ ,14,21,  ,45,  ,65,  ,81,]
[ ,  ,22,32,47,54,  ,  ,85,]
[7,  ,23,33,  ,  ,66,72,  ,]

[ ,  ,27,33,  ,50,62,71,  ,]
[ ,11,29,  ,48,  ,65,  ,87,]
[1,18,  ,  ,  ,57,  ,76,89,]

[3,  ,23,  ,49,  ,61,77,  ,]
[ ,10,  ,38,  ,53,  ,78,81,]
[6,19,  ,39,  ,55,  ,  ,83,]

[7,  ,24,  ,43,52,  ,  ,90,]
[9,14,  ,32,  ,  ,68,72,  ,]
[ ,15,  ,34,45,  ,69,73,  ,]

[ ,12,  ,30,47,51,  ,  ,82,]
[4,  ,20,  ,  ,59,  ,75,86,]
[8,13,  ,31,  ,  ,60,79,  ,]

[ ,16,25,  ,40,54,  ,  ,80,]
[ ,  ,  ,37,44,56,64,  ,85,]
[2,  ,28,  ,46,  ,66,74,  ,]

[ ,17,21,  ,41,  ,63,  ,84,]
[ ,  ,22,35,42,58,  ,  ,88,]
[5,  ,26,36,  ,  ,67,70,  ,]

[ ,15,  ,33,  ,52,63,72,  ,]
[9,16,25,  ,  ,  ,67,  ,83,]
[ ,  ,29,  ,41,56,  ,75,85,]

[2,  ,21,  ,47,  ,69,78,  ,]
[ ,12,  ,38,  ,55,  ,79,80,]
[3,18,  ,39,  ,59,  ,  ,89,]

[6,  ,27,  ,43,54,  ,  ,87,]
[7,14,  ,31,  ,  ,60,70,  ,]
[ ,19,  ,37,49,  ,68,76,  ,]

[ ,10,  ,30,40,51,  ,  ,81,]
[1,  ,22,  ,  ,58,  ,74,84,]
[4,17,  ,36,  ,  ,61,77,  ,]

[ ,11,24,  ,44,50,  ,  ,86,]
[ ,  ,  ,32,45,53,65,  ,88,]
[5,  ,28,  ,48,  ,66,73,  ,]

[ ,13,20,  ,42,  ,62,  ,82,]
[ ,  ,23,34,46,57,  ,  ,90,]
[8,  ,26,35,  ,  ,64,71,  ,]

[ ,10,  ,33,  ,56,  ,75,83,]
[9,16,20,  ,  ,57,60,  ,  ,]
[ ,  ,24,  ,46,  ,63,77,90,]

[3,  ,23,  ,43,  ,69,70,  ,]
[ ,14,  ,30,  ,52,  ,79,80,]
[5,15,  ,37,  ,54,  ,  ,86,]

[4,  ,25,  ,41,59,  ,  ,85,]
[7,11,  ,32,  ,  ,61,72,  ,]
[ ,18,  ,38,42,  ,68,78,  ,]

[ ,12,  ,34,49,50,  ,  ,82,]
[1,  ,21,  ,  ,55,  ,74,88,]
[6,17,  ,35,  ,  ,65,76,  ,]

[ ,19,22,  ,45,51,  ,  ,84,]
[ ,  ,  ,39,47,58,64,  ,87,]
[8,  ,28,  ,48,  ,66,71,  ,]

[ ,13,26,  ,40,  ,62,  ,81,]
[ ,  ,27,31,44,53,  ,  ,89,]
[2,  ,29,36,  ,  ,67,73,  ,]

[ ,12,  ,  ,49,  ,61,75,81,]
[1,14,20,  ,  ,55,  ,  ,85,]
[ ,  ,21,39,  ,57,69,77,  ,]

[6,  ,27,  ,45,  ,62,78,  ,]
[ ,10,  ,31,  ,53,  ,79,80,]
[9,18,  ,35,  ,54,  ,  ,90,]

[5,  ,26,  ,40,50,  ,  ,86,]
[8,16,  ,32,  ,  ,64,71,  ,]
[ ,19,  ,33,47,  ,68,73,  ,]

[ ,11,  ,30,48,56,  ,  ,87,]
[2,  ,28,  ,  ,58,  ,72,88,]
[7,17,  ,38,  ,  ,60,76,  ,]

[ ,13,23,  ,41,51,  ,  ,82,]
[ ,  ,  ,34,42,59,63,  ,89,]
[3,  ,24,  ,43,  ,67,70,  ,]

[ ,15,22,  ,44,  ,65,  ,83,]
[ ,  ,25,36,46,52,  ,  ,84,]
[4,  ,29,37,  ,  ,66,74,  ,]

[ ,12,  ,  ,49,52,  ,71,87,]
[5,18,21,  ,  ,  ,61,  ,88,]
[ ,  ,24,36,  ,59,65,74,  ,]

[4,  ,26,  ,42,  ,68,70,  ,]
[ ,15,  ,30,  ,51,  ,78,81,]
[8,17,  ,39,  ,54,  ,  ,90,]

[2,  ,25,  ,43,58,  ,  ,89,]
[3,14,  ,34,  ,  ,63,77,  ,]
[ ,16,  ,35,45,  ,67,79,  ,]

[ ,13,  ,31,48,50,  ,  ,80,]
[1,  ,20,  ,  ,53,  ,75,82,]
[6,19,  ,32,  ,  ,64,76,  ,]

[ ,11,27,  ,44,55,  ,  ,83,]
[ ,  ,  ,33,46,57,62,  ,84,]
[9,  ,29,  ,47,  ,69,73,  ,]

[ ,10,22,  ,40,  ,60,  ,85,]
[ ,  ,23,37,41,56,  ,  ,86,]
[7,  ,28,38,  ,  ,66,72,  ,]

[ ,  ,20,  ,47,55,61,70,  ,]
[ ,11,26,36,  ,  ,64,  ,83,]
[5,19,  ,  ,  ,58,  ,71,88,]

[1,  ,23,  ,49,  ,62,73,  ,]
[ ,14,  ,30,  ,52,  ,74,86,]
[4,18,  ,38,  ,56,  ,  ,90,]

[6,  ,28,  ,41,53,  ,  ,80,]
[9,15,  ,32,  ,  ,68,78,  ,]
[ ,16,  ,35,46,  ,69,79,  ,]

[ ,13,  ,34,43,54,  ,  ,84,]
[2,  ,21,  ,  ,59,  ,72,85,]
[3,17,  ,39,  ,  ,65,75,  ,]

[ ,10,24,  ,40,51,  ,  ,82,]
[ ,  ,  ,31,44,57,60,  ,89,]
[8,  ,29,  ,48,  ,67,77,  ,]

[ ,12,22,  ,42,  ,63,  ,81,]
[ ,  ,25,33,45,50,  ,  ,87,]
[7,  ,27,37,  ,  ,66,76,  ,]

[7,  ,23,  ,  ,52,  ,70,85,]
[ ,17,26,  ,40,55,61,  ,  ,]
[ ,18,  ,31,  ,  ,63,71,90,]

[2,  ,25,  ,42,  ,62,73,  ,]
[ ,13,  ,30,  ,51,  ,76,81,]
[9,14,  ,36,  ,53,  ,  ,88,]

[3,  ,24,  ,45,56,  ,  ,80,]
[4,10,  ,37,  ,  ,65,75,  ,]
[ ,15,  ,38,48,  ,68,78,  ,]

[ ,12,  ,34,47,50,  ,  ,82,]
[6,  ,29,  ,  ,58,  ,72,89,]
[8,19,  ,39,  ,  ,64,77,  ,]

[ ,16,20,  ,43,54,  ,  ,83,]
[ ,  ,  ,33,44,57,60,  ,86,]
[1,  ,22,  ,46,  ,66,79,  ,]

[ ,11,21,  ,41,  ,67,  ,84,]
[ ,  ,27,32,49,59,  ,  ,87,]
[5,  ,28,35,  ,  ,69,74,  ,]

[ ,16,  ,37,  ,52,  ,75,81,]
[2,19,22,  ,  ,  ,62,  ,83,]
[ ,  ,27,  ,47,59,64,76,  ,]

[7,  ,29,  ,45,  ,68,74,  ,]
[ ,12,  ,35,  ,57,  ,79,84,]
[9,15,  ,39,  ,58,  ,  ,85,]

[3,  ,24,  ,40,54,  ,  ,89,]
[5,11,  ,30,  ,  ,63,70,  ,]
[ ,14,  ,32,43,  ,65,77,  ,]

[ ,17,  ,34,42,51,  ,  ,87,]
[1,  ,21,  ,  ,56,  ,71,90,]
[6,18,  ,36,  ,  ,69,72,  ,]

[ ,13,23,  ,41,50,  ,  ,82,]
[ ,  ,  ,31,48,55,60,  ,86,]
[4,  ,25,  ,49,  ,67,78,  ,]

[ ,10,20,  ,44,  ,61,  ,80,]
[ ,  ,26,33,46,53,  ,  ,88,]
[8,  ,28,38,  ,  ,66,73,  ,]

[ ,  ,23,33,  ,51,  ,70,80,]
[ ,10,25,  ,48,  ,68,  ,86,]
[7,11,  ,  ,  ,53,69,76,  ,]

[1,  ,20,  ,46,  ,67,72,  ,]
[ ,13,  ,34,  ,55,  ,77,89,]
[8,19,  ,36,  ,58,  ,  ,90,]

[3,  ,21,  ,40,54,  ,  ,82,]
[5,12,  ,32,  ,  ,62,71,  ,]
[ ,18,  ,37,42,  ,66,73,  ,]

[ ,14,  ,31,43,56,  ,  ,81,]
[6,  ,28,  ,  ,59,  ,74,84,]
[9,17,  ,39,  ,  ,61,79,  ,]

[ ,15,22,  ,41,50,  ,  ,83,]
[ ,  ,  ,38,44,57,63,  ,88,]
[2,  ,27,  ,47,  ,65,75,  ,]

[ ,16,24,  ,45,  ,60,  ,85,]
[ ,  ,26,30,49,52,  ,  ,87,]
[4,  ,29,35,  ,  ,64,78,  ,]

[ ,  ,26,34,  ,53,  ,76,81,]
[1,10,28,  ,  ,  ,64,  ,86,]
[ ,13,  ,  ,47,58,69,78,  ,]

[6,  ,22,  ,43,  ,66,71,  ,]
[ ,12,  ,36,  ,54,  ,73,85,]
[7,17,  ,39,  ,59,  ,  ,88,]

[3,  ,27,  ,40,51,  ,  ,83,]
[4,11,  ,32,  ,  ,65,72,  ,]
[ ,19,  ,38,42,  ,67,77,  ,]

[ ,16,  ,31,48,55,  ,  ,80,]
[8,  ,23,  ,  ,57,  ,70,84,]
[9,18,  ,37,  ,  ,63,75,  ,]

[ ,14,21,  ,41,52,  ,  ,82,]
[ ,  ,  ,33,45,56,61,  ,89,]
[2,  ,25,  ,49,  ,62,79,  ,]

[ ,15,20,  ,44,  ,60,  ,87,]
[ ,  ,24,30,46,50,  ,  ,90,]
[5,  ,29,35,  ,  ,68,74,  ,]

[ ,10,  ,31,  ,50,61,74,  ,]
[ ,19,27,  ,43,  ,69,  ,82,]
[6,  ,29,  ,  ,55,  ,78,83,]

[2,  ,26,  ,46,  ,67,71,  ,]
[ ,11,  ,37,  ,52,  ,73,84,]
[3,13,  ,39,  ,54,  ,  ,88,]

[4,  ,24,  ,42,51,  ,  ,81,]
[8,16,  ,30,  ,  ,62,70,  ,]
[ ,18,  ,33,48,  ,63,72,  ,]

[ ,12,  ,34,40,57,  ,  ,80,]
[5,  ,23,  ,  ,58,  ,75,89,]
[7,17,  ,35,  ,  ,68,76,  ,]

[ ,14,25,  ,41,56,  ,  ,86,]
[ ,  ,  ,36,44,59,65,  ,87,]
[9,  ,28,  ,47,  ,66,77,  ,]

[ ,15,20,  ,45,  ,60,  ,85,]
[ ,  ,21,32,49,53,  ,  ,90,]
[1,  ,22,38,  ,  ,64,79,  ,]

[ ,  ,23,36,  ,  ,65,78,80,]
[ ,10,26,  ,48,53,  ,  ,87,]
[8,13,  ,  ,  ,54,68,79,  ,]

[2,  ,22,  ,40,  ,66,72,  ,]
[ ,11,  ,31,  ,51,  ,77,82,]
[4,12,  ,34,  ,59,  ,  ,89,]

[1,  ,28,  ,41,58,  ,  ,88,]
[5,18,  ,37,  ,  ,61,71,  ,]
[ ,19,  ,39,45,  ,63,73,  ,]

[ ,15,  ,35,47,50,  ,  ,81,]
[3,  ,27,  ,  ,56,  ,70,83,]
[9,16,  ,38,  ,  ,62,76,  ,]

[ ,14,24,  ,42,52,  ,  ,86,]
[ ,  ,  ,33,46,55,60,  ,90,]
[7,  ,25,  ,49,  ,64,74,  ,]

[ ,17,20,  ,43,  ,67,  ,84,]
[ ,  ,21,30,44,57,  ,  ,85,]
[6,  ,29,32,  ,  ,69,75,  ,]

[ ,10,  ,39,  ,58,63,73,  ,]
[6,16,24,  ,  ,  ,64,  ,81,]
[ ,  ,28,  ,46,59,  ,78,85,]

[1,  ,23,  ,44,  ,62,77,  ,]
[ ,11,  ,31,  ,54,  ,79,84,]
[2,14,  ,35,  ,56,  ,  ,87,]

[3,  ,27,  ,40,55,  ,  ,86,]
[9,12,  ,36,  ,  ,60,75,  ,]
[ ,15,  ,37,49,  ,68,76,  ,]

[ ,13,  ,30,45,52,  ,  ,83,]
[7,  ,25,  ,  ,53,  ,70,89,]
[8,18,  ,34,  ,  ,66,72,  ,]

[ ,17,20,  ,41,50,  ,  ,80,]
[ ,  ,  ,33,42,57,67,  ,90,]
[4,  ,22,  ,43,  ,69,74,  ,]

[ ,19,21,  ,47,  ,61,  ,82,]
[ ,  ,26,32,48,51,  ,  ,88,]
[5,  ,29,38,  ,  ,65,71,  ,]

[8,11,  ,  ,  ,50,66,70,  ,]
[ ,12,21,  ,47,55,  ,  ,84,]
[ ,  ,26,37,  ,  ,69,79,88,]

[3,  ,25,  ,48,  ,68,77,  ,]
[ ,17,  ,31,  ,51,  ,78,83,]
[9,19,  ,33,  ,54,  ,  ,86,]

[2,  ,22,  ,44,52,  ,  ,85,]
[4,14,  ,38,  ,  ,62,71,  ,]
[ ,15,  ,39,46,  ,67,76,  ,]

[ ,16,  ,35,43,56,  ,  ,82,]
[5,  ,20,  ,  ,57,  ,72,89,]
[7,18,  ,36,  ,  ,63,73,  ,]

[ ,13,27,  ,40,53,  ,  ,80,]
[ ,  ,  ,34,42,58,60,  ,87,]
[1,  ,29,  ,49,  ,65,74,  ,]

[ ,10,23,  ,41,  ,61,  ,81,]
[ ,  ,24,30,45,59,  ,  ,90,]
[6,  ,28,32,  ,  ,64,75,  ,]

[ ,10,  ,35,  ,  ,60,72,85,]
[5,16,22,  ,  ,50,  ,  ,88,]
[ ,  ,28,  ,43,55,65,76,  ,]

[2,  ,26,  ,46,  ,61,71,  ,]
[ ,11,  ,30,  ,53,  ,73,81,]
[7,12,  ,37,  ,58,  ,  ,83,]

[1,  ,25,  ,41,54,  ,  ,80,]
[4,17,  ,33,  ,  ,63,70,  ,]
[ ,19,  ,34,42,  ,68,79,  ,]

[ ,13,  ,36,49,57,  ,  ,82,]
[6,  ,20,  ,  ,59,  ,74,86,]
[8,14,  ,38,  ,  ,64,78,  ,]

[ ,18,24,  ,40,52,  ,  ,87,]
[ ,  ,  ,39,45,56,67,  ,90,]
[9,  ,27,  ,48,  ,69,75,  ,]

[ ,15,21,  ,44,  ,62,  ,84,]
[ ,  ,23,31,47,51,  ,  ,89,]
[3,  ,29,32,  ,  ,66,77,  ,]

[ ,  ,22,  ,43,  ,64,72,83,]
[ ,11,23,37,  ,50,66,  ,  ,]
[6,15,  ,  ,  ,53,  ,75,90,]

[4,  ,20,  ,40,  ,65,70,  ,]
[ ,14,  ,30,  ,54,  ,76,81,]
[9,19,  ,34,  ,57,  ,  ,85,]

[1,  ,29,  ,42,55,  ,  ,86,]
[2,10,  ,32,  ,  ,60,74,  ,]
[ ,17,  ,39,49,  ,68,79,  ,]

[ ,13,  ,35,45,56,  ,  ,82,]
[3,  ,21,  ,  ,58,  ,71,88,]
[7,16,  ,38,  ,  ,63,77,  ,]

[ ,12,26,  ,44,52,  ,  ,84,]
[ ,  ,  ,33,47,59,67,  ,87,]
[5,  ,27,  ,48,  ,69,73,  ,]

[ ,18,24,  ,41,  ,61,  ,80,]
[ ,  ,25,31,46,51,  ,  ,89,]
[8,  ,28,36,  ,  ,62,78,  ,]

[4,  ,20,  ,  ,51,62,70,  ,]
[ ,11,25,35,  ,  ,64,  ,81,]
[ ,19,  ,  ,40,55,  ,72,88,]

[5,  ,22,  ,49,  ,67,74,  ,]
[ ,14,  ,33,  ,52,  ,78,83,]
[8,17,  ,36,  ,58,  ,  ,87,]

[2,  ,23,  ,41,50,  ,  ,84,]
[6,15,  ,30,  ,  ,63,76,  ,]
[ ,18,  ,37,45,  ,65,77,  ,]

[ ,12,  ,31,42,53,  ,  ,82,]
[3,  ,27,  ,  ,54,  ,71,90,]
[9,13,  ,32,  ,  ,69,79,  ,]

[ ,16,24,  ,43,57,  ,  ,80,]
[ ,  ,  ,34,46,59,61,  ,86,]
[1,  ,29,  ,47,  ,66,75,  ,]

[ ,10,21,  ,44,  ,60,  ,85,]
[ ,  ,26,38,48,56,  ,  ,89,]
[7,  ,28,39,  ,  ,68,73,  ,]

[1,12,  ,  ,  ,55,  ,70,83,]
[ ,16,23,32,  ,58,61,  ,  ,]
[ ,  ,27,  ,49,  ,68,72,86,]

[5,  ,22,  ,48,  ,66,73,  ,]
[ ,17,  ,37,  ,56,  ,76,82,]
[6,19,  ,38,  ,57,  ,  ,88,]

[2,  ,25,  ,40,52,  ,  ,89,]
[4,10,  ,34,  ,  ,64,71,  ,]
[ ,14,  ,39,42,  ,69,79,  ,]

[ ,11,  ,31,43,53,  ,  ,81,]
[8,  ,24,  ,  ,54,  ,74,90,]
[9,13,  ,36,  ,  ,67,75,  ,]

[ ,18,26,  ,41,51,  ,  ,84,]
[ ,  ,  ,30,46,59,62,  ,87,]
[3,  ,28,  ,47,  ,63,77,  ,]

[ ,15,20,  ,44,  ,60,  ,80,]
[ ,  ,21,33,45,50,  ,  ,85,]
[7,  ,29,35,  ,  ,65,78,  ,]

[ ,10,  ,  ,44,50,60,76,  ,]
[ ,17,27,39,  ,51,  ,  ,88,]
[8,  ,28,  ,  ,  ,65,77,89,]

[1,  ,29,  ,40,  ,61,72,  ,]
[ ,11,  ,34,  ,56,  ,75,82,]
[3,15,  ,37,  ,58,  ,  ,86,]

[5,  ,26,  ,43,59,  ,  ,81,]
[6,12,  ,32,  ,  ,67,70,  ,]
[ ,19,  ,33,45,  ,68,74,  ,]

[ ,13,  ,30,48,53,  ,  ,85,]
[4,  ,20,  ,  ,57,  ,73,87,]
[9,18,  ,31,  ,  ,64,79,  ,]

[ ,16,22,  ,46,52,  ,  ,84,]
[ ,  ,  ,36,47,55,62,  ,90,]
[7,  ,24,  ,49,  ,63,71,  ,]

[ ,14,21,  ,41,  ,66,  ,80,]
[ ,  ,23,35,42,54,  ,  ,83,]
[2,  ,25,38,  ,  ,69,78,  ,]

[4,  ,21,  ,  ,51,60,77,  ,]
[ ,12,25,  ,41,  ,65,  ,81,]
[ ,19,  ,35,  ,54,  ,78,90,]

[1,  ,24,  ,40,  ,61,70,  ,]
[ ,10,  ,31,  ,56,  ,75,84,]
[5,13,  ,36,  ,57,  ,  ,89,]

[3,  ,28,  ,46,55,  ,  ,85,]
[8,14,  ,32,  ,  ,67,73,  ,]
[ ,16,  ,37,49,  ,68,76,  ,]

[ ,17,  ,33,44,52,  ,  ,83,]
[2,  ,26,  ,  ,58,  ,74,87,]
[7,18,  ,39,  ,  ,66,79,  ,]

[ ,15,20,  ,42,50,  ,  ,80,]
[ ,  ,  ,30,45,53,62,  ,88,]
[6,  ,27,  ,48,  ,64,72,  ,]

[ ,11,22,  ,43,  ,63,  ,82,]
[ ,  ,23,34,47,59,  ,  ,86,]
[9,  ,29,38,  ,  ,69,71,  ,]

[1,  ,20,  ,  ,56,  ,75,88,]
[ ,11,23,  ,46,  ,61,  ,90,]
[ ,17,  ,35,  ,58,66,76,  ,]

[4,  ,28,  ,48,  ,65,72,  ,]
[ ,12,  ,30,  ,55,  ,78,80,]
[6,18,  ,37,  ,57,  ,  ,87,]

[2,  ,22,  ,40,53,  ,  ,82,]
[5,13,  ,36,  ,  ,64,70,  ,]
[ ,19,  ,38,49,  ,68,73,  ,]

[ ,10,  ,32,47,51,  ,  ,84,]
[3,  ,21,  ,  ,52,  ,71,86,]
[7,14,  ,33,  ,  ,63,74,  ,]

[ ,16,25,  ,42,50,  ,  ,81,]
[ ,  ,  ,34,44,59,60,  ,89,]
[8,  ,27,  ,45,  ,69,77,  ,]

[ ,15,24,  ,41,  ,62,  ,83,]
[ ,  ,26,31,43,54,  ,  ,85,]
[9,  ,29,39,  ,  ,67,79,  ,]

[4,11,  ,  ,  ,  ,65,70,83,]
[ ,16,28,35,  ,52,  ,  ,84,]
[ ,  ,29,  ,40,55,66,71,  ,]

[1,  ,25,  ,43,  ,63,72,  ,]
[ ,13,  ,31,  ,54,  ,79,85,]
[3,18,  ,33,  ,59,  ,  ,90,]

[2,  ,20,  ,45,53,  ,  ,81,]
[7,10,  ,32,  ,  ,67,76,  ,]
[ ,12,  ,34,47,  ,69,77,  ,]

[ ,15,  ,36,49,51,  ,  ,86,]
[5,  ,26,  ,  ,58,  ,73,88,]
[8,17,  ,37,  ,  ,68,75,  ,]

[ ,19,21,  ,42,50,  ,  ,82,]
[ ,  ,  ,38,44,56,60,  ,87,]
[9,  ,27,  ,48,  ,62,78,  ,]

[ ,14,22,  ,41,  ,61,  ,80,]
[ ,  ,23,30,46,57,  ,  ,89,]
[6,  ,24,39,  ,  ,64,74,  ,]

[ ,11,  ,  ,47,54,  ,76,84,]
[ ,15,22,35,  ,  ,66,  ,87,]
[3,  ,23,  ,  ,59,69,78,  ,]

[6,  ,26,  ,40,  ,63,71,  ,]
[ ,17,  ,30,  ,52,  ,79,86,]
[8,18,  ,33,  ,55,  ,  ,89,]

[1,  ,24,  ,41,50,  ,  ,88,]
[5,13,  ,34,  ,  ,61,70,  ,]
[ ,14,  ,37,42,  ,62,72,  ,]

[ ,10,  ,32,49,57,  ,  ,80,]
[2,  ,28,  ,  ,58,  ,74,85,]
[4,16,  ,36,  ,  ,65,77,  ,]

[ ,12,20,  ,43,53,  ,  ,83,]
[ ,  ,  ,39,46,56,60,  ,90,]
[9,  ,25,  ,48,  ,67,73,  ,]

[ ,19,21,  ,44,  ,64,  ,81,]
[ ,  ,27,31,45,51,  ,  ,82,]
[7,  ,29,38,  ,  ,68,75,  ,]

[ ,  ,20,  ,43,55,60,76,  ,]
[7,13,26,  ,  ,  ,69,  ,84,]
[ ,17,  ,34,  ,58,  ,77,89,]

[5,  ,25,  ,47,  ,65,71,  ,]
[ ,15,  ,31,  ,50,  ,72,83,]
[6,16,  ,33,  ,56,  ,  ,86,]

[3,  ,21,  ,41,59,  ,  ,87,]
[9,18,  ,38,  ,  ,67,70,  ,]
[ ,19,  ,39,45,  ,68,78,  ,]

[ ,10,  ,32,48,52,  ,  ,81,]
[1,  ,27,  ,  ,53,  ,74,90,]
[8,12,  ,37,  ,  ,63,75,  ,]

[ ,11,22,  ,40,51,  ,  ,80,]
[ ,  ,  ,30,44,54,61,  ,88,]
[4,  ,24,  ,46,  ,66,79,  ,]

[ ,14,23,  ,42,  ,62,  ,82,]
[ ,  ,28,35,49,57,  ,  ,85,]
[2,  ,29,36,  ,  ,64,73,  ,]

[ ,  ,20,  ,48,55,  ,73,80,]
[ ,12,23,35,  ,  ,60,  ,84,]
[7,17,  ,  ,  ,59,65,75,  ,]

[3,  ,28,  ,49,  ,64,71,  ,]
[ ,10,  ,30,  ,54,  ,76,83,]
[9,11,  ,34,  ,56,  ,  ,86,]

[2,  ,22,  ,43,53,  ,  ,89,]
[8,13,  ,32,  ,  ,66,77,  ,]
[ ,15,  ,38,44,  ,68,78,  ,]

[ ,14,  ,33,46,50,  ,  ,87,]
[1,  ,26,  ,  ,57,  ,74,88,]
[6,18,  ,39,  ,  ,67,79,  ,]

[ ,16,21,  ,40,51,  ,  ,81,]
[ ,  ,  ,36,41,58,62,  ,82,]
[5,  ,27,  ,45,  ,69,72,  ,]

[ ,19,24,  ,42,  ,61,  ,85,]
[ ,  ,25,31,47,52,  ,  ,90,]
[4,  ,29,37,  ,  ,63,70,  ,]

[ ,15,  ,  ,49,56,  ,71,84,]
[ ,19,22,32,  ,57,65,  ,  ,]
[8,  ,28,  ,  ,  ,69,78,88,]

[2,  ,29,  ,45,  ,63,70,  ,]
[ ,10,  ,31,  ,50,  ,74,80,]
[3,13,  ,34,  ,53,  ,  ,82,]

[1,  ,24,  ,44,52,  ,  ,89,]
[6,11,  ,37,  ,  ,61,72,  ,]
[ ,12,  ,38,46,  ,64,76,  ,]

[ ,16,  ,33,43,51,  ,  ,86,]
[7,  ,27,  ,  ,59,  ,77,90,]
[9,18,  ,35,  ,  ,68,79,  ,]

[ ,17,20,  ,40,54,  ,  ,81,]
[ ,  ,  ,36,47,58,62,  ,83,]
[4,  ,21,  ,48,  ,67,75,  ,]

[ ,14,23,  ,41,  ,60,  ,85,]
[ ,  ,25,30,42,55,  ,  ,87,]
[5,  ,26,39,  ,  ,66,73,  ,]

[1,16,  ,  ,  ,57,  ,76,85,]
[ ,17,20,36,  ,  ,63,  ,87,]
[ ,  ,22,  ,40,59,66,78,  ,]

[6,  ,26,  ,41,  ,69,70,  ,]
[ ,13,  ,30,  ,52,  ,72,81,]
[9,15,  ,34,  ,55,  ,  ,86,]

[5,  ,29,  ,42,56,  ,  ,80,]
[8,18,  ,32,  ,  ,65,77,  ,]
[ ,19,  ,38,49,  ,68,79,  ,]

[ ,10,  ,31,47,54,  ,  ,83,]
[2,  ,28,  ,  ,58,  ,74,88,]
[4,11,  ,39,  ,  ,62,75,  ,]

[ ,12,24,  ,43,51,  ,  ,82,]
[ ,  ,  ,37,44,53,61,  ,84,]
[3,  ,25,  ,45,  ,67,73,  ,]

[ ,14,21,  ,46,  ,60,  ,89,]
[ ,  ,23,33,48,50,  ,  ,90,]
[7,  ,27,35,  ,  ,64,71,  ,]

[ ,14,  ,  ,43,55,63,70,  ,]
[ ,18,28,30,  ,  ,69,  ,83,]
[6,  ,29,  ,  ,59,  ,76,90,]

[1,  ,25,  ,45,  ,65,75,  ,]
[ ,16,  ,31,  ,51,  ,78,80,]
[2,19,  ,34,  ,53,  ,  ,86,]

[3,  ,26,  ,44,56,  ,  ,84,]
[5,11,  ,32,  ,  ,64,71,  ,]
[ ,12,  ,37,49,  ,68,79,  ,]

[ ,10,  ,35,46,54,  ,  ,85,]
[7,  ,20,  ,  ,57,  ,73,89,]
[8,17,  ,39,  ,  ,61,74,  ,]

[ ,13,21,  ,42,50,  ,  ,82,]
[ ,  ,  ,33,47,52,62,  ,87,]
[9,  ,22,  ,48,  ,67,72,  ,]

[ ,15,23,  ,40,  ,60,  ,81,]
[ ,  ,24,36,41,58,  ,  ,88,]
[4,  ,27,38,  ,  ,66,77,  ,]

[3,11,  ,  ,  ,50,65,71,  ,]
[ ,18,24,31,  ,55,  ,  ,81,]
[ ,  ,28,  ,43,  ,66,72,83,]

[1,  ,25,  ,42,  ,63,75,  ,]
[ ,10,  ,32,  ,52,  ,79,85,]
[6,15,  ,38,  ,53,  ,  ,90,]

[2,  ,29,  ,44,51,  ,  ,84,]
[8,13,  ,35,  ,  ,62,76,  ,]
[ ,16,  ,36,47,  ,67,77,  ,]

[ ,14,  ,33,46,54,  ,  ,80,]
[4,  ,21,  ,  ,57,  ,74,82,]
[5,19,  ,39,  ,  ,60,78,  ,]

[ ,12,20,  ,40,56,  ,  ,87,]
[ ,  ,  ,37,45,58,64,  ,88,]
[7,  ,26,  ,48,  ,69,70,  ,]

[ ,17,22,  ,41,  ,61,  ,86,]
[ ,  ,23,30,49,59,  ,  ,89,]
[9,  ,27,34,  ,  ,68,73,  ,]

[ ,  ,20,35,  ,  ,63,74,82,]
[8,14,28,  ,  ,52,  ,  ,90,]
[ ,19,  ,  ,46,56,68,78,  ,]

[3,  ,26,  ,45,  ,66,71,  ,]
[ ,12,  ,32,  ,51,  ,79,85,]
[5,15,  ,36,  ,59,  ,  ,86,]

[1,  ,25,  ,47,50,  ,  ,89,]
[6,17,  ,30,  ,  ,60,75,  ,]
[ ,18,  ,33,49,  ,65,77,  ,]

[ ,10,  ,31,40,57,  ,  ,81,]
[4,  ,24,  ,  ,58,  ,73,88,]
[7,16,  ,37,  ,  ,61,76,  ,]

[ ,13,22,  ,41,53,  ,  ,80,]
[ ,  ,  ,39,43,55,67,  ,87,]
[2,  ,23,  ,44,  ,69,72,  ,]

[ ,11,21,  ,42,  ,62,  ,83,]
[ ,  ,27,34,48,54,  ,  ,84,]
[9,  ,29,38,  ,  ,64,70,  ,]

[ ,11,  ,39,  ,50,  ,74,87,]
[ ,19,26,  ,43,54,66,  ,  ,]
[9,  ,29,  ,  ,  ,68,78,88,]

[3,  ,22,  ,46,  ,63,73,  ,]
[ ,13,  ,33,  ,56,  ,75,89,]
[7,17,  ,34,  ,58,  ,  ,90,]

[4,  ,28,  ,40,53,  ,  ,85,]
[6,15,  ,31,  ,  ,62,71,  ,]
[ ,16,  ,32,41,  ,67,76,  ,]

[ ,12,  ,30,45,52,  ,  ,83,]
[1,  ,24,  ,  ,55,  ,72,86,]
[5,18,  ,37,  ,  ,61,79,  ,]

[ ,14,23,  ,44,57,  ,  ,82,]
[ ,  ,  ,35,48,59,60,  ,84,]
[2,  ,25,  ,49,  ,69,77,  ,]

[ ,10,20,  ,42,  ,64,  ,80,]
[ ,  ,21,36,47,51,  ,  ,81,]
[8,  ,27,38,  ,  ,65,70,  ,]

[ ,13,  ,  ,43,53,61,72,  ,]
[ ,16,21,39,  ,54,  ,  ,81,]
[6,  ,28,  ,  ,  ,66,75,84,]

[2,  ,26,  ,47,  ,68,73,  ,]
[ ,11,  ,30,  ,58,  ,78,85,]
[5,14,  ,33,  ,59,  ,  ,89,]

[3,  ,23,  ,41,50,  ,  ,88,]
[9,17,  ,31,  ,  ,60,70,  ,]
[ ,18,  ,37,44,  ,63,79,  ,]

[ ,10,  ,36,46,56,  ,  ,82,]
[4,  ,20,  ,  ,57,  ,74,86,]
[8,15,  ,38,  ,  ,67,77,  ,]

[ ,19,27,  ,40,51,  ,  ,83,]
[ ,  ,  ,35,48,55,62,  ,87,]
[7,  ,29,  ,49,  ,64,76,  ,]

[ ,12,22,  ,42,  ,65,  ,80,]
[ ,  ,24,32,45,52,  ,  ,90,]
[1,  ,25,34,  ,  ,69,71,  ,]

[ ,  ,22,37,  ,54,63,70,  ,]
[3,12,25,  ,  ,56,  ,  ,81,]
[ ,19,  ,  ,40,  ,65,71,89,]

[5,  ,28,  ,41,  ,66,77,  ,]
[ ,11,  ,38,  ,51,  ,78,84,]
[8,16,  ,39,  ,52,  ,  ,88,]

[2,  ,24,  ,42,59,  ,  ,82,]
[4,10,  ,31,  ,  ,61,75,  ,]
[ ,18,  ,33,48,  ,68,79,  ,]

[ ,13,  ,32,43,50,  ,  ,80,]
[7,  ,21,  ,  ,53,  ,72,83,]
[9,14,  ,35,  ,  ,60,76,  ,]

[ ,15,26,  ,46,57,  ,  ,86,]
[ ,  ,  ,30,47,58,64,  ,87,]
[6,  ,29,  ,49,  ,69,74,  ,]

[ ,17,20,  ,44,  ,62,  ,85,]
[ ,  ,23,34,45,55,  ,  ,90,]
[1,  ,27,36,  ,  ,67,73,  ,]

[6,18,  ,  ,  ,52,61,76,  ,]
[ ,19,23,30,  ,57,  ,  ,86,]
[ ,  ,28,  ,40,  ,67,79,87,]

[3,  ,24,  ,41,  ,63,72,  ,]
[ ,10,  ,36,  ,53,  ,74,83,]
[9,16,  ,38,  ,54,  ,  ,85,]

[5,  ,29,  ,43,51,  ,  ,80,]
[7,11,  ,32,  ,  ,60,71,  ,]
[ ,14,  ,33,48,  ,69,73,  ,]

[ ,13,  ,31,45,50,  ,  ,82,]
[1,  ,21,  ,  ,55,  ,70,89,]
[8,17,  ,39,  ,  ,66,78,  ,]

[ ,12,26,  ,46,56,  ,  ,81,]
[ ,  ,  ,37,47,58,62,  ,90,]
[2,  ,27,  ,49,  ,64,77,  ,]

[ ,15,20,  ,42,  ,65,  ,84,]
[ ,  ,22,34,44,59,  ,  ,88,]
[4,  ,25,35,  ,  ,68,75,  ,]

[ ,  ,21,  ,43,51,61,71,  ,]
[6,10,28,  ,  ,  ,62,  ,85,]
[ ,15,  ,32,  ,54,  ,77,88,]

[4,  ,26,  ,49,  ,64,70,  ,]
[ ,11,  ,34,  ,52,  ,72,89,]
[9,13,  ,35,  ,57,  ,  ,90,]

[2,  ,22,  ,44,53,  ,  ,86,]
[3,14,  ,37,  ,  ,60,73,  ,]
[ ,18,  ,38,45,  ,65,79,  ,]

[ ,12,  ,31,41,55,  ,  ,83,]
[1,  ,20,  ,  ,59,  ,74,84,]
[7,16,  ,33,  ,  ,63,75,  ,]

[ ,19,23,  ,42,50,  ,  ,80,]
[ ,  ,  ,30,47,56,67,  ,81,]
[5,  ,29,  ,48,  ,68,78,  ,]

[ ,17,24,  ,40,  ,66,  ,82,]
[ ,  ,25,36,46,58,  ,  ,87,]
[8,  ,27,39,  ,  ,69,76,  ,]

[9,10,  ,  ,  ,  ,61,74,81,]
[ ,17,20,  ,46,51,  ,  ,83,]
[ ,  ,24,37,  ,52,63,78,  ,]

[3,  ,22,  ,49,  ,66,73,  ,]
[ ,12,  ,33,  ,50,  ,79,84,]
[7,15,  ,35,  ,54,  ,  ,86,]

[5,  ,28,  ,41,59,  ,  ,88,]
[6,11,  ,36,  ,  ,62,70,  ,]
[ ,14,  ,39,47,  ,65,71,  ,]

[ ,13,  ,31,44,56,  ,  ,82,]
[1,  ,25,  ,  ,58,  ,75,89,]
[8,19,  ,34,  ,  ,60,76,  ,]

[ ,16,23,  ,40,53,  ,  ,87,]
[ ,  ,  ,30,42,57,64,  ,90,]
[2,  ,26,  ,48,  ,68,72,  ,]

[ ,18,21,  ,43,  ,67,  ,80,]
[ ,  ,27,32,45,55,  ,  ,85,]
[4,  ,29,38,  ,  ,69,77,  ,]

[ ,14,  ,39,  ,50,63,70,  ,]
[8,19,28,  ,  ,  ,69,  ,85,]
[ ,  ,29,  ,47,51,  ,77,86,]

[5,  ,22,  ,41,  ,64,75,  ,]
[ ,10,  ,32,  ,55,  ,76,82,]
[9,18,  ,36,  ,56,  ,  ,87,]

[2,  ,24,  ,43,52,  ,  ,80,]
[3,12,  ,31,  ,  ,66,71,  ,]
[ ,17,  ,34,44,  ,67,72,  ,]

[ ,11,  ,30,42,57,  ,  ,81,]
[1,  ,26,  ,  ,58,  ,74,84,]
[6,16,  ,37,  ,  ,68,79,  ,]

[ ,13,20,  ,45,53,  ,  ,83,]
[ ,  ,  ,35,46,59,61,  ,90,]
[7,  ,23,  ,48,  ,65,78,  ,]

[ ,15,21,  ,40,  ,60,  ,88,]
[ ,  ,25,33,49,54,  ,  ,89,]
[4,  ,27,38,  ,  ,62,73,  ,]

[ ,  ,23,32,  ,  ,60,72,81,]
[ ,10,27,  ,40,57,  ,  ,82,]
[9,18,  ,  ,  ,59,64,73,  ,]

[3,  ,21,  ,49,  ,62,71,  ,]
[ ,12,  ,34,  ,52,  ,74,84,]
[4,13,  ,39,  ,56,  ,  ,87,]

[1,  ,28,  ,41,53,  ,  ,86,]
[5,14,  ,33,  ,  ,65,78,  ,]
[ ,17,  ,35,44,  ,67,79,  ,]

[ ,16,  ,30,42,51,  ,  ,85,]
[6,  ,29,  ,  ,54,  ,75,90,]
[8,19,  ,38,  ,  ,68,77,  ,]

[ ,11,22,  ,45,55,  ,  ,83,]
[ ,  ,  ,36,47,58,61,  ,88,]
[7,  ,25,  ,48,  ,66,76,  ,]

[ ,15,20,  ,43,  ,63,  ,80,]
[ ,  ,24,31,46,50,  ,  ,89,]
[2,  ,26,37,  ,  ,69,70,  ,]

[ ,14,  ,33,  ,52,60,77,  ,]
[ ,19,25,  ,45,59,  ,  ,88,]
[3,  ,28,  ,  ,  ,69,79,89,]

[7,  ,26,  ,48,  ,64,70,  ,]
[ ,13,  ,31,  ,57,  ,75,84,]
[9,15,  ,37,  ,58,  ,  ,86,]

[4,  ,21,  ,40,53,  ,  ,80,]
[5,10,  ,32,  ,  ,65,72,  ,]
[ ,12,  ,34,41,  ,66,78,  ,]

[ ,11,  ,35,42,50,  ,  ,83,]
[2,  ,22,  ,  ,55,  ,73,85,]
[8,18,  ,39,  ,  ,62,74,  ,]

[ ,16,20,  ,43,54,  ,  ,81,]
[ ,  ,  ,38,44,56,61,  ,90,]
[1,  ,27,  ,49,  ,63,76,  ,]

[ ,17,23,  ,46,  ,67,  ,82,]
[ ,  ,24,30,47,51,  ,  ,87,]
[6,  ,29,36,  ,  ,68,71,  ,]

[9,  ,25,  ,  ,  ,62,74,83,]
[ ,10,28,  ,49,54,  ,  ,90,]
[ ,12,  ,36,  ,56,68,78,  ,]

[1,  ,22,  ,42,  ,69,71,  ,]
[ ,14,  ,35,  ,50,  ,77,85,]
[5,18,  ,38,  ,53,  ,  ,89,]

[2,  ,27,  ,47,55,  ,  ,80,]
[6,11,  ,33,  ,  ,61,76,  ,]
[ ,17,  ,34,48,  ,64,79,  ,]

[ ,15,  ,30,46,51,  ,  ,81,]
[4,  ,21,  ,  ,58,  ,70,88,]
[7,16,  ,37,  ,  ,66,73,  ,]

[ ,13,24,  ,40,52,  ,  ,84,]
[ ,  ,  ,32,41,59,60,  ,86,]
[3,  ,26,  ,43,  ,63,75,  ,]

[ ,19,20,  ,44,  ,65,  ,82,]
[ ,  ,23,31,45,57,  ,  ,87,]
[8,  ,29,39,  ,  ,67,72,  ,]

[ ,  ,21,34,  ,53,  ,78,80,]
[ ,13,27,  ,44,55,63,  ,  ,]
[5,14,  ,  ,  ,  ,65,79,85,]

[2,  ,24,  ,47,  ,64,72,  ,]
[ ,11,  ,32,  ,54,  ,77,82,]
[4,19,  ,38,  ,56,  ,  ,84,]

[1,  ,26,  ,43,50,  ,  ,90,]
[3,10,  ,30,  ,  ,66,70,  ,]
[ ,18,  ,37,48,  ,68,71,  ,]

[ ,12,  ,33,41,52,  ,  ,81,]
[8,  ,28,  ,  ,59,  ,74,87,]
[9,15,  ,36,  ,  ,67,76,  ,]

[ ,16,23,  ,42,57,  ,  ,88,]
[ ,  ,  ,31,45,58,61,  ,89,]
[6,  ,25,  ,46,  ,62,73,  ,]

[ ,17,20,  ,40,  ,60,  ,83,]
[ ,  ,22,35,49,51,  ,  ,86,]
[7,  ,29,39,  ,  ,69,75,  ,]

[7,  ,28,  ,  ,  ,68,73,81,]
[ ,12,29,  ,44,55,69,  ,  ,]
[ ,19,  ,36,  ,59,  ,74,86,]

[1,  ,27,  ,40,  ,63,72,  ,]
[ ,14,  ,35,  ,50,  ,76,80,]
[4,16,  ,37,  ,52,  ,  ,89,]

[2,  ,23,  ,46,53,  ,  ,85,]
[8,17,  ,33,  ,  ,60,71,  ,]
[ ,18,  ,38,49,  ,61,78,  ,]

[ ,11,  ,30,43,54,  ,  ,82,]
[3,  ,24,  ,  ,57,  ,77,87,]
[9,15,  ,31,  ,  ,64,79,  ,]

[ ,13,21,  ,45,51,  ,  ,83,]
[ ,  ,  ,32,47,56,62,  ,84,]
[6,  ,25,  ,48,  ,66,70,  ,]

[ ,10,20,  ,41,  ,65,  ,88,]
[ ,  ,22,34,42,58,  ,  ,90,]
[5,  ,26,39,  ,  ,67,75,  ,]

[ ,11,  ,31,  ,  ,66,74,80,]
[4,13,28,  ,  ,53,69,  ,  ,]
[ ,  ,29,  ,40,56,  ,78,89,]

[2,  ,23,  ,44,  ,63,76,  ,]
[ ,15,  ,37,  ,50,  ,79,86,]
[9,18,  ,38,  ,57,  ,  ,90,]

[1,  ,26,  ,45,59,  ,  ,81,]
[8,14,  ,30,  ,  ,60,70,  ,]
[ ,16,  ,39,46,  ,68,71,  ,]

[ ,12,  ,32,41,52,  ,  ,82,]
[3,  ,24,  ,  ,55,  ,73,84,]
[6,17,  ,35,  ,  ,65,75,  ,]

[ ,10,22,  ,42,51,  ,  ,85,]
[ ,  ,  ,36,43,58,62,  ,87,]
[5,  ,25,  ,48,  ,67,72,  ,]

[ ,19,20,  ,47,  ,61,  ,83,]
[ ,  ,21,33,49,54,  ,  ,88,]
[7,  ,27,34,  ,  ,64,77,  ,]

[ ,  ,20,  ,47,52,61,75,  ,]
[8,18,23,  ,  ,  ,65,  ,84,]
[ ,19,  ,37,  ,53,  ,76,86,]

[3,  ,25,  ,49,  ,60,70,  ,]
[ ,10,  ,35,  ,55,  ,72,83,]
[9,16,  ,36,  ,58,  ,  ,87,]

[6,  ,24,  ,40,56,  ,  ,88,]
[7,14,  ,30,  ,  ,66,71,  ,]
[ ,17,  ,39,42,  ,67,79,  ,]

[ ,11,  ,31,43,50,  ,  ,85,]
[1,  ,26,  ,  ,57,  ,73,90,]
[4,12,  ,38,  ,  ,63,78,  ,]

[ ,15,22,  ,41,54,  ,  ,81,]
[ ,  ,  ,33,46,59,62,  ,82,]
[2,  ,29,  ,48,  ,64,77,  ,]

[ ,13,21,  ,44,  ,68,  ,80,]
[ ,  ,27,32,45,51,  ,  ,89,]
[5,  ,28,34,  ,  ,69,74,  ,]

[ ,  ,21,30,  ,  ,65,71,82,]
[5,16,27,  ,  ,51,68,  ,  ,]
[ ,17,  ,  ,49,59,  ,79,85,]

[6,  ,23,  ,46,  ,63,76,  ,]
[ ,12,  ,32,  ,52,  ,77,87,]
[9,15,  ,33,  ,54,  ,  ,89,]

[2,  ,24,  ,41,53,  ,  ,86,]
[3,13,  ,31,  ,  ,61,74,  ,]
[ ,18,  ,36,44,  ,62,75,  ,]

[ ,10,  ,34,47,55,  ,  ,80,]
[1,  ,20,  ,  ,57,  ,70,90,]
[4,14,  ,37,  ,  ,67,73,  ,]

[ ,11,22,  ,42,56,  ,  ,83,]
[ ,  ,  ,39,45,58,60,  ,84,]
[8,  ,25,  ,48,  ,64,78,  ,]

[ ,19,26,  ,40,  ,66,  ,81,]
[ ,  ,28,35,43,50,  ,  ,88,]
[7,  ,29,38,  ,  ,69,72,  ,]

[2,  ,24,  ,  ,50,63,73,  ,]
[ ,14,28,31,  ,  ,65,  ,81,]
[ ,16,  ,  ,46,52,  ,77,86,]

[7,  ,22,  ,47,  ,66,74,  ,]
[ ,18,  ,30,  ,53,  ,76,87,]
[8,19,  ,33,  ,59,  ,  ,88,]

[3,  ,26,  ,40,51,  ,  ,90,]
[9,15,  ,38,  ,  ,62,72,  ,]
[ ,17,  ,39,44,  ,69,79,  ,]

[ ,11,  ,34,42,56,  ,  ,82,]
[4,  ,21,  ,  ,57,  ,70,84,]
[6,13,  ,37,  ,  ,67,78,  ,]

[ ,12,27,  ,41,55,  ,  ,80,]
[ ,  ,  ,32,43,58,60,  ,85,]
[1,  ,29,  ,48,  ,64,75,  ,]

[ ,10,20,  ,45,  ,61,  ,83,]
[ ,  ,23,35,49,54,  ,  ,89,]
[5,  ,25,36,  ,  ,68,71,  ,]

[ ,  ,26,  ,49,  ,60,77,85,]
[6,17,29,  ,  ,54,69,  ,  ,]
[ ,18,  ,34,  ,58,  ,78,89,]

[3,  ,27,  ,48,  ,67,71,  ,]
[ ,13,  ,33,  ,52,  ,73,81,]
[5,16,  ,35,  ,57,  ,  ,86,]

[2,  ,24,  ,40,55,  ,  ,82,]
[9,15,  ,36,  ,  ,62,75,  ,]
[ ,19,  ,38,42,  ,68,79,  ,]

[ ,11,  ,31,46,56,  ,  ,84,]
[7,  ,20,  ,  ,59,  ,74,90,]
[8,12,  ,32,  ,  ,66,76,  ,]

[ ,14,21,  ,43,50,  ,  ,80,]
[ ,  ,  ,37,44,51,61,  ,88,]
[4,  ,28,  ,45,  ,64,70,  ,]

[ ,10,22,  ,41,  ,63,  ,83,]
[ ,  ,23,30,47,53,  ,  ,87,]
[1,  ,25,39,  ,  ,65,72,  ,]

[ ,13,  ,33,  ,56,62,70,  ,]
[ ,17,22,  ,46,57,  ,  ,80,]
[2,  ,28,  ,  ,  ,68,79,89,]

[6,  ,25,  ,42,  ,69,72,  ,]
[ ,15,  ,32,  ,55,  ,75,83,]
[9,16,  ,38,  ,59,  ,  ,87,]

[1,  ,27,  ,41,53,  ,  ,81,]
[4,12,  ,35,  ,  ,65,73,  ,]
[ ,14,  ,36,48,  ,67,77,  ,]

[ ,10,  ,31,43,50,  ,  ,85,]
[3,  ,29,  ,  ,58,  ,71,90,]
[5,11,  ,37,  ,  ,61,74,  ,]

[ ,19,20,  ,45,51,  ,  ,82,]
[ ,  ,  ,34,47,52,60,  ,84,]
[7,  ,21,  ,49,  ,64,78,  ,]

[ ,18,23,  ,40,  ,63,  ,86,]
[ ,  ,24,30,44,54,  ,  ,88,]
[8,  ,26,39,  ,  ,66,76,  ,]

[ ,  ,25,  ,44,55,64,75,  ,]
[6,16,27,  ,  ,  ,69,  ,82,]
[ ,18,  ,30,  ,56,  ,78,87,]

[1,  ,21,  ,49,  ,68,70,  ,]
[ ,12,  ,35,  ,57,  ,71,84,]
[2,17,  ,37,  ,59,  ,  ,90,]

[7,  ,29,  ,43,58,  ,  ,85,]
[8,10,  ,31,  ,  ,63,73,  ,]
[ ,19,  ,36,46,  ,67,74,  ,]

[ ,14,  ,32,48,51,  ,  ,83,]
[3,  ,20,  ,  ,53,  ,72,88,]
[9,15,  ,38,  ,  ,60,77,  ,]

[ ,11,24,  ,41,50,  ,  ,86,]
[ ,  ,  ,33,42,54,61,  ,89,]
[4,  ,26,  ,45,  ,66,76,  ,]

[ ,13,22,  ,40,  ,62,  ,80,]
[ ,  ,23,34,47,52,  ,  ,81,]
[5,  ,28,39,  ,  ,65,79,  ,]

[5,  ,23,  ,  ,  ,60,73,87,]
[ ,10,27,36,  ,53,  ,  ,88,]
[ ,11,  ,  ,47,59,69,78,  ,]

[4,  ,21,  ,46,  ,61,71,  ,]
[ ,14,  ,32,  ,55,  ,74,86,]
[6,17,  ,35,  ,57,  ,  ,90,]

[3,  ,24,  ,41,51,  ,  ,83,]
[9,18,  ,34,  ,  ,65,70,  ,]
[ ,19,  ,37,44,  ,66,75,  ,]

[ ,12,  ,30,42,54,  ,  ,81,]
[7,  ,28,  ,  ,56,  ,72,82,]
[8,15,  ,31,  ,  ,67,76,  ,]

[ ,16,22,  ,45,50,  ,  ,80,]
[ ,  ,  ,33,48,52,62,  ,85,]
[2,  ,26,  ,49,  ,68,77,  ,]

[ ,13,20,  ,40,  ,63,  ,84,]
[ ,  ,25,38,43,58,  ,  ,89,]
[1,  ,29,39,  ,  ,64,79,  ,]

[ ,  ,21,32,  ,56,  ,70,87,]
[ ,13,29,  ,44,57,60,  ,  ,]
[6,15,  ,  ,  ,  ,67,71,89,]

[2,  ,25,  ,48,  ,62,73,  ,]
[ ,12,  ,36,  ,51,  ,76,82,]
[3,16,  ,38,  ,58,  ,  ,83,]

[1,  ,24,  ,40,59,  ,  ,86,]
[4,10,  ,30,  ,  ,61,75,  ,]
[ ,18,  ,33,41,  ,68,77,  ,]

[ ,11,  ,35,46,52,  ,  ,88,]
[7,  ,22,  ,  ,54,  ,74,90,]
[9,17,  ,39,  ,  ,66,79,  ,]

[ ,19,20,  ,42,53,  ,  ,80,]
[ ,  ,  ,31,45,55,63,  ,81,]
[5,  ,27,  ,47,  ,65,72,  ,]

[ ,14,23,  ,43,  ,64,  ,84,]
[ ,  ,26,34,49,50,  ,  ,85,]
[8,  ,28,37,  ,  ,69,78,  ,]

[ ,12,  ,35,  ,51,64,71,  ,]
[4,17,21,  ,  ,53,  ,  ,81,]
[ ,  ,27,  ,41,  ,69,79,82,]

[1,  ,29,  ,46,  ,66,73,  ,]
[ ,11,  ,33,  ,52,  ,74,87,]
[3,16,  ,36,  ,58,  ,  ,88,]

[7,  ,20,  ,47,50,  ,  ,89,]
[8,13,  ,30,  ,  ,60,70,  ,]
[ ,14,  ,34,49,  ,67,76,  ,]

[ ,18,  ,31,42,55,  ,  ,84,]
[6,  ,28,  ,  ,57,  ,77,85,]
[9,19,  ,37,  ,  ,68,78,  ,]

[ ,15,24,  ,40,54,  ,  ,83,]
[ ,  ,  ,39,44,59,62,  ,90,]
[2,  ,26,  ,48,  ,63,75,  ,]

[ ,10,22,  ,43,  ,61,  ,80,]
[ ,  ,23,32,45,56,  ,  ,86,]
[5,  ,25,38,  ,  ,65,72,  ,]

[1,  ,24,  ,  ,53,62,74,  ,]
[ ,14,29,  ,40,  ,63,  ,82,]
[ ,19,  ,32,  ,57,  ,79,85,]

[5,  ,22,  ,42,  ,64,71,  ,]
[ ,10,  ,37,  ,58,  ,73,80,]
[9,12,  ,39,  ,59,  ,  ,86,]

[6,  ,21,  ,48,51,  ,  ,83,]
[8,15,  ,35,  ,  ,61,72,  ,]
[ ,17,  ,36,49,  ,68,76,  ,]

[ ,13,  ,30,46,50,  ,  ,81,]
[2,  ,26,  ,  ,54,  ,70,87,]
[4,16,  ,38,  ,  ,65,75,  ,]

[ ,18,23,  ,41,52,  ,  ,84,]
[ ,  ,  ,33,43,55,67,  ,88,]
[3,  ,28,  ,45,  ,69,77,  ,]

[ ,11,20,  ,44,  ,60,  ,89,]
[ ,  ,25,31,47,56,  ,  ,90,]
[7,  ,27,34,  ,  ,66,78,  ,]

[ ,14,  ,  ,46,  ,60,74,83,]
[ ,17,22,36,  ,57,  ,  ,90,]
[5,  ,23,  ,  ,58,67,79,  ,]

[7,  ,27,  ,41,  ,63,70,  ,]
[ ,13,  ,32,  ,50,  ,73,81,]
[8,16,  ,35,  ,54,  ,  ,82,]

[3,  ,24,  ,44,52,  ,  ,85,]
[6,12,  ,37,  ,  ,65,75,  ,]
[ ,18,  ,39,47,  ,69,77,  ,]

[ ,10,  ,30,40,51,  ,  ,80,]
[2,  ,20,  ,  ,56,  ,71,89,]
[4,11,  ,34,  ,  ,64,76,  ,]

[ ,15,21,  ,45,53,  ,  ,87,]
[ ,  ,  ,33,48,55,62,  ,88,]
[9,  ,29,  ,49,  ,66,78,  ,]

[ ,19,25,  ,42,  ,61,  ,84,]
[ ,  ,26,31,43,59,  ,  ,86,]
[1,  ,28,38,  ,  ,68,72,  ,]

[4,  ,23,  ,  ,57,  ,71,86,]
[ ,11,28,37,  ,58,61,  ,  ,]
[ ,15,  ,  ,41,  ,69,75,87,]

[2,  ,29,  ,47,  ,66,70,  ,]
[ ,18,  ,30,  ,55,  ,77,82,]
[5,19,  ,33,  ,59,  ,  ,90,]

[6,  ,24,  ,40,51,  ,  ,81,]
[7,10,  ,36,  ,  ,65,78,  ,]
[ ,12,  ,38,45,  ,68,79,  ,]

[ ,13,  ,31,49,50,  ,  ,80,]
[1,  ,20,  ,  ,52,  ,72,89,]
[8,17,  ,39,  ,  ,63,74,  ,]

[ ,14,21,  ,43,53,  ,  ,84,]
[ ,  ,  ,35,44,56,60,  ,88,]
[9,  ,22,  ,48,  ,62,73,  ,]

[ ,16,25,  ,42,  ,64,  ,83,]
[ ,  ,26,32,46,54,  ,  ,85,]
[3,  ,27,34,  ,  ,67,76,  ,]

[ ,  ,26,37,  ,50,60,70,  ,]
[ ,16,29,  ,47,58,  ,  ,81,]
[1,18,  ,  ,  ,  ,69,73,85,]

[4,  ,25,  ,49,  ,65,75,  ,]
[ ,12,  ,32,  ,51,  ,77,84,]
[5,14,  ,34,  ,57,  ,  ,88,]

[3,  ,22,  ,46,53,  ,  ,89,]
[9,10,  ,30,  ,  ,62,71,  ,]
[ ,15,  ,33,48,  ,63,78,  ,]

[ ,11,  ,31,45,54,  ,  ,82,]
[6,  ,20,  ,  ,59,  ,72,87,]
[7,13,  ,39,  ,  ,61,79,  ,]

[ ,19,27,  ,42,52,  ,  ,80,]
[ ,  ,  ,36,43,56,64,  ,86,]
[2,  ,28,  ,44,  ,68,74,  ,]

[ ,17,21,  ,40,  ,66,  ,83,]
[ ,  ,23,35,41,55,  ,  ,90,]
[8,  ,24,38,  ,  ,67,76,  ,]

[ ,  ,20,38,  ,53,  ,72,87,]
[ ,15,23,  ,47,57,60,  ,  ,]
[1,16,  ,  ,  ,  ,61,76,89,]

[6,  ,25,  ,49,  ,63,73,  ,]
[ ,11,  ,33,  ,54,  ,79,82,]
[9,18,  ,35,  ,58,  ,  ,86,]

[3,  ,22,  ,41,56,  ,  ,90,]
[8,17,  ,34,  ,  ,64,70,  ,]
[ ,19,  ,37,45,  ,66,75,  ,]

[ ,12,  ,30,44,51,  ,  ,80,]
[2,  ,29,  ,  ,59,  ,71,81,]
[5,14,  ,36,  ,  ,67,78,  ,]

[ ,10,24,  ,40,52,  ,  ,83,]
[ ,  ,  ,32,43,55,62,  ,85,]
[7,  ,28,  ,48,  ,68,77,  ,]

[ ,13,21,  ,42,  ,65,  ,84,]
[ ,  ,26,31,46,50,  ,  ,88,]
[4,  ,27,39,  ,  ,69,74,  ,]

[ ,12,  ,  ,43,  ,64,71,87,]
[ ,14,27,35,  ,55,  ,  ,89,]
[4,  ,29,  ,  ,59,66,77,  ,]

[5,  ,23,  ,49,  ,61,74,  ,]
[ ,17,  ,31,  ,50,  ,76,84,]
[7,18,  ,32,  ,52,  ,  ,86,]

[1,  ,28,  ,41,56,  ,  ,82,]
[3,11,  ,33,  ,  ,60,75,  ,]
[ ,19,  ,39,45,  ,63,78,  ,]

[ ,10,  ,37,48,54,  ,  ,85,]
[2,  ,21,  ,  ,58,  ,70,88,]
[9,13,  ,38,  ,  ,67,73,  ,]

[ ,16,22,  ,40,51,  ,  ,83,]
[ ,  ,  ,30,42,57,62,  ,90,]
[8,  ,24,  ,47,  ,68,72,  ,]

[ ,15,20,  ,44,  ,65,  ,80,]
[ ,  ,25,34,46,53,  ,  ,81,]
[6,  ,26,36,  ,  ,69,79,  ,]

[ ,11,  ,36,  ,51,66,70,  ,]
[9,12,22,  ,  ,53,  ,  ,85,]
[ ,  ,28,  ,40,  ,68,77,89,]

[1,  ,27,  ,42,  ,67,76,  ,]
[ ,13,  ,33,  ,56,  ,79,81,]
[4,16,  ,37,  ,59,  ,  ,88,]

[5,  ,29,  ,41,52,  ,  ,82,]
[7,17,  ,30,  ,  ,62,71,  ,]
[ ,18,  ,35,45,  ,65,75,  ,]

[ ,14,  ,32,48,50,  ,  ,83,]
[2,  ,24,  ,  ,54,  ,72,87,]
[3,15,  ,39,  ,  ,61,74,  ,]

[ ,10,23,  ,43,55,  ,  ,84,]
[ ,  ,  ,38,46,57,60,  ,86,]
[8,  ,26,  ,47,  ,69,73,  ,]

[ ,19,20,  ,44,  ,63,  ,80,]
[ ,  ,21,31,49,58,  ,  ,90,]
[6,  ,25,34,  ,  ,64,78,  ,]

[ ,11,  ,  ,48,52,  ,72,82,]
[3,14,22,  ,  ,56,62,  ,  ,]
[ ,  ,29,38,  ,  ,69,76,87,]

[1,  ,28,  ,42,  ,60,75,  ,]
[ ,15,  ,30,  ,51,  ,79,86,]
[9,16,  ,31,  ,59,  ,  ,89,]

[6,  ,23,  ,47,53,  ,  ,85,]
[8,10,  ,33,  ,  ,61,71,  ,]
[ ,18,  ,36,49,  ,66,77,  ,]

[ ,17,  ,32,45,54,  ,  ,80,]
[4,  ,27,  ,  ,58,  ,70,84,]
[7,19,  ,39,  ,  ,63,78,  ,]

[ ,13,24,  ,40,55,  ,  ,83,]
[ ,  ,  ,34,41,57,64,  ,88,]
[5,  ,26,  ,44,  ,65,74,  ,]

[ ,12,20,  ,43,  ,67,  ,81,]
[ ,  ,21,35,46,50,  ,  ,90,]
[2,  ,25,37,  ,  ,68,73,  ,]

[ ,11,  ,  ,42,50,  ,73,83,]
[6,12,20,  ,  ,  ,64,  ,84,]
[ ,  ,22,38,  ,58,68,76,  ,]

[3,  ,25,  ,49,  ,69,71,  ,]
[ ,13,  ,31,  ,52,  ,75,81,]
[5,14,  ,39,  ,54,  ,  ,86,]

[8,  ,28,  ,44,51,  ,  ,87,]
[9,10,  ,32,  ,  ,65,72,  ,]
[ ,16,  ,33,47,  ,67,74,  ,]

[ ,15,  ,30,46,53,  ,  ,85,]
[2,  ,24,  ,  ,57,  ,70,90,]
[4,17,  ,35,  ,  ,61,79,  ,]

[ ,18,26,  ,41,55,  ,  ,80,]
[ ,  ,  ,37,43,56,60,  ,82,]
[1,  ,27,  ,48,  ,66,77,  ,]

[ ,19,21,  ,40,  ,62,  ,88,]
[ ,  ,23,34,45,59,  ,  ,89,]
[7,  ,29,36,  ,  ,63,78,  ,]

[8,  ,27,  ,  ,52,  ,71,81,]
[ ,10,28,37,  ,  ,61,  ,84,]
[ ,13,  ,  ,47,55,64,76,  ,]

[2,  ,26,  ,42,  ,66,72,  ,]
[ ,17,  ,33,  ,54,  ,73,85,]
[3,19,  ,38,  ,59,  ,  ,88,]

[5,  ,25,  ,40,50,  ,  ,87,]
[7,12,  ,30,  ,  ,62,75,  ,]
[ ,14,  ,32,46,  ,69,77,  ,]

[ ,11,  ,34,49,51,  ,  ,83,]
[1,  ,23,  ,  ,53,  ,74,90,]
[4,18,  ,36,  ,  ,60,79,  ,]

[ ,16,20,  ,41,57,  ,  ,82,]
[ ,  ,  ,39,45,58,63,  ,89,]
[9,  ,22,  ,48,  ,68,78,  ,]

[ ,15,21,  ,43,  ,65,  ,80,]
[ ,  ,24,31,44,56,  ,  ,86,]
[6,  ,29,35,  ,  ,67,70,  ,]

[ ,10,  ,38,  ,55,  ,73,80,]
[ ,13,23,  ,41,58,64,  ,  ,]
[4,  ,26,  ,  ,  ,68,76,86,]

[6,  ,22,  ,47,  ,60,70,  ,]
[ ,15,  ,30,  ,51,  ,78,82,]
[9,17,  ,34,  ,54,  ,  ,87,]

[2,  ,24,  ,40,50,  ,  ,84,]
[8,16,  ,33,  ,  ,63,71,  ,]
[ ,19,  ,35,44,  ,69,77,  ,]

[ ,14,  ,31,42,53,  ,  ,85,]
[1,  ,29,  ,  ,59,  ,72,89,]
[3,18,  ,37,  ,  ,67,74,  ,]

[ ,11,27,  ,43,56,  ,  ,83,]
[ ,  ,  ,39,45,57,61,  ,88,]
[7,  ,28,  ,49,  ,66,79,  ,]

[ ,12,20,  ,46,  ,62,  ,81,]
[ ,  ,21,32,48,52,  ,  ,90,]
[5,  ,25,36,  ,  ,65,75,  ,]

[ ,  ,20,  ,41,  ,61,72,81,]
[ ,13,29,36,  ,50,68,  ,  ,]
[3,16,  ,  ,  ,52,  ,73,83,]

[6,  ,23,  ,44,  ,69,70,  ,]
[ ,14,  ,34,  ,54,  ,77,80,]
[8,19,  ,37,  ,55,  ,  ,89,]

[5,  ,22,  ,46,56,  ,  ,82,]
[7,10,  ,33,  ,  ,63,74,  ,]
[ ,17,  ,35,49,  ,65,78,  ,]

[ ,11,  ,31,43,51,  ,  ,85,]
[2,  ,21,  ,  ,53,  ,71,88,]
[9,15,  ,39,  ,  ,66,75,  ,]

[ ,12,25,  ,45,57,  ,  ,84,]
[ ,  ,  ,30,47,59,62,  ,90,]
[1,  ,27,  ,48,  ,67,76,  ,]

[ ,18,24,  ,40,  ,60,  ,86,]
[ ,  ,26,32,42,58,  ,  ,87,]
[4,  ,28,38,  ,  ,64,79,  ,]

[ ,12,  ,  ,47,51,  ,70,80,]
[ ,16,20,33,  ,52,61,  ,  ,]
[4,  ,29,  ,  ,  ,65,72,87,]

[7,  ,21,  ,49,  ,67,74,  ,]
[ ,13,  ,32,  ,50,  ,75,86,]
[9,17,  ,34,  ,53,  ,  ,89,]

[5,  ,27,  ,41,56,  ,  ,85,]
[8,10,  ,30,  ,  ,63,76,  ,]
[ ,15,  ,39,48,  ,69,79,  ,]

[ ,11,  ,36,46,55,  ,  ,83,]
[2,  ,24,  ,  ,57,  ,77,88,]
[6,14,  ,37,  ,  ,60,78,  ,]

[ ,18,26,  ,40,54,  ,  ,81,]
[ ,  ,  ,38,44,58,62,  ,84,]
[3,  ,28,  ,45,  ,66,71,  ,]

[ ,19,22,  ,42,  ,64,  ,82,]
[ ,  ,23,31,43,59,  ,  ,90,]
[1,  ,25,35,  ,  ,68,73,  ,]

[ ,12,  ,39,  ,53,65,71,  ,]
[6,17,22,  ,  ,  ,68,  ,80,]
[ ,  ,28,  ,48,56,  ,77,85,]

[1,  ,29,  ,44,  ,61,72,  ,]
[ ,15,  ,33,  ,50,  ,75,88,]
[9,19,  ,37,  ,57,  ,  ,89,]

[2,  ,25,  ,43,55,  ,  ,87,]
[4,13,  ,34,  ,  ,64,74,  ,]
[ ,16,  ,36,45,  ,66,78,  ,]

[ ,10,  ,35,49,52,  ,  ,84,]
[5,  ,26,  ,  ,58,  ,70,90,]
[8,18,  ,38,  ,  ,67,73,  ,]

[ ,11,21,  ,40,51,  ,  ,82,]
[ ,  ,  ,32,46,54,62,  ,86,]
[3,  ,27,  ,47,  ,69,76,  ,]

[ ,14,20,  ,41,  ,60,  ,81,]
[ ,  ,23,30,42,59,  ,  ,83,]
[7,  ,24,31,  ,  ,63,79,  ,]

[ ,14,  ,37,  ,50,61,74,  ,]
[8,15,20,  ,  ,  ,63,  ,88,]
[ ,  ,25,  ,44,52,  ,76,89,]

[3,  ,27,  ,46,  ,62,70,  ,]
[ ,16,  ,34,  ,53,  ,71,80,]
[9,17,  ,35,  ,54,  ,  ,90,]

[4,  ,24,  ,45,55,  ,  ,84,]
[5,10,  ,30,  ,  ,60,73,  ,]
[ ,19,  ,36,48,  ,68,79,  ,]

[ ,12,  ,31,43,51,  ,  ,81,]
[2,  ,22,  ,  ,57,  ,72,82,]
[7,18,  ,39,  ,  ,65,77,  ,]

[ ,11,26,  ,40,58,  ,  ,83,]
[ ,  ,  ,33,41,59,64,  ,86,]
[6,  ,28,  ,42,  ,67,75,  ,]

[ ,13,21,  ,47,  ,66,  ,85,]
[ ,  ,23,32,49,56,  ,  ,87,]
[1,  ,29,38,  ,  ,69,78,  ,]

[ ,11,  ,32,  ,51,68,71,  ,]
[8,19,21,  ,  ,54,  ,  ,82,]
[ ,  ,23,  ,49,  ,69,75,90,]

[3,  ,20,  ,41,  ,66,72,  ,]
[ ,17,  ,31,  ,50,  ,77,83,]
[6,18,  ,33,  ,52,  ,  ,88,]

[2,  ,28,  ,44,53,  ,  ,85,]
[9,10,  ,34,  ,  ,63,76,  ,]
[ ,13,  ,35,45,  ,64,78,  ,]

[ ,12,  ,37,42,55,  ,  ,86,]
[5,  ,26,  ,  ,57,  ,73,87,]
[7,14,  ,38,  ,  ,65,79,  ,]

[ ,16,22,  ,40,56,  ,  ,80,]
[ ,  ,  ,30,43,59,60,  ,81,]
[1,  ,29,  ,47,  ,67,74,  ,]

[ ,15,24,  ,46,  ,61,  ,84,]
[ ,  ,25,36,48,58,  ,  ,89,]
[4,  ,27,39,  ,  ,62,70,  ,]

[ ,13,  ,36,  ,55,68,70,  ,]
[ ,15,21,  ,42,  ,69,  ,81,]
[8,  ,22,  ,  ,59,  ,76,82,]

[4,  ,27,  ,47,  ,65,74,  ,]
[ ,14,  ,30,  ,50,  ,75,88,]
[9,18,  ,37,  ,52,  ,  ,90,]

[1,  ,29,  ,46,51,  ,  ,80,]
[2,16,  ,31,  ,  ,64,72,  ,]
[ ,19,  ,33,49,  ,67,73,  ,]

[ ,11,  ,35,41,54,  ,  ,85,]
[5,  ,26,  ,  ,58,  ,71,87,]
[7,17,  ,39,  ,  ,62,77,  ,]

[ ,12,20,  ,40,56,  ,  ,83,]
[ ,  ,  ,38,43,57,63,  ,84,]
[3,  ,24,  ,48,  ,66,79,  ,]

[ ,10,23,  ,44,  ,60,  ,86,]
[ ,  ,25,32,45,53,  ,  ,89,]
[6,  ,28,34,  ,  ,61,78,  ,]

[ ,  ,21,  ,46,55,66,72,  ,]
[1,13,22,  ,  ,  ,69,  ,86,]
[ ,14,  ,38,  ,59,  ,74,87,]

[3,  ,25,  ,48,  ,63,70,  ,]
[ ,17,  ,30,  ,51,  ,73,82,]
[5,19,  ,34,  ,56,  ,  ,85,]

[2,  ,24,  ,42,58,  ,  ,80,]
[8,11,  ,31,  ,  ,64,77,  ,]
[ ,18,  ,35,45,  ,67,78,  ,]

[ ,15,  ,32,43,53,  ,  ,89,]
[4,  ,20,  ,  ,57,  ,76,90,]
[6,16,  ,36,  ,  ,68,79,  ,]

[ ,12,26,  ,41,52,  ,  ,81,]
[ ,  ,  ,39,44,54,60,  ,83,]
[7,  ,28,  ,47,  ,65,71,  ,]

[ ,10,23,  ,40,  ,61,  ,84,]
[ ,  ,27,33,49,50,  ,  ,88,]
[9,  ,29,37,  ,  ,62,75,  ,]

[1,12,  ,  ,  ,53,60,75,  ,]
[ ,18,21,37,  ,  ,61,  ,84,]
[ ,  ,26,  ,47,55,  ,79,85,]

[3,  ,23,  ,49,  ,63,76,  ,]
[ ,13,  ,30,  ,56,  ,78,83,]
[4,16,  ,35,  ,57,  ,  ,90,]

[2,  ,22,  ,42,50,  ,  ,87,]
[9,17,  ,33,  ,  ,67,72,  ,]
[ ,19,  ,34,43,  ,69,74,  ,]

[ ,14,  ,32,44,51,  ,  ,80,]
[5,  ,25,  ,  ,58,  ,70,86,]
[8,15,  ,36,  ,  ,65,77,  ,]

[ ,11,20,  ,40,54,  ,  ,82,]
[ ,  ,  ,31,46,59,64,  ,89,]
[7,  ,24,  ,48,  ,68,71,  ,]

[ ,10,27,  ,41,  ,62,  ,81,]
[ ,  ,28,38,45,52,  ,  ,88,]
[6,  ,29,39,  ,  ,66,73,  ,]

[ ,11,  ,36,  ,50,  ,74,80,]
[5,13,22,  ,  ,  ,60,  ,86,]
[ ,  ,26,  ,45,56,67,77,  ,]

[4,  ,29,  ,48,  ,63,70,  ,]
[ ,16,  ,33,  ,51,  ,71,81,]
[6,18,  ,34,  ,59,  ,  ,83,]

[3,  ,21,  ,42,54,  ,  ,84,]
[8,14,  ,31,  ,  ,62,75,  ,]
[ ,19,  ,39,47,  ,65,78,  ,]

[ ,10,  ,30,41,52,  ,  ,87,]
[1,  ,27,  ,  ,55,  ,72,88,]
[9,12,  ,38,  ,  ,66,73,  ,]

[ ,17,20,  ,44,53,  ,  ,85,]
[ ,  ,  ,35,46,58,61,  ,89,]
[2,  ,28,  ,49,  ,64,79,  ,]

[ ,15,23,  ,40,  ,68,  ,82,]
[ ,  ,24,32,43,57,  ,  ,90,]
[7,  ,25,37,  ,  ,69,76,  ,]

[ ,  ,23,  ,48,  ,60,72,84,]
[7,12,24,  ,  ,52,69,  ,  ,]
[ ,13,  ,34,  ,54,  ,76,85,]

[3,  ,21,  ,49,  ,65,71,  ,]
[ ,16,  ,37,  ,55,  ,77,80,]
[9,19,  ,38,  ,58,  ,  ,87,]

[5,  ,27,  ,40,51,  ,  ,88,]
[8,11,  ,32,  ,  ,61,70,  ,]
[ ,17,  ,33,43,  ,62,78,  ,]

[ ,10,  ,30,42,53,  ,  ,81,]
[1,  ,28,  ,  ,59,  ,73,90,]
[6,15,  ,39,  ,  ,66,74,  ,]

[ ,14,20,  ,41,50,  ,  ,86,]
[ ,  ,  ,35,44,57,67,  ,89,]
[2,  ,25,  ,46,  ,68,75,  ,]

[ ,18,22,  ,45,  ,63,  ,82,]
[ ,  ,26,31,47,56,  ,  ,83,]
[4,  ,29,36,  ,  ,64,79,  ,]

[ ,17,  ,38,  ,  ,63,71,84,]
[ ,18,26,  ,46,57,69,  ,  ,]
[9,  ,29,  ,  ,59,  ,76,86,]

[7,  ,23,  ,42,  ,60,72,  ,]
[ ,10,  ,33,  ,55,  ,78,87,]
[8,15,  ,39,  ,56,  ,  ,90,]

[3,  ,20,  ,41,50,  ,  ,85,]
[4,11,  ,35,  ,  ,61,73,  ,]
[ ,13,  ,37,47,  ,62,79,  ,]

[ ,16,  ,32,45,52,  ,  ,88,]
[1,  ,21,  ,  ,54,  ,70,89,]
[5,19,  ,36,  ,  ,64,75,  ,]

[ ,14,22,  ,44,53,  ,  ,80,]
[ ,  ,  ,34,48,58,65,  ,82,]
[2,  ,27,  ,49,  ,68,77,  ,]

[ ,12,24,  ,40,  ,66,  ,81,]
[ ,  ,25,30,43,51,  ,  ,83,]
[6,  ,28,31,  ,  ,67,74,  ,]

[ ,  ,21,39,  ,  ,60,75,86,]
[6,10,25,  ,  ,53,  ,  ,88,]
[ ,16,  ,  ,44,56,68,78,  ,]

[1,  ,22,  ,46,  ,64,70,  ,]
[ ,11,  ,35,  ,51,  ,77,83,]
[4,12,  ,37,  ,57,  ,  ,87,]

[2,  ,27,  ,40,55,  ,  ,80,]
[8,18,  ,32,  ,  ,61,71,  ,]
[ ,19,  ,33,49,  ,63,72,  ,]

[ ,15,  ,31,47,50,  ,  ,82,]
[3,  ,28,  ,  ,59,  ,74,89,]
[9,17,  ,34,  ,  ,67,76,  ,]

[ ,14,20,  ,41,52,  ,  ,85,]
[ ,  ,  ,38,42,54,62,  ,90,]
[5,  ,23,  ,43,  ,65,79,  ,]

[ ,13,24,  ,45,  ,66,  ,81,]
[ ,  ,26,30,48,58,  ,  ,84,]
[7,  ,29,36,  ,  ,69,73,  ,]

[ ,16,  ,  ,42,56,61,78,  ,]
[ ,18,21,30,  ,58,  ,  ,80,]
[6,  ,26,  ,  ,  ,64,79,82,]

[7,  ,24,  ,43,  ,63,70,  ,]
[ ,13,  ,36,  ,57,  ,71,86,]
[8,17,  ,38,  ,59,  ,  ,88,]

[3,  ,23,  ,41,55,  ,  ,89,]
[5,11,  ,33,  ,  ,62,76,  ,]
[ ,12,  ,35,48,  ,68,77,  ,]

[ ,10,  ,31,46,51,  ,  ,81,]
[4,  ,25,  ,  ,52,  ,73,84,]
[9,19,  ,34,  ,  ,66,75,  ,]

[ ,14,22,  ,45,53,  ,  ,85,]
[ ,  ,  ,32,47,54,67,  ,87,]
[1,  ,29,  ,49,  ,69,72,  ,]

[ ,15,20,  ,40,  ,60,  ,83,]
[ ,  ,27,37,44,50,  ,  ,90,]
[2,  ,28,39,  ,  ,65,74,  ,]

[2,  ,23,  ,  ,55,  ,73,83,]
[ ,14,29,33,  ,  ,62,  ,84,]
[ ,17,  ,  ,41,57,69,77,  ,]

[4,  ,22,  ,44,  ,68,78,  ,]
[ ,11,  ,31,  ,54,  ,79,88,]
[9,12,  ,34,  ,56,  ,  ,89,]

[1,  ,20,  ,40,53,  ,  ,87,]
[7,16,  ,32,  ,  ,61,70,  ,]
[ ,18,  ,38,47,  ,63,75,  ,]

[ ,10,  ,35,43,51,  ,  ,81,]
[6,  ,24,  ,  ,58,  ,71,82,]
[8,19,  ,39,  ,  ,65,74,  ,]

[ ,15,26,  ,42,50,  ,  ,85,]
[ ,  ,  ,30,45,59,64,  ,90,]
[3,  ,27,  ,46,  ,67,76,  ,]

[ ,13,21,  ,48,  ,60,  ,80,]
[ ,  ,25,36,49,52,  ,  ,86,]
[5,  ,28,37,  ,  ,66,72,  ,]

[ ,  ,22,38,  ,52,63,73,  ,]
[ ,12,28,  ,47,  ,67,  ,87,]
[5,19,  ,  ,  ,59,  ,75,88,]

[1,  ,29,  ,46,  ,64,71,  ,]
[ ,13,  ,31,  ,57,  ,72,80,]
[6,15,  ,37,  ,58,  ,  ,83,]

[8,  ,26,  ,44,51,  ,  ,85,]
[9,14,  ,34,  ,  ,61,78,  ,]
[ ,16,  ,36,48,  ,65,79,  ,]

[ ,10,  ,30,42,50,  ,  ,81,]
[2,  ,20,  ,  ,55,  ,76,84,]
[4,18,  ,33,  ,  ,69,77,  ,]

[ ,17,23,  ,40,53,  ,  ,86,]
[ ,  ,  ,32,43,54,66,  ,89,]
[3,  ,27,  ,45,  ,68,70,  ,]

[ ,11,21,  ,41,  ,60,  ,82,]
[ ,  ,24,35,49,56,  ,  ,90,]
[7,  ,25,39,  ,  ,62,74,  ,]

[2,  ,20,  ,  ,55,  ,74,80,]
[ ,11,26,  ,48,  ,62,  ,89,]
[ ,14,  ,36,  ,58,64,75,  ,]

[3,  ,23,  ,49,  ,67,71,  ,]
[ ,17,  ,34,  ,53,  ,78,81,]
[4,19,  ,39,  ,59,  ,  ,84,]

[1,  ,28,  ,44,52,  ,  ,85,]
[6,13,  ,37,  ,  ,63,70,  ,]
[ ,16,  ,38,46,  ,66,79,  ,]

[ ,12,  ,31,45,54,  ,  ,83,]
[8,  ,21,  ,  ,57,  ,72,90,]
[9,15,  ,32,  ,  ,68,77,  ,]

[ ,10,24,  ,40,50,  ,  ,82,]
[ ,  ,  ,35,41,51,61,  ,88,]
[5,  ,27,  ,43,  ,65,76,  ,]

[ ,18,22,  ,42,  ,60,  ,86,]
[ ,  ,25,30,47,56,  ,  ,87,]
[7,  ,29,33,  ,  ,69,73,  ,]

[ ,  ,26,39,  ,54,63,72,  ,]
[7,17,29,  ,  ,  ,67,  ,84,]
[ ,19,  ,  ,43,58,  ,77,85,]

[3,  ,22,  ,46,  ,66,71,  ,]
[ ,12,  ,31,  ,51,  ,76,83,]
[9,18,  ,33,  ,56,  ,  ,90,]

[2,  ,25,  ,42,53,  ,  ,81,]
[5,10,  ,34,  ,  ,62,78,  ,]
[ ,14,  ,38,44,  ,65,79,  ,]

[ ,11,  ,30,48,50,  ,  ,86,]
[4,  ,27,  ,  ,59,  ,70,89,]
[6,16,  ,35,  ,  ,64,74,  ,]

[ ,13,20,  ,40,52,  ,  ,82,]
[ ,  ,  ,36,47,57,60,  ,88,]
[1,  ,21,  ,49,  ,61,75,  ,]

[ ,15,23,  ,41,  ,68,  ,80,]
[ ,  ,24,32,45,55,  ,  ,87,]
[8,  ,28,37,  ,  ,69,73,  ,]

[ ,  ,27,38,  ,52,  ,77,86,]
[ ,13,29,  ,45,58,60,  ,  ,]
[8,16,  ,  ,  ,  ,63,78,87,]

[3,  ,23,  ,46,  ,65,71,  ,]
[ ,11,  ,32,  ,53,  ,75,82,]
[4,15,  ,37,  ,57,  ,  ,88,]

[1,  ,22,  ,47,55,  ,  ,84,]
[9,12,  ,30,  ,  ,61,72,  ,]
[ ,14,  ,31,48,  ,66,73,  ,]

[ ,17,  ,36,41,50,  ,  ,81,]
[5,  ,26,  ,  ,51,  ,70,90,]
[6,19,  ,39,  ,  ,69,79,  ,]

[ ,18,25,  ,42,54,  ,  ,80,]
[ ,  ,  ,33,43,59,64,  ,83,]
[2,  ,28,  ,49,  ,68,74,  ,]

[ ,10,20,  ,40,  ,62,  ,85,]
[ ,  ,21,34,44,56,  ,  ,89,]
[7,  ,24,35,  ,  ,67,76,  ,]

[7,16,  ,  ,  ,51,  ,77,82,]
[ ,17,22,  ,47,  ,67,  ,89,]
[ ,  ,23,38,  ,54,68,79,  ,]

[4,  ,25,  ,41,  ,66,72,  ,]
[ ,18,  ,32,  ,52,  ,76,81,]
[6,19,  ,37,  ,58,  ,  ,84,]

[1,  ,24,  ,44,55,  ,  ,80,]
[5,14,  ,30,  ,  ,62,73,  ,]
[ ,15,  ,34,48,  ,63,74,  ,]

[ ,11,  ,31,43,50,  ,  ,85,]
[2,  ,29,  ,  ,57,  ,70,87,]
[8,13,  ,35,  ,  ,64,71,  ,]

[ ,12,21,  ,40,56,  ,  ,88,]
[ ,  ,  ,36,46,59,60,  ,90,]
[3,  ,27,  ,49,  ,69,75,  ,]

[ ,10,20,  ,42,  ,61,  ,83,]
[ ,  ,26,33,45,53,  ,  ,86,]
[9,  ,28,39,  ,  ,65,78,  ,]

[5,  ,21,  ,  ,  ,65,75,83,]
[ ,11,23,33,  ,50,68,  ,  ,]
[ ,13,  ,  ,47,59,  ,77,90,]

[2,  ,22,  ,42,  ,61,70,  ,]
[ ,10,  ,35,  ,51,  ,79,82,]
[4,14,  ,37,  ,54,  ,  ,86,]

[1,  ,28,  ,43,55,  ,  ,89,]
[8,17,  ,30,  ,  ,60,76,  ,]
[ ,18,  ,39,49,  ,67,78,  ,]

[ ,12,  ,31,40,52,  ,  ,85,]
[3,  ,26,  ,  ,57,  ,71,88,]
[9,16,  ,38,  ,  ,66,74,  ,]

[ ,19,25,  ,45,53,  ,  ,80,]
[ ,  ,  ,36,46,56,62,  ,81,]
[7,  ,29,  ,48,  ,69,72,  ,]

[ ,15,20,  ,41,  ,63,  ,84,]
[ ,  ,24,32,44,58,  ,  ,87,]
[6,  ,27,34,  ,  ,64,73,  ,]

[ ,10,  ,  ,41,52,63,78,  ,]
[ ,11,20,33,  ,58,  ,  ,81,]
[6,  ,28,  ,  ,  ,65,79,86,]

[7,  ,26,  ,49,  ,62,72,  ,]
[ ,18,  ,35,  ,50,  ,77,87,]
[9,19,  ,36,  ,56,  ,  ,89,]

[5,  ,21,  ,44,54,  ,  ,85,]
[8,13,  ,31,  ,  ,61,73,  ,]
[ ,17,  ,37,46,  ,69,74,  ,]

[ ,12,  ,38,42,51,  ,  ,84,]
[3,  ,24,  ,  ,57,  ,70,90,]
[4,14,  ,39,  ,  ,67,71,  ,]

[ ,15,23,  ,40,53,  ,  ,83,]
[ ,  ,  ,30,45,59,60,  ,88,]
[1,  ,29,  ,47,  ,64,75,  ,]

[ ,16,22,  ,43,  ,66,  ,80,]
[ ,  ,25,32,48,55,  ,  ,82,]
[2,  ,27,34,  ,  ,68,76,  ,]

[ ,10,  ,  ,43,51,60,70,  ,]
[ ,14,23,33,  ,58,  ,  ,87,]
[3,  ,29,  ,  ,  ,61,73,90,]

[4,  ,26,  ,41,  ,67,71,  ,]
[ ,15,  ,34,  ,50,  ,76,84,]
[5,16,  ,35,  ,56,  ,  ,88,]

[2,  ,27,  ,42,52,  ,  ,85,]
[6,11,  ,30,  ,  ,64,72,  ,]
[ ,13,  ,37,48,  ,66,77,  ,]

[ ,17,  ,36,40,53,  ,  ,81,]
[1,  ,25,  ,  ,54,  ,74,89,]
[8,18,  ,39,  ,  ,63,78,  ,]

[ ,12,22,  ,45,55,  ,  ,80,]
[ ,  ,  ,31,46,57,62,  ,82,]
[9,  ,28,  ,49,  ,68,75,  ,]

[ ,19,20,  ,44,  ,65,  ,83,]
[ ,  ,21,32,47,59,  ,  ,86,]
[7,  ,24,38,  ,  ,69,79,  ,]

[ ,  ,27,  ,49,53,  ,72,82,]
[5,15,28,  ,  ,  ,65,  ,83,]
[ ,19,  ,37,  ,58,67,74,  ,]

[7,  ,21,  ,42,  ,64,75,  ,]
[ ,16,  ,32,  ,51,  ,78,87,]
[9,17,  ,35,  ,52,  ,  ,89,]

[3,  ,22,  ,41,54,  ,  ,88,]
[6,12,  ,31,  ,  ,66,73,  ,]
[ ,14,  ,34,48,  ,69,76,  ,]

[ ,11,  ,38,43,50,  ,  ,80,]
[1,  ,23,  ,  ,57,  ,77,86,]
[4,18,  ,39,  ,  ,63,79,  ,]

[ ,13,24,  ,44,56,  ,  ,81,]
[ ,  ,  ,30,46,59,60,  ,85,]
[8,  ,29,  ,47,  ,68,70,  ,]

[ ,10,20,  ,40,  ,61,  ,84,]
[ ,  ,25,33,45,55,  ,  ,90,]
[2,  ,26,36,  ,  ,62,71,  ,]

[3,  ,27,  ,  ,56,  ,74,82,]
[ ,14,28,35,  ,  ,62,  ,90,]
[ ,17,  ,  ,41,58,64,77,  ,]

[5,  ,25,  ,45,  ,61,70,  ,]
[ ,16,  ,34,  ,53,  ,71,86,]
[9,19,  ,36,  ,57,  ,  ,87,]

[1,  ,21,  ,48,59,  ,  ,81,]
[4,12,  ,31,  ,  ,65,75,  ,]
[ ,13,  ,38,49,  ,68,78,  ,]

[ ,15,  ,30,46,50,  ,  ,80,]
[2,  ,24,  ,  ,54,  ,72,84,]
[6,18,  ,33,  ,  ,69,73,  ,]

[ ,11,23,  ,42,51,  ,  ,88,]
[ ,  ,  ,32,43,55,63,  ,89,]
[8,  ,29,  ,47,  ,67,76,  ,]

[ ,10,20,  ,40,  ,60,  ,83,]
[ ,  ,22,37,44,52,  ,  ,85,]
[7,  ,26,39,  ,  ,66,79,  ,]

[ ,  ,25,34,  ,  ,65,71,81,]
[ ,10,29,  ,45,50,  ,  ,89,]
[9,13,  ,  ,  ,51,69,76,  ,]

[5,  ,22,  ,47,  ,64,78,  ,]
[ ,12,  ,31,  ,58,  ,79,85,]
[7,15,  ,37,  ,59,  ,  ,86,]

[2,  ,28,  ,42,57,  ,  ,80,]
[6,17,  ,30,  ,  ,62,70,  ,]
[ ,18,  ,35,49,  ,68,73,  ,]

[ ,14,  ,36,46,52,  ,  ,82,]
[4,  ,20,  ,  ,56,  ,74,88,]
[8,16,  ,39,  ,  ,60,77,  ,]

[ ,19,21,  ,40,53,  ,  ,84,]
[ ,  ,  ,38,43,54,63,  ,87,]
[1,  ,27,  ,48,  ,67,75,  ,]

[ ,11,23,  ,41,  ,61,  ,83,]
[ ,  ,24,32,44,55,  ,  ,90,]
[3,  ,26,33,  ,  ,66,72,  ,]

[ ,  ,23,30,  ,57,66,71,  ,]
[8,16,25,  ,  ,59,  ,  ,87,]
[ ,17,  ,  ,43,  ,68,75,88,]

[2,  ,21,  ,42,  ,60,73,  ,]
[ ,10,  ,31,  ,50,  ,79,82,]
[5,13,  ,39,  ,55,  ,  ,84,]

[1,  ,28,  ,40,58,  ,  ,81,]
[6,11,  ,36,  ,  ,67,72,  ,]
[ ,15,  ,38,47,  ,69,77,  ,]

[ ,18,  ,32,41,51,  ,  ,80,]
[4,  ,20,  ,  ,53,  ,70,83,]
[9,19,  ,33,  ,  ,61,76,  ,]

[ ,14,24,  ,46,52,  ,  ,85,]
[ ,  ,  ,35,48,56,63,  ,89,]
[7,  ,26,  ,49,  ,65,74,  ,]

[ ,12,22,  ,44,  ,62,  ,86,]
[ ,  ,27,34,45,54,  ,  ,90,]
[3,  ,29,37,  ,  ,64,78,  ,]

[ ,18,  ,  ,46,54,65,74,  ,]
[ ,19,26,39,  ,  ,66,  ,84,]
[9,  ,29,  ,  ,55,  ,78,88,]

[4,  ,20,  ,41,  ,60,73,  ,]
[ ,13,  ,34,  ,52,  ,77,85,]
[6,17,  ,38,  ,58,  ,  ,90,]

[2,  ,21,  ,45,57,  ,  ,87,]
[7,12,  ,30,  ,  ,62,75,  ,]
[ ,15,  ,36,48,  ,63,76,  ,]

[ ,11,  ,31,49,50,  ,  ,82,]
[1,  ,25,  ,  ,53,  ,70,83,]
[5,16,  ,35,  ,  ,69,79,  ,]

[ ,14,22,  ,43,56,  ,  ,81,]
[ ,  ,  ,32,44,59,61,  ,86,]
[8,  ,23,  ,47,  ,68,72,  ,]

[ ,10,24,  ,40,  ,64,  ,80,]
[ ,  ,27,33,42,51,  ,  ,89,]
[3,  ,28,37,  ,  ,67,71,  ,]

[ ,  ,20,  ,49,  ,60,75,81,]
[ ,15,23,34,  ,52,  ,  ,86,]
[1,18,  ,  ,  ,53,63,79,  ,]

[6,  ,29,  ,40,  ,65,74,  ,]
[ ,12,  ,36,  ,50,  ,76,82,]
[8,13,  ,37,  ,57,  ,  ,84,]

[5,  ,24,  ,45,54,  ,  ,88,]
[9,17,  ,31,  ,  ,66,70,  ,]
[ ,19,  ,39,48,  ,67,71,  ,]

[ ,14,  ,30,41,56,  ,  ,89,]
[2,  ,28,  ,  ,59,  ,72,90,]
[4,16,  ,32,  ,  ,68,78,  ,]

[ ,11,21,  ,44,51,  ,  ,83,]
[ ,  ,  ,35,46,55,61,  ,87,]
[7,  ,25,  ,47,  ,69,73,  ,]

[ ,10,22,  ,42,  ,62,  ,80,]
[ ,  ,26,33,43,58,  ,  ,85,]
[3,  ,27,38,  ,  ,64,77,  ,]

[ ,17,  ,37,  ,55,68,70,  ,]
[5,19,23,  ,  ,56,  ,  ,82,]
[ ,  ,25,  ,41,  ,69,77,84,]

[2,  ,26,  ,43,  ,61,74,  ,]
[ ,13,  ,34,  ,54,  ,75,85,]
[9,16,  ,35,  ,59,  ,  ,86,]

[4,  ,22,  ,45,52,  ,  ,80,]
[8,11,  ,30,  ,  ,66,73,  ,]
[ ,14,  ,39,48,  ,67,79,  ,]

[ ,10,  ,36,40,57,  ,  ,89,]
[1,  ,21,  ,  ,58,  ,76,90,]
[6,12,  ,38,  ,  ,63,78,  ,]

[ ,18,24,  ,42,51,  ,  ,83,]
[ ,  ,  ,31,46,53,60,  ,88,]
[7,  ,29,  ,49,  ,65,72,  ,]

[ ,15,20,  ,44,  ,62,  ,81,]
[ ,  ,27,32,47,50,  ,  ,87,]
[3,  ,28,33,  ,  ,64,71,  ,]

[ ,13,  ,37,  ,52,62,73,  ,]
[6,16,23,  ,  ,  ,65,  ,85,]
[ ,  ,28,  ,42,57,  ,78,86,]

[8,  ,22,  ,41,  ,67,70,  ,]
[ ,18,  ,33,  ,50,  ,74,83,]
[9,19,  ,35,  ,55,  ,  ,87,]

[1,  ,29,  ,40,54,  ,  ,80,]
[3,10,  ,36,  ,  ,66,71,  ,]
[ ,11,  ,39,43,  ,68,75,  ,]

[ ,12,  ,32,48,53,  ,  ,88,]
[5,  ,24,  ,  ,58,  ,72,89,]
[7,15,  ,38,  ,  ,61,79,  ,]

[ ,17,20,  ,45,51,  ,  ,81,]
[ ,  ,  ,34,46,56,63,  ,82,]
[4,  ,26,  ,49,  ,69,77,  ,]

[ ,14,21,  ,44,  ,60,  ,84,]
[ ,  ,25,30,47,59,  ,  ,90,]
[2,  ,27,31,  ,  ,64,76,  ,]

[9,11,  ,  ,  ,52,  ,71,80,]
[ ,14,25,36,  ,  ,60,  ,87,]
[ ,  ,26,  ,47,54,61,79,  ,]

[2,  ,20,  ,49,  ,62,70,  ,]
[ ,12,  ,31,  ,50,  ,72,82,]
[6,18,  ,38,  ,59,  ,  ,89,]

[4,  ,28,  ,42,55,  ,  ,84,]
[7,10,  ,34,  ,  ,63,73,  ,]
[ ,15,  ,35,45,  ,67,78,  ,]

[ ,16,  ,30,43,53,  ,  ,83,]
[1,  ,21,  ,  ,57,  ,74,90,]
[3,17,  ,37,  ,  ,69,77,  ,]

[ ,13,23,  ,40,51,  ,  ,85,]
[ ,  ,  ,39,41,58,66,  ,88,]
[8,  ,24,  ,46,  ,68,76,  ,]

[ ,19,22,  ,44,  ,64,  ,81,]
[ ,  ,27,32,48,56,  ,  ,86,]
[5,  ,29,33,  ,  ,65,75,  ,]

[ ,  ,20,  ,46,  ,60,70,86,]
[8,15,24,  ,  ,51,  ,  ,87,]
[ ,17,  ,33,  ,53,67,73,  ,]

[2,  ,25,  ,42,  ,61,75,  ,]
[ ,10,  ,31,  ,50,  ,77,81,]
[4,18,  ,36,  ,57,  ,  ,89,]

[3,  ,26,  ,40,56,  ,  ,88,]
[6,12,  ,34,  ,  ,62,72,  ,]
[ ,13,  ,35,48,  ,68,76,  ,]

[ ,14,  ,32,47,54,  ,  ,84,]
[1,  ,22,  ,  ,58,  ,71,90,]
[9,16,  ,38,  ,  ,66,78,  ,]

[ ,19,27,  ,41,52,  ,  ,80,]
[ ,  ,  ,39,44,59,63,  ,83,]
[5,  ,28,  ,49,  ,64,79,  ,]

[ ,11,21,  ,43,  ,65,  ,82,]
[ ,  ,23,30,45,55,  ,  ,85,]
[7,  ,29,37,  ,  ,69,74,  ,]

[ ,11,  ,31,  ,51,  ,72,87,]
[ ,14,21,  ,47,58,61,  ,  ,]
[6,  ,25,  ,  ,  ,69,76,90,]

[4,  ,20,  ,45,  ,62,73,  ,]
[ ,13,  ,30,  ,54,  ,79,84,]
[5,19,  ,33,  ,57,  ,  ,88,]

[8,  ,29,  ,41,56,  ,  ,85,]
[9,10,  ,32,  ,  ,60,71,  ,]
[ ,18,  ,39,46,  ,68,78,  ,]

[ ,15,  ,34,40,50,  ,  ,82,]
[1,  ,24,  ,  ,52,  ,70,83,]
[7,16,  ,36,  ,  ,64,75,  ,]

[ ,17,27,  ,43,53,  ,  ,80,]
[ ,  ,  ,38,48,55,63,  ,81,]
[3,  ,28,  ,49,  ,65,77,  ,]

[ ,12,22,  ,42,  ,66,  ,86,]
[ ,  ,23,35,44,59,  ,  ,89,]
[2,  ,26,37,  ,  ,67,74,  ,]

[3,11,  ,  ,  ,56,  ,71,81,]
[ ,17,24,37,  ,57,64,  ,  ,]
[ ,  ,26,  ,41,  ,68,79,89,]

[2,  ,21,  ,48,  ,69,72,  ,]
[ ,14,  ,33,  ,50,  ,74,80,]
[6,16,  ,34,  ,58,  ,  ,85,]

[1,  ,27,  ,43,59,  ,  ,83,]
[4,10,  ,30,  ,  ,61,77,  ,]
[ ,13,  ,32,46,  ,66,78,  ,]

[ ,12,  ,35,45,51,  ,  ,87,]
[5,  ,25,  ,  ,52,  ,70,88,]
[7,19,  ,39,  ,  ,63,75,  ,]

[ ,18,22,  ,40,53,  ,  ,82,]
[ ,  ,  ,36,47,54,62,  ,86,]
[9,  ,23,  ,49,  ,67,76,  ,]

[ ,15,20,  ,42,  ,60,  ,84,]
[ ,  ,28,31,44,55,  ,  ,90,]
[8,  ,29,38,  ,  ,65,73,  ,]

[ ,10,  ,  ,47,56,  ,76,83,]
[ ,13,25,32,  ,  ,67,  ,89,]
[4,  ,26,  ,  ,57,68,77,  ,]

[1,  ,28,  ,45,  ,60,71,  ,]
[ ,18,  ,33,  ,51,  ,74,84,]
[5,19,  ,37,  ,59,  ,  ,86,]

[6,  ,27,  ,44,50,  ,  ,82,]
[9,11,  ,35,  ,  ,63,73,  ,]
[ ,14,  ,36,46,  ,65,78,  ,]

[ ,16,  ,31,49,53,  ,  ,80,]
[3,  ,29,  ,  ,58,  ,72,85,]
[8,17,  ,38,  ,  ,69,79,  ,]

[ ,15,21,  ,40,54,  ,  ,88,]
[ ,  ,  ,39,43,55,62,  ,90,]
[2,  ,24,  ,48,  ,64,75,  ,]

[ ,12,20,  ,41,  ,61,  ,81,]
[ ,  ,22,30,42,52,  ,  ,87,]
[7,  ,23,34,  ,  ,66,70,  ,]

[ ,  ,22,30,  ,58,62,70,  ,]
[ ,12,23,  ,47,  ,64,  ,81,]
[4,15,  ,  ,  ,59,  ,71,83,]

[6,  ,26,  ,43,  ,60,74,  ,]
[ ,14,  ,36,  ,56,  ,75,80,]
[7,17,  ,38,  ,57,  ,  ,82,]

[1,  ,25,  ,40,52,  ,  ,86,]
[5,10,  ,31,  ,  ,65,77,  ,]
[ ,13,  ,33,46,  ,67,78,  ,]

[ ,11,  ,34,49,51,  ,  ,85,]
[3,  ,29,  ,  ,54,  ,72,87,]
[9,18,  ,39,  ,  ,69,79,  ,]

[ ,19,21,  ,41,50,  ,  ,84,]
[ ,  ,  ,32,42,55,66,  ,90,]
[2,  ,24,  ,48,  ,68,73,  ,]

[ ,16,20,  ,44,  ,61,  ,88,]
[ ,  ,27,35,45,53,  ,  ,89,]
[8,  ,28,37,  ,  ,63,76,  ,]

[ ,10,  ,  ,49,  ,61,71,80,]
[7,17,25,  ,  ,52,63,  ,  ,]
[ ,  ,28,30,  ,57,  ,74,86,]

[1,  ,22,  ,43,  ,60,72,  ,]
[ ,13,  ,36,  ,51,  ,79,82,]
[3,15,  ,39,  ,54,  ,  ,84,]

[2,  ,24,  ,41,58,  ,  ,88,]
[5,11,  ,34,  ,  ,66,73,  ,]
[ ,19,  ,35,44,  ,67,77,  ,]

[ ,12,  ,32,46,50,  ,  ,81,]
[6,  ,26,  ,  ,55,  ,75,90,]
[9,16,  ,33,  ,  ,69,78,  ,]

[ ,18,27,  ,42,56,  ,  ,85,]
[ ,  ,  ,31,45,59,62,  ,89,]
[8,  ,29,  ,48,  ,64,76,  ,]

[ ,14,20,  ,40,  ,65,  ,83,]
[ ,  ,21,37,47,53,  ,  ,87,]
[4,  ,23,38,  ,  ,68,70,  ,]

[4,15,  ,  ,  ,58,63,70,  ,]
[ ,16,23,35,  ,59,  ,  ,86,]
[ ,  ,24,  ,40,  ,69,73,87,]

[1,  ,28,  ,44,  ,65,74,  ,]
[ ,11,  ,30,  ,50,  ,78,81,]
[7,14,  ,38,  ,56,  ,  ,83,]

[5,  ,22,  ,41,53,  ,  ,82,]
[9,12,  ,32,  ,  ,62,72,  ,]
[ ,13,  ,39,45,  ,66,76,  ,]

[ ,10,  ,34,49,51,  ,  ,84,]
[3,  ,29,  ,  ,54,  ,75,85,]
[6,19,  ,36,  ,  ,68,79,  ,]

[ ,18,25,  ,42,55,  ,  ,80,]
[ ,  ,  ,33,43,57,60,  ,89,]
[2,  ,26,  ,48,  ,67,77,  ,]

[ ,17,20,  ,46,  ,61,  ,88,]
[ ,  ,21,31,47,52,  ,  ,90,]
[8,  ,27,37,  ,  ,64,71,  ,]

[2,13,  ,  ,  ,53,61,70,  ,]
[ ,14,25,39,  ,  ,68,  ,82,]
[ ,  ,26,  ,41,59,  ,75,85,]

[7,  ,22,  ,43,  ,67,71,  ,]
[ ,15,  ,32,  ,50,  ,73,83,]
[8,18,  ,37,  ,58,  ,  ,90,]

[4,  ,27,  ,45,56,  ,  ,89,]
[5,11,  ,34,  ,  ,60,74,  ,]
[ ,16,  ,38,47,  ,69,76,  ,]

[ ,10,  ,31,46,51,  ,  ,80,]
[1,  ,20,  ,  ,55,  ,72,86,]
[9,19,  ,33,  ,  ,66,77,  ,]

[ ,17,21,  ,40,54,  ,  ,84,]
[ ,  ,  ,30,42,57,62,  ,87,]
[3,  ,28,  ,49,  ,63,79,  ,]

[ ,12,23,  ,44,  ,64,  ,81,]
[ ,  ,24,35,48,52,  ,  ,88,]
[6,  ,29,36,  ,  ,65,78,  ,]

[7,  ,22,  ,  ,51,62,74,  ,]
[ ,15,24,  ,42,  ,63,  ,80,]
[ ,16,  ,31,  ,52,  ,79,88,]

[1,  ,21,  ,45,  ,60,71,  ,]
[ ,12,  ,32,  ,53,  ,75,85,]
[5,13,  ,39,  ,55,  ,  ,90,]

[4,  ,29,  ,43,58,  ,  ,86,]
[8,11,  ,34,  ,  ,66,70,  ,]
[ ,14,  ,36,46,  ,68,73,  ,]

[ ,10,  ,35,47,57,  ,  ,83,]
[6,  ,26,  ,  ,59,  ,72,87,]
[9,19,  ,37,  ,  ,69,76,  ,]

[ ,18,23,  ,40,50,  ,  ,82,]
[ ,  ,  ,33,44,54,64,  ,89,]
[2,  ,27,  ,49,  ,67,77,  ,]

[ ,17,20,  ,41,  ,61,  ,81,]
[ ,  ,25,30,48,56,  ,  ,84,]
[3,  ,28,38,  ,  ,65,78,  ,]

[ ,  ,22,34,  ,  ,64,75,83,]
[ ,11,29,  ,43,51,  ,  ,88,]
[8,18,  ,  ,  ,57,65,77,  ,]

[4,  ,25,  ,44,  ,61,76,  ,]
[ ,10,  ,33,  ,53,  ,79,84,]
[6,13,  ,38,  ,54,  ,  ,87,]

[3,  ,24,  ,42,59,  ,  ,86,]
[7,17,  ,32,  ,  ,63,71,  ,]
[ ,19,  ,36,47,  ,67,73,  ,]

[ ,12,  ,35,49,55,  ,  ,81,]
[2,  ,23,  ,  ,56,  ,70,89,]
[5,16,  ,39,  ,  ,62,74,  ,]

[ ,15,20,  ,45,52,  ,  ,80,]
[ ,  ,  ,31,46,58,60,  ,85,]
[1,  ,26,  ,48,  ,66,78,  ,]

[ ,14,21,  ,40,  ,68,  ,82,]
[ ,  ,27,30,41,50,  ,  ,90,]
[9,  ,28,37,  ,  ,69,72,  ,]

[1,  ,27,  ,  ,50,  ,74,87,]
[ ,12,29,36,  ,  ,63,  ,88,]
[ ,13,  ,  ,46,57,68,79,  ,]

[6,  ,28,  ,40,  ,65,72,  ,]
[ ,16,  ,34,  ,52,  ,77,81,]
[8,18,  ,37,  ,59,  ,  ,84,]

[5,  ,22,  ,43,53,  ,  ,85,]
[9,15,  ,30,  ,  ,64,73,  ,]
[ ,17,  ,32,44,  ,66,76,  ,]

[ ,11,  ,31,49,51,  ,  ,80,]
[3,  ,24,  ,  ,58,  ,70,86,]
[4,14,  ,39,  ,  ,69,78,  ,]

[ ,19,25,  ,41,55,  ,  ,82,]
[ ,  ,  ,38,47,56,60,  ,90,]
[2,  ,26,  ,48,  ,61,71,  ,]

[ ,10,20,  ,42,  ,62,  ,83,]
[ ,  ,21,33,45,54,  ,  ,89,]
[7,  ,23,35,  ,  ,67,75,  ,]

[ ,15,  ,37,  ,  ,61,70,81,]
[5,16,22,  ,  ,51,  ,  ,84,]
[ ,  ,26,  ,43,54,62,74,  ,]

[3,  ,23,  ,46,  ,66,72,  ,]
[ ,18,  ,32,  ,53,  ,78,87,]
[4,19,  ,38,  ,56,  ,  ,88,]

[6,  ,29,  ,40,59,  ,  ,85,]
[8,10,  ,30,  ,  ,63,76,  ,]
[ ,13,  ,39,41,  ,64,79,  ,]

[ ,11,  ,31,49,50,  ,  ,80,]
[2,  ,20,  ,  ,55,  ,71,90,]
[7,12,  ,35,  ,  ,60,75,  ,]

[ ,17,27,  ,42,52,  ,  ,82,]
[ ,  ,  ,36,44,57,65,  ,86,]
[1,  ,28,  ,45,  ,69,77,  ,]

[ ,14,21,  ,47,  ,67,  ,83,]
[ ,  ,24,33,48,58,  ,  ,89,]
[9,  ,25,34,  ,  ,68,73,  ,]

[ ,10,  ,  ,42,  ,60,73,80,]
[ ,19,21,39,  ,57,62,  ,  ,]
[1,  ,29,  ,  ,58,  ,75,89,]

[2,  ,27,  ,41,  ,63,71,  ,]
[ ,11,  ,35,  ,55,  ,77,84,]
[8,13,  ,36,  ,59,  ,  ,90,]

[3,  ,28,  ,43,54,  ,  ,87,]
[9,12,  ,34,  ,  ,61,70,  ,]
[ ,14,  ,37,46,  ,64,79,  ,]

[ ,15,  ,32,48,51,  ,  ,82,]
[4,  ,20,  ,  ,52,  ,72,86,]
[6,16,  ,38,  ,  ,69,74,  ,]

[ ,17,22,  ,40,53,  ,  ,81,]
[ ,  ,  ,33,47,56,65,  ,85,]
[7,  ,23,  ,49,  ,67,78,  ,]

[ ,18,24,  ,44,  ,66,  ,83,]
[ ,  ,25,30,45,50,  ,  ,88,]
[5,  ,26,31,  ,  ,68,76,  ,]

[ ,17,  ,31,  ,54,  ,71,80,]
[4,18,24,  ,  ,  ,66,  ,85,]
[ ,  ,26,  ,41,59,67,79,  ,]

[1,  ,25,  ,44,  ,60,70,  ,]
[ ,12,  ,30,  ,50,  ,78,82,]
[7,13,  ,39,  ,51,  ,  ,89,]

[5,  ,20,  ,45,53,  ,  ,84,]
[8,10,  ,32,  ,  ,63,76,  ,]
[ ,16,  ,34,47,  ,64,77,  ,]

[ ,14,  ,33,49,55,  ,  ,83,]
[2,  ,28,  ,  ,57,  ,74,87,]
[6,15,  ,37,  ,  ,62,75,  ,]

[ ,11,21,  ,40,52,  ,  ,88,]
[ ,  ,  ,36,46,56,68,  ,90,]
[3,  ,22,  ,48,  ,69,72,  ,]

[ ,19,23,  ,42,  ,61,  ,81,]
[ ,  ,27,35,43,58,  ,  ,86,]
[9,  ,29,38,  ,  ,65,73,  ,]

[ ,  ,20,  ,48,52,  ,73,84,]
[ ,16,27,30,  ,55,66,  ,  ,]
[8,19,  ,  ,  ,  ,69,77,87,]

[6,  ,28,  ,47,  ,68,71,  ,]
[ ,15,  ,36,  ,50,  ,78,80,]
[7,17,  ,39,  ,53,  ,  ,85,]

[2,  ,23,  ,41,54,  ,  ,82,]
[4,12,  ,31,  ,  ,62,72,  ,]
[ ,14,  ,35,42,  ,64,79,  ,]

[ ,11,  ,33,40,51,  ,  ,83,]
[5,  ,25,  ,  ,58,  ,74,90,]
[9,13,  ,38,  ,  ,60,75,  ,]

[ ,18,21,  ,44,56,  ,  ,86,]
[ ,  ,  ,34,45,57,61,  ,89,]
[3,  ,29,  ,49,  ,63,76,  ,]

[ ,10,22,  ,43,  ,65,  ,81,]
[ ,  ,24,32,46,59,  ,  ,88,]
[1,  ,26,37,  ,  ,67,70,  ,]

[ ,  ,20,37,  ,  ,61,70,80,]
[ ,14,28,  ,45,55,  ,  ,88,]
[6,18,  ,  ,  ,59,67,73,  ,]

[1,  ,29,  ,41,  ,62,72,  ,]
[ ,12,  ,32,  ,57,  ,77,84,]
[4,16,  ,33,  ,58,  ,  ,86,]

[8,  ,21,  ,46,52,  ,  ,90,]
[9,10,  ,30,  ,  ,60,74,  ,]
[ ,17,  ,31,47,  ,68,79,  ,]

[ ,11,  ,34,48,51,  ,  ,82,]
[2,  ,22,  ,  ,54,  ,71,83,]
[7,15,  ,36,  ,  ,66,76,  ,]

[ ,19,24,  ,43,50,  ,  ,85,]
[ ,  ,  ,39,44,53,63,  ,87,]
[3,  ,26,  ,49,  ,64,78,  ,]

[ ,13,23,  ,40,  ,65,  ,81,]
[ ,  ,25,35,42,56,  ,  ,89,]
[5,  ,27,38,  ,  ,69,75,  ,]

[ ,12,  ,  ,48,53,65,75,  ,]
[1,13,27,  ,  ,  ,68,  ,81,]
[ ,  ,28,36,  ,58,  ,77,90,]

[3,  ,29,  ,43,  ,66,70,  ,]
[ ,14,  ,30,  ,51,  ,71,80,]
[9,17,  ,35,  ,56,  ,  ,88,]

[4,  ,23,  ,42,50,  ,  ,86,]
[5,15,  ,37,  ,  ,60,72,  ,]
[ ,18,  ,38,49,  ,69,78,  ,]

[ ,16,  ,31,40,55,  ,  ,84,]
[2,  ,20,  ,  ,57,  ,73,87,]
[8,19,  ,34,  ,  ,62,74,  ,]

[ ,10,21,  ,41,54,  ,  ,82,]
[ ,  ,  ,32,45,59,64,  ,89,]
[7,  ,25,  ,46,  ,67,76,  ,]

[ ,11,22,  ,44,  ,61,  ,83,]
[ ,  ,24,33,47,52,  ,  ,85,]
[6,  ,26,39,  ,  ,63,79,  ,]

[ ,11,  ,  ,46,52,60,74,  ,]
[ ,12,22,34,  ,  ,63,  ,82,]
[7,  ,24,  ,  ,54,  ,76,90,]

[5,  ,26,  ,42,  ,64,72,  ,]
[ ,10,  ,32,  ,51,  ,78,87,]
[6,13,  ,35,  ,57,  ,  ,88,]

[1,  ,28,  ,43,56,  ,  ,80,]
[3,17,  ,33,  ,  ,65,73,  ,]
[ ,18,  ,37,49,  ,69,79,  ,]

[ ,14,  ,31,45,50,  ,  ,85,]
[2,  ,20,  ,  ,59,  ,70,86,]
[8,15,  ,39,  ,  ,68,75,  ,]

[ ,19,21,  ,41,53,  ,  ,84,]
[ ,  ,  ,30,44,58,62,  ,89,]
[9,  ,29,  ,48,  ,66,77,  ,]

[ ,16,23,  ,40,  ,61,  ,81,]
[ ,  ,25,36,47,55,  ,  ,83,]
[4,  ,27,38,  ,  ,67,71,  ,]

[ ,  ,20,  ,48,  ,61,74,81,]
[ ,13,29,35,  ,52,  ,  ,90,]
[1,16,  ,  ,  ,59,62,75,  ,]

[3,  ,22,  ,45,  ,60,71,  ,]
[ ,10,  ,30,  ,55,  ,77,84,]
[4,17,  ,39,  ,57,  ,  ,86,]

[7,  ,23,  ,44,53,  ,  ,82,]
[8,11,  ,36,  ,  ,65,72,  ,]
[ ,12,  ,37,46,  ,66,73,  ,]

[ ,15,  ,34,42,54,  ,  ,80,]
[2,  ,25,  ,  ,56,  ,78,89,]
[9,19,  ,38,  ,  ,67,79,  ,]

[ ,14,21,  ,41,50,  ,  ,87,]
[ ,  ,  ,31,43,58,64,  ,88,]
[5,  ,24,  ,47,  ,69,76,  ,]

[ ,18,26,  ,40,  ,63,  ,83,]
[ ,  ,27,32,49,51,  ,  ,85,]
[6,  ,28,33,  ,  ,68,70,  ,]

[ ,  ,20,  ,45,58,64,73,  ,]
[8,14,25,  ,  ,59,  ,  ,81,]
[ ,15,  ,31,  ,  ,69,77,84,]

[3,  ,29,  ,48,  ,67,74,  ,]
[ ,10,  ,33,  ,56,  ,78,88,]
[4,18,  ,36,  ,57,  ,  ,89,]

[1,  ,27,  ,42,55,  ,  ,86,]
[7,11,  ,32,  ,  ,62,70,  ,]
[ ,13,  ,37,44,  ,68,72,  ,]

[ ,12,  ,38,46,50,  ,  ,83,]
[5,  ,23,  ,  ,54,  ,71,87,]
[9,17,  ,39,  ,  ,66,79,  ,]

[ ,16,22,  ,40,52,  ,  ,80,]
[ ,  ,  ,30,41,53,61,  ,82,]
[6,  ,24,  ,47,  ,63,76,  ,]

[ ,19,21,  ,43,  ,60,  ,85,]
[ ,  ,26,34,49,51,  ,  ,90,]
[2,  ,28,35,  ,  ,65,75,  ,]

[ ,11,  ,38,  ,50,68,76,  ,]
[ ,19,28,  ,43,  ,69,  ,84,]
[1,  ,29,  ,  ,52,  ,77,88,]

[3,  ,23,  ,41,  ,65,71,  ,]
[ ,17,  ,35,  ,54,  ,72,83,]
[9,18,  ,36,  ,58,  ,  ,89,]

[5,  ,26,  ,44,57,  ,  ,81,]
[7,13,  ,31,  ,  ,61,78,  ,]
[ ,15,  ,33,49,  ,63,79,  ,]

[ ,10,  ,30,45,53,  ,  ,85,]
[2,  ,27,  ,  ,56,  ,74,87,]
[6,12,  ,32,  ,  ,67,75,  ,]

[ ,16,22,  ,40,55,  ,  ,86,]
[ ,  ,  ,34,47,59,60,  ,90,]
[4,  ,25,  ,48,  ,62,73,  ,]

[ ,14,20,  ,42,  ,64,  ,80,]
[ ,  ,21,37,46,51,  ,  ,82,]
[8,  ,24,39,  ,  ,66,70,  ,]

[ ,  ,22,  ,43,  ,60,72,87,]
[7,10,29,  ,  ,51,  ,  ,90,]
[ ,13,  ,38,  ,55,68,75,  ,]

[3,  ,21,  ,44,  ,69,70,  ,]
[ ,12,  ,34,  ,56,  ,76,84,]
[4,17,  ,39,  ,57,  ,  ,85,]

[5,  ,27,  ,46,50,  ,  ,80,]
[8,15,  ,31,  ,  ,63,73,  ,]
[ ,16,  ,37,48,  ,65,78,  ,]

[ ,18,  ,33,41,53,  ,  ,82,]
[1,  ,28,  ,  ,59,  ,74,88,]
[6,19,  ,35,  ,  ,61,77,  ,]

[ ,11,25,  ,40,52,  ,  ,81,]
[ ,  ,  ,30,42,54,62,  ,89,]
[2,  ,26,  ,47,  ,67,71,  ,]

[ ,14,20,  ,45,  ,64,  ,83,]
[ ,  ,23,32,49,58,  ,  ,86,]
[9,  ,24,36,  ,  ,66,79,  ,]

[ ,10,  ,37,  ,50,  ,77,84,]
[5,16,23,  ,  ,  ,61,  ,86,]
[ ,  ,29,  ,47,52,67,79,  ,]

[1,  ,25,  ,44,  ,62,75,  ,]
[ ,15,  ,33,  ,56,  ,76,87,]
[2,17,  ,35,  ,58,  ,  ,90,]

[4,  ,21,  ,45,57,  ,  ,80,]
[6,18,  ,32,  ,  ,65,74,  ,]
[ ,19,  ,39,46,  ,69,78,  ,]

[ ,13,  ,30,40,53,  ,  ,81,]
[3,  ,26,  ,  ,59,  ,70,83,]
[8,14,  ,38,  ,  ,68,71,  ,]

[ ,12,22,  ,41,51,  ,  ,85,]
[ ,  ,  ,31,48,55,63,  ,89,]
[9,  ,28,  ,49,  ,64,73,  ,]

[ ,11,20,  ,42,  ,60,  ,82,]
[ ,  ,24,34,43,54,  ,  ,88,]
[7,  ,27,36,  ,  ,66,72,  ,]

[5,  ,26,  ,  ,52,  ,75,83,]
[ ,11,28,37,  ,53,62,  ,  ,]
[ ,13,  ,  ,43,  ,66,76,86,]

[2,  ,25,  ,41,  ,64,72,  ,]
[ ,15,  ,30,  ,58,  ,78,85,]
[4,18,  ,33,  ,59,  ,  ,89,]

[1,  ,27,  ,42,56,  ,  ,88,]
[7,16,  ,34,  ,  ,60,70,  ,]
[ ,17,  ,36,45,  ,61,73,  ,]

[ ,10,  ,32,44,51,  ,  ,87,]
[8,  ,29,  ,  ,54,  ,71,90,]
[9,19,  ,38,  ,  ,65,77,  ,]

[ ,14,20,  ,40,55,  ,  ,80,]
[ ,  ,  ,39,47,57,68,  ,81,]
[3,  ,24,  ,48,  ,69,79,  ,]

[ ,12,21,  ,46,  ,63,  ,82,]
[ ,  ,22,31,49,50,  ,  ,84,]
[6,  ,23,35,  ,  ,67,74,  ,]

[6,  ,20,  ,  ,  ,65,72,81,]
[ ,16,29,34,  ,52,  ,  ,85,]
[ ,18,  ,  ,49,54,67,74,  ,]

[7,  ,28,  ,42,  ,60,71,  ,]
[ ,14,  ,30,  ,50,  ,77,80,]
[9,17,  ,31,  ,55,  ,  ,88,]

[3,  ,22,  ,41,51,  ,  ,89,]
[8,12,  ,32,  ,  ,64,76,  ,]
[ ,13,  ,37,47,  ,66,78,  ,]

[ ,10,  ,33,40,53,  ,  ,83,]
[2,  ,25,  ,  ,57,  ,73,87,]
[4,15,  ,39,  ,  ,62,79,  ,]

[ ,11,24,  ,45,58,  ,  ,86,]
[ ,  ,  ,36,46,59,63,  ,90,]
[5,  ,27,  ,48,  ,68,75,  ,]

[ ,19,21,  ,43,  ,61,  ,82,]
[ ,  ,23,35,44,56,  ,  ,84,]
[1,  ,26,38,  ,  ,69,70,  ,]

[ ,14,  ,  ,47,54,  ,78,87,]
[4,19,24,  ,  ,55,61,  ,  ,]
[ ,  ,29,34,  ,  ,67,79,89,]

[1,  ,20,  ,48,  ,66,70,  ,]
[ ,12,  ,30,  ,53,  ,74,85,]
[5,15,  ,37,  ,56,  ,  ,86,]

[7,  ,21,  ,42,51,  ,  ,90,]
[8,11,  ,36,  ,  ,60,71,  ,]
[ ,17,  ,38,49,  ,69,75,  ,]

[ ,10,  ,31,41,50,  ,  ,81,]
[2,  ,27,  ,  ,57,  ,76,83,]
[9,13,  ,32,  ,  ,68,77,  ,]

[ ,18,23,  ,43,58,  ,  ,80,]
[ ,  ,  ,33,45,59,62,  ,84,]
[6,  ,25,  ,46,  ,63,72,  ,]

[ ,16,22,  ,40,  ,64,  ,82,]
[ ,  ,26,35,44,52,  ,  ,88,]
[3,  ,28,39,  ,  ,65,73,  ,]

[4,18,  ,  ,  ,53,65,72,  ,]
[ ,19,23,38,  ,55,  ,  ,80,]
[ ,  ,25,  ,47,  ,66,78,84,]

[3,  ,29,  ,48,  ,63,71,  ,]
[ ,10,  ,31,  ,50,  ,75,82,]
[7,16,  ,35,  ,56,  ,  ,90,]

[5,  ,21,  ,41,57,  ,  ,86,]
[8,12,  ,30,  ,  ,62,76,  ,]
[ ,14,  ,39,44,  ,69,77,  ,]

[ ,13,  ,34,45,52,  ,  ,81,]
[2,  ,28,  ,  ,58,  ,74,88,]
[6,17,  ,36,  ,  ,64,79,  ,]

[ ,15,26,  ,40,54,  ,  ,83,]
[ ,  ,  ,32,42,59,60,  ,89,]
[9,  ,27,  ,49,  ,68,73,  ,]

[ ,11,20,  ,43,  ,61,  ,85,]
[ ,  ,22,33,46,51,  ,  ,87,]
[1,  ,24,37,  ,  ,67,70,  ,]

[7,  ,21,  ,  ,56,  ,76,83,]
[ ,10,24,  ,49,57,62,  ,  ,]
[ ,13,  ,39,  ,  ,64,79,87,]

[1,  ,28,  ,45,  ,68,70,  ,]
[ ,15,  ,30,  ,50,  ,77,86,]
[8,18,  ,33,  ,53,  ,  ,90,]

[4,  ,22,  ,44,52,  ,  ,89,]
[5,11,  ,34,  ,  ,61,71,  ,]
[ ,14,  ,36,46,  ,67,72,  ,]

[ ,16,  ,35,48,51,  ,  ,80,]
[6,  ,29,  ,  ,59,  ,73,82,]
[9,19,  ,37,  ,  ,65,78,  ,]

[ ,17,23,  ,41,54,  ,  ,81,]
[ ,  ,  ,32,42,58,66,  ,85,]
[3,  ,27,  ,47,  ,69,75,  ,]

[ ,12,20,  ,40,  ,60,  ,84,]
[ ,  ,25,31,43,55,  ,  ,88,]
[2,  ,26,38,  ,  ,63,74,  ,]

[ ,  ,21,  ,40,  ,63,77,86,]
[9,11,27,  ,  ,52,  ,  ,90,]
[ ,13,  ,39,  ,55,65,79,  ,]

[4,  ,25,  ,42,  ,60,72,  ,]
[ ,10,  ,31,  ,50,  ,76,85,]
[5,12,  ,34,  ,56,  ,  ,88,]

[1,  ,22,  ,43,58,  ,  ,87,]
[7,14,  ,36,  ,  ,61,73,  ,]
[ ,19,  ,38,45,  ,68,78,  ,]

[ ,15,  ,33,47,53,  ,  ,82,]
[2,  ,23,  ,  ,57,  ,71,83,]
[3,18,  ,37,  ,  ,66,75,  ,]

[ ,16,20,  ,41,54,  ,  ,81,]
[ ,  ,  ,32,44,59,64,  ,84,]
[6,  ,29,  ,46,  ,69,74,  ,]

[ ,17,24,  ,48,  ,62,  ,80,]
[ ,  ,26,30,49,51,  ,  ,89,]
[8,  ,28,35,  ,  ,67,70,  ,]

[7,  ,24,  ,  ,56,65,76,  ,]
[ ,13,29,  ,40,57,  ,  ,86,]
[ ,15,  ,38,  ,  ,67,77,89,]

[2,  ,25,  ,47,  ,61,70,  ,]
[ ,12,  ,33,  ,51,  ,72,81,]
[3,18,  ,37,  ,54,  ,  ,85,]

[5,  ,20,  ,44,52,  ,  ,83,]
[9,10,  ,34,  ,  ,63,74,  ,]
[ ,11,  ,36,49,  ,64,75,  ,]

[ ,17,  ,30,48,58,  ,  ,80,]
[4,  ,26,  ,  ,59,  ,73,88,]
[8,19,  ,32,  ,  ,66,78,  ,]

[ ,16,23,  ,41,50,  ,  ,84,]
[ ,  ,  ,35,42,53,60,  ,90,]
[6,  ,28,  ,46,  ,62,71,  ,]

[ ,14,21,  ,43,  ,68,  ,82,]
[ ,  ,22,31,45,55,  ,  ,87,]
[1,  ,27,39,  ,  ,69,79,  ,]

[ ,14,  ,34,  ,53,  ,70,81,]
[ ,19,21,  ,41,55,62,  ,  ,]
[1,  ,29,  ,  ,  ,65,73,84,]

[8,  ,23,  ,48,  ,66,74,  ,]
[ ,12,  ,31,  ,52,  ,75,83,]
[9,13,  ,38,  ,54,  ,  ,86,]

[4,  ,27,  ,42,50,  ,  ,80,]
[6,10,  ,32,  ,  ,60,76,  ,]
[ ,11,  ,37,43,  ,61,79,  ,]

[ ,17,  ,33,40,57,  ,  ,82,]
[3,  ,24,  ,  ,59,  ,71,90,]
[5,18,  ,39,  ,  ,69,78,  ,]

[ ,16,25,  ,46,51,  ,  ,88,]
[ ,  ,  ,30,47,58,63,  ,89,]
[2,  ,28,  ,49,  ,68,77,  ,]

[ ,15,20,  ,44,  ,64,  ,85,]
[ ,  ,22,35,45,56,  ,  ,87,]
[7,  ,26,36,  ,  ,67,72,  ,]

[ ,  ,21,  ,40,50,61,71,  ,]
[6,11,25,  ,  ,  ,66,  ,84,]
[ ,17,  ,37,  ,58,  ,77,86,]

[4,  ,20,  ,42,  ,63,72,  ,]
[ ,15,  ,32,  ,56,  ,74,80,]
[9,18,  ,33,  ,59,  ,  ,81,]

[3,  ,23,  ,41,57,  ,  ,90,]
[8,12,  ,30,  ,  ,62,73,  ,]
[ ,16,  ,35,47,  ,69,75,  ,]

[ ,10,  ,36,46,51,  ,  ,87,]
[5,  ,29,  ,  ,55,  ,76,88,]
[7,14,  ,38,  ,  ,60,78,  ,]

[ ,19,26,  ,43,53,  ,  ,82,]
[ ,  ,  ,39,44,54,65,  ,83,]
[1,  ,28,  ,49,  ,67,70,  ,]

[ ,13,22,  ,45,  ,64,  ,85,]
[ ,  ,24,31,48,52,  ,  ,89,]
[2,  ,27,34,  ,  ,68,79,  ,]

[9,  ,24,  ,  ,51,  ,71,82,]
[ ,15,29,  ,46,58,66,  ,  ,]
[ ,19,  ,35,  ,  ,67,76,87,]

[4,  ,25,  ,44,  ,64,75,  ,]
[ ,11,  ,31,  ,53,  ,79,89,]
[6,17,  ,32,  ,57,  ,  ,90,]

[1,  ,27,  ,48,50,  ,  ,86,]
[5,10,  ,33,  ,  ,63,74,  ,]
[ ,12,  ,34,49,  ,69,77,  ,]

[ ,14,  ,38,45,54,  ,  ,81,]
[2,  ,28,  ,  ,59,  ,70,88,]
[7,16,  ,39,  ,  ,60,73,  ,]

[ ,18,21,  ,41,52,  ,  ,84,]
[ ,  ,  ,30,42,55,61,  ,85,]
[8,  ,23,  ,47,  ,65,78,  ,]

[ ,13,20,  ,40,  ,62,  ,80,]
[ ,  ,22,36,43,56,  ,  ,83,]
[3,  ,26,37,  ,  ,68,72,  ,]

[2,  ,23,  ,  ,  ,65,73,80,]
[ ,12,27,  ,42,50,67,  ,  ,]
[ ,16,  ,36,  ,54,  ,78,82,]

[1,  ,29,  ,43,  ,68,76,  ,]
[ ,13,  ,32,  ,51,  ,77,81,]
[3,17,  ,38,  ,57,  ,  ,84,]

[5,  ,26,  ,40,52,  ,  ,86,]
[7,10,  ,31,  ,  ,63,70,  ,]
[ ,18,  ,37,45,  ,69,72,  ,]

[ ,14,  ,35,49,55,  ,  ,88,]
[4,  ,24,  ,  ,58,  ,75,90,]
[8,15,  ,39,  ,  ,61,79,  ,]

[ ,11,21,  ,41,53,  ,  ,85,]
[ ,  ,  ,30,44,59,60,  ,87,]
[9,  ,25,  ,46,  ,62,71,  ,]

[ ,19,20,  ,47,  ,64,  ,83,]
[ ,  ,22,33,48,56,  ,  ,89,]
[6,  ,28,34,  ,  ,66,74,  ,]

[ ,15,  ,  ,48,54,  ,74,89,]
[3,19,21,  ,  ,59,65,  ,  ,]
[ ,  ,29,39,  ,  ,66,77,90,]

[4,  ,27,  ,40,  ,67,70,  ,]
[ ,12,  ,35,  ,52,  ,73,84,]
[6,13,  ,37,  ,53,  ,  ,87,]

[8,  ,22,  ,45,58,  ,  ,80,]
[9,10,  ,33,  ,  ,64,76,  ,]
[ ,16,  ,38,47,  ,69,78,  ,]

[ ,11,  ,30,42,55,  ,  ,85,]
[1,  ,28,  ,  ,56,  ,71,88,]
[7,14,  ,36,  ,  ,63,72,  ,]

[ ,18,24,  ,43,50,  ,  ,81,]
[ ,  ,  ,31,44,57,62,  ,82,]
[5,  ,25,  ,49,  ,68,75,  ,]

[ ,17,20,  ,41,  ,60,  ,83,]
[ ,  ,23,32,46,51,  ,  ,86,]
[2,  ,26,34,  ,  ,61,79,  ,]

[ ,13,  ,  ,44,56,  ,70,81,]
[7,17,22,  ,  ,57,64,  ,  ,]
[ ,  ,23,33,  ,  ,69,79,87,]

[3,  ,24,  ,48,  ,67,71,  ,]
[ ,14,  ,36,  ,51,  ,77,83,]
[8,16,  ,37,  ,54,  ,  ,90,]

[2,  ,26,  ,45,50,  ,  ,80,]
[5,11,  ,32,  ,  ,60,74,  ,]
[ ,12,  ,35,49,  ,63,76,  ,]

[ ,15,  ,30,43,52,  ,  ,86,]
[1,  ,29,  ,  ,58,  ,72,89,]
[4,18,  ,38,  ,  ,66,73,  ,]

[ ,19,20,  ,41,53,  ,  ,82,]
[ ,  ,  ,39,42,59,61,  ,88,]
[9,  ,28,  ,47,  ,68,78,  ,]

[ ,10,21,  ,40,  ,62,  ,84,]
[ ,  ,25,31,46,55,  ,  ,85,]
[6,  ,27,34,  ,  ,65,75,  ,]

[1,  ,23,  ,  ,  ,64,73,82,]
[ ,11,27,37,  ,50,67,  ,  ,]
[ ,13,  ,  ,45,56,  ,75,86,]

[6,  ,24,  ,42,  ,66,76,  ,]
[ ,10,  ,32,  ,53,  ,77,83,]
[7,19,  ,39,  ,59,  ,  ,90,]

[4,  ,26,  ,47,55,  ,  ,85,]
[9,14,  ,31,  ,  ,60,72,  ,]
[ ,17,  ,35,49,  ,68,79,  ,]

[ ,12,  ,33,46,54,  ,  ,84,]
[3,  ,21,  ,  ,57,  ,71,87,]
[5,18,  ,34,  ,  ,61,78,  ,]

[ ,15,22,  ,40,51,  ,  ,81,]
[ ,  ,  ,38,41,58,63,  ,88,]
[8,  ,28,  ,48,  ,69,74,  ,]

[ ,16,20,  ,43,  ,62,  ,80,]
[ ,  ,25,30,44,52,  ,  ,89,]
[2,  ,29,36,  ,  ,65,70,  ,]

[3,10,  ,  ,  ,  ,63,70,80,]
[ ,15,22,  ,40,51,67,  ,  ,]
[ ,  ,29,36,  ,55,  ,79,87,]

[1,  ,28,  ,44,  ,69,76,  ,]
[ ,11,  ,31,  ,56,  ,77,85,]
[8,13,  ,32,  ,57,  ,  ,90,]

[4,  ,25,  ,43,52,  ,  ,81,]
[5,18,  ,33,  ,  ,62,71,  ,]
[ ,19,  ,34,46,  ,65,74,  ,]

[ ,14,  ,37,47,53,  ,  ,82,]
[2,  ,21,  ,  ,59,  ,73,88,]
[7,17,  ,39,  ,  ,60,75,  ,]

[ ,12,24,  ,41,50,  ,  ,83,]
[ ,  ,  ,38,42,54,61,  ,89,]
[9,  ,27,  ,49,  ,68,78,  ,]

[ ,16,20,  ,45,  ,64,  ,84,]
[ ,  ,23,30,48,58,  ,  ,86,]
[6,  ,26,35,  ,  ,66,72,  ,]

[ ,16,  ,36,  ,50,63,74,  ,]
[6,19,24,  ,  ,52,  ,  ,82,]
[ ,  ,29,  ,45,  ,67,79,87,]

[2,  ,22,  ,46,  ,69,70,  ,]
[ ,14,  ,30,  ,53,  ,75,84,]
[3,15,  ,38,  ,57,  ,  ,86,]

[5,  ,21,  ,42,59,  ,  ,88,]
[8,10,  ,37,  ,  ,65,71,  ,]
[ ,13,  ,39,49,  ,68,77,  ,]

[ ,12,  ,33,41,54,  ,  ,81,]
[4,  ,20,  ,  ,55,  ,72,89,]
[7,17,  ,35,  ,  ,66,78,  ,]

[ ,18,26,  ,40,51,  ,  ,83,]
[ ,  ,  ,31,47,58,60,  ,85,]
[1,  ,27,  ,48,  ,64,73,  ,]

[ ,11,23,  ,43,  ,61,  ,80,]
[ ,  ,25,32,44,56,  ,  ,90,]
[9,  ,28,34,  ,  ,62,76,  ,]

[ ,11,  ,  ,44,55,  ,74,81,]
[5,14,20,  ,  ,57,60,  ,  ,]
[ ,  ,29,32,  ,  ,65,77,85,]

[4,  ,22,  ,45,  ,68,72,  ,]
[ ,10,  ,30,  ,54,  ,78,88,]
[8,17,  ,31,  ,56,  ,  ,90,]

[1,  ,27,  ,41,58,  ,  ,86,]
[9,13,  ,33,  ,  ,64,71,  ,]
[ ,18,  ,39,48,  ,67,73,  ,]

[ ,12,  ,37,43,51,  ,  ,83,]
[2,  ,24,  ,  ,52,  ,76,84,]
[3,15,  ,38,  ,  ,69,79,  ,]

[ ,16,21,  ,42,50,  ,  ,80,]
[ ,  ,  ,34,46,53,62,  ,89,]
[7,  ,26,  ,49,  ,66,70,  ,]

[ ,19,23,  ,40,  ,61,  ,82,]
[ ,  ,25,35,47,59,  ,  ,87,]
[6,  ,28,36,  ,  ,63,75,  ,]

[ ,  ,28,  ,49,  ,65,71,86,]
[4,12,29,  ,  ,54,69,  ,  ,]
[ ,13,  ,34,  ,58,  ,74,89,]

[7,  ,27,  ,48,  ,66,75,  ,]
[ ,16,  ,35,  ,51,  ,76,81,]
[8,18,  ,37,  ,56,  ,  ,88,]

[1,  ,22,  ,40,53,  ,  ,85,]
[5,11,  ,31,  ,  ,60,70,  ,]
[ ,14,  ,36,46,  ,68,72,  ,]

[ ,17,  ,30,44,52,  ,  ,84,]
[2,  ,24,  ,  ,55,  ,73,87,]
[3,19,  ,33,  ,  ,63,79,  ,]

[ ,15,20,  ,42,50,  ,  ,83,]
[ ,  ,  ,39,43,59,61,  ,90,]
[9,  ,23,  ,45,  ,64,77,  ,]

[ ,10,21,  ,41,  ,62,  ,80,]
[ ,  ,25,32,47,57,  ,  ,82,]
[6,  ,26,38,  ,  ,67,78,  ,]

[ ,17,  ,30,  ,55,62,72,  ,]
[6,18,23,  ,  ,59,  ,  ,80,]
[ ,  ,24,  ,48,  ,67,79,88,]

[7,  ,21,  ,47,  ,64,73,  ,]
[ ,15,  ,31,  ,53,  ,77,82,]
[8,19,  ,33,  ,57,  ,  ,90,]

[3,  ,22,  ,40,58,  ,  ,86,]
[4,11,  ,32,  ,  ,61,71,  ,]
[ ,16,  ,35,49,  ,66,76,  ,]

[ ,12,  ,34,44,51,  ,  ,81,]
[2,  ,20,  ,  ,52,  ,70,85,]
[5,14,  ,37,  ,  ,69,74,  ,]

[ ,13,28,  ,42,50,  ,  ,83,]
[ ,  ,  ,38,43,54,63,  ,84,]
[1,  ,29,  ,46,  ,65,78,  ,]

[ ,10,25,  ,41,  ,60,  ,87,]
[ ,  ,26,36,45,56,  ,  ,89,]
[9,  ,27,39,  ,  ,68,75,  ,]

[ ,  ,24,  ,41,54,  ,70,81,]
[ ,10,27,34,  ,  ,65,  ,88,]
[9,15,  ,  ,  ,55,67,74,  ,]

[1,  ,26,  ,40,  ,61,78,  ,]
[ ,11,  ,33,  ,50,  ,79,83,]
[2,16,  ,35,  ,53,  ,  ,87,]

[3,  ,23,  ,42,58,  ,  ,86,]
[4,13,  ,32,  ,  ,62,72,  ,]
[ ,17,  ,38,43,  ,69,75,  ,]

[ ,18,  ,30,48,56,  ,  ,85,]
[6,  ,28,  ,  ,57,  ,71,90,]
[7,19,  ,36,  ,  ,64,76,  ,]

[ ,14,21,  ,46,51,  ,  ,84,]
[ ,  ,  ,31,47,52,63,  ,89,]
[5,  ,22,  ,49,  ,68,77,  ,]

[ ,12,20,  ,44,  ,60,  ,80,]
[ ,  ,25,37,45,59,  ,  ,82,]
[8,  ,29,39,  ,  ,66,73,  ,]

[ ,15,  ,  ,42,51,  ,70,81,]
[ ,17,26,32,  ,52,64,  ,  ,]
[9,  ,27,  ,  ,  ,69,75,89,]

[3,  ,20,  ,45,  ,66,74,  ,]
[ ,13,  ,33,  ,55,  ,78,80,]
[5,19,  ,38,  ,58,  ,  ,82,]

[1,  ,23,  ,40,59,  ,  ,84,]
[7,10,  ,31,  ,  ,60,72,  ,]
[ ,12,  ,36,48,  ,65,77,  ,]

[ ,14,  ,30,46,50,  ,  ,88,]
[6,  ,24,  ,  ,53,  ,71,90,]
[8,18,  ,34,  ,  ,63,79,  ,]

[ ,16,25,  ,41,56,  ,  ,85,]
[ ,  ,  ,39,47,57,62,  ,86,]
[2,  ,28,  ,49,  ,68,73,  ,]

[ ,11,21,  ,43,  ,61,  ,83,]
[ ,  ,22,35,44,54,  ,  ,87,]
[4,  ,29,37,  ,  ,67,76,  ,]

[4,  ,28,  ,  ,  ,61,76,80,]
[ ,10,29,32,  ,55,68,  ,  ,]
[ ,13,  ,  ,45,59,  ,78,89,]

[6,  ,23,  ,42,  ,69,70,  ,]
[ ,18,  ,37,  ,51,  ,71,84,]
[7,19,  ,39,  ,57,  ,  ,88,]

[1,  ,24,  ,40,53,  ,  ,87,]
[9,11,  ,34,  ,  ,62,75,  ,]
[ ,17,  ,38,48,  ,66,77,  ,]

[ ,15,  ,30,47,50,  ,  ,85,]
[3,  ,26,  ,  ,52,  ,73,86,]
[8,16,  ,31,  ,  ,65,79,  ,]

[ ,12,21,  ,43,56,  ,  ,83,]
[ ,  ,  ,35,44,58,60,  ,90,]
[5,  ,22,  ,46,  ,67,72,  ,]

[ ,14,20,  ,41,  ,63,  ,81,]
[ ,  ,25,33,49,54,  ,  ,82,]
[2,  ,27,36,  ,  ,64,74,  ,]

[ ,13,  ,38,  ,55,63,70,  ,]
[ ,16,22,  ,47,58,  ,  ,89,]
[8,  ,26,  ,  ,  ,68,79,90,]

[1,  ,28,  ,46,  ,66,71,  ,]
[ ,17,  ,30,  ,50,  ,73,81,]
[3,19,  ,33,  ,53,  ,  ,86,]

[6,  ,24,  ,40,57,  ,  ,80,]
[7,10,  ,34,  ,  ,64,72,  ,]
[ ,12,  ,39,45,  ,69,78,  ,]

[ ,11,  ,31,42,51,  ,  ,82,]
[2,  ,20,  ,  ,52,  ,74,84,]
[9,15,  ,35,  ,  ,67,77,  ,]

[ ,18,21,  ,44,54,  ,  ,85,]
[ ,  ,  ,32,48,56,60,  ,88,]
[4,  ,27,  ,49,  ,61,75,  ,]

[ ,14,23,  ,41,  ,62,  ,83,]
[ ,  ,25,36,43,59,  ,  ,87,]
[5,  ,29,37,  ,  ,65,76,  ,]

[ ,14,  ,  ,47,54,65,72,  ,]
[ ,16,21,37,  ,  ,67,  ,80,]
[4,  ,25,  ,  ,56,  ,75,81,]

[7,  ,20,  ,43,  ,64,71,  ,]
[ ,13,  ,36,  ,58,  ,78,83,]
[8,17,  ,39,  ,59,  ,  ,84,]

[3,  ,24,  ,45,53,  ,  ,85,]
[9,10,  ,32,  ,  ,63,73,  ,]
[ ,15,  ,34,46,  ,69,74,  ,]

[ ,11,  ,33,41,51,  ,  ,88,]
[1,  ,28,  ,  ,57,  ,77,90,]
[2,18,  ,35,  ,  ,68,79,  ,]

[ ,12,26,  ,40,52,  ,  ,82,]
[ ,  ,  ,38,48,55,60,  ,89,]
[5,  ,29,  ,49,  ,66,70,  ,]

[ ,19,22,  ,42,  ,61,  ,86,]
[ ,  ,23,30,44,50,  ,  ,87,]
[6,  ,27,31,  ,  ,62,76,  ,]

[ ,12,  ,38,  ,  ,60,73,83,]
[ ,19,21,  ,45,51,61,  ,  ,]
[2,  ,27,  ,  ,54,  ,74,84,]

[4,  ,29,  ,41,  ,63,70,  ,]
[ ,15,  ,36,  ,52,  ,72,81,]
[7,17,  ,37,  ,58,  ,  ,85,]

[3,  ,25,  ,40,50,  ,  ,80,]
[5,11,  ,30,  ,  ,62,71,  ,]
[ ,14,  ,39,48,  ,64,78,  ,]

[ ,10,  ,33,49,56,  ,  ,86,]
[6,  ,26,  ,  ,59,  ,75,87,]
[8,13,  ,35,  ,  ,69,77,  ,]

[ ,18,20,  ,43,55,  ,  ,82,]
[ ,  ,  ,32,44,57,66,  ,89,]
[1,  ,28,  ,46,  ,67,76,  ,]

[ ,16,22,  ,42,  ,65,  ,88,]
[ ,  ,23,31,47,53,  ,  ,90,]
[9,  ,24,34,  ,  ,68,79,  ,]

[ ,13,  ,  ,48,  ,65,71,82,]
[ ,16,27,39,  ,50,67,  ,  ,]
[7,  ,29,  ,  ,53,  ,78,87,]

[6,  ,24,  ,46,  ,69,72,  ,]
[ ,10,  ,30,  ,55,  ,74,85,]
[9,15,  ,33,  ,59,  ,  ,88,]

[1,  ,21,  ,42,57,  ,  ,80,]
[2,14,  ,34,  ,  ,61,70,  ,]
[ ,17,  ,36,45,  ,66,79,  ,]

[ ,12,  ,32,41,52,  ,  ,81,]
[3,  ,23,  ,  ,56,  ,73,90,]
[8,19,  ,35,  ,  ,60,76,  ,]

[ ,11,22,  ,40,54,  ,  ,84,]
[ ,  ,  ,31,43,58,62,  ,89,]
[4,  ,26,  ,49,  ,64,75,  ,]

[ ,18,20,  ,44,  ,63,  ,83,]
[ ,  ,25,37,47,51,  ,  ,86,]
[5,  ,28,38,  ,  ,68,77,  ,]

[ ,  ,22,  ,40,  ,62,73,80,]
[ ,11,23,36,  ,53,68,  ,  ,]
[7,13,  ,  ,  ,58,  ,75,87,]

[2,  ,21,  ,47,  ,64,71,  ,]
[ ,10,  ,30,  ,56,  ,77,88,]
[3,18,  ,33,  ,59,  ,  ,89,]

[4,  ,25,  ,42,57,  ,  ,86,]
[8,12,  ,34,  ,  ,61,70,  ,]
[ ,17,  ,38,49,  ,69,74,  ,]

[ ,14,  ,31,46,52,  ,  ,83,]
[1,  ,27,  ,  ,54,  ,76,85,]
[5,15,  ,35,  ,  ,60,79,  ,]

[ ,19,20,  ,41,50,  ,  ,81,]
[ ,  ,  ,39,45,55,63,  ,82,]
[6,  ,24,  ,48,  ,67,78,  ,]

[ ,16,26,  ,43,  ,65,  ,84,]
[ ,  ,28,32,44,51,  ,  ,90,]
[9,  ,29,37,  ,  ,66,72,  ,]

[ ,14,  ,33,  ,56,61,70,  ,]
[ ,18,22,  ,49,59,  ,  ,80,]
[3,  ,26,  ,  ,  ,66,71,81,]

[5,  ,21,  ,41,  ,69,74,  ,]
[ ,13,  ,30,  ,52,  ,78,84,]
[8,19,  ,39,  ,54,  ,  ,85,]

[2,  ,25,  ,43,50,  ,  ,87,]
[9,10,  ,31,  ,  ,64,76,  ,]
[ ,15,  ,34,46,  ,67,79,  ,]

[ ,11,  ,32,40,57,  ,  ,83,]
[1,  ,24,  ,  ,58,  ,73,86,]
[4,16,  ,37,  ,  ,65,75,  ,]

[ ,17,28,  ,42,51,  ,  ,82,]
[ ,  ,  ,38,44,55,62,  ,90,]
[6,  ,29,  ,48,  ,68,77,  ,]

[ ,12,20,  ,45,  ,60,  ,88,]
[ ,  ,23,35,47,53,  ,  ,89,]
[7,  ,27,36,  ,  ,63,72,  ,]

[ ,  ,21,  ,42,  ,62,72,83,]
[4,10,22,  ,  ,50,  ,  ,84,]
[ ,14,  ,38,  ,52,64,76,  ,]

[2,  ,26,  ,44,  ,69,73,  ,]
[ ,11,  ,34,  ,56,  ,78,82,]
[9,15,  ,39,  ,57,  ,  ,87,]

[3,  ,28,  ,43,51,  ,  ,89,]
[7,18,  ,33,  ,  ,66,71,  ,]
[ ,19,  ,35,46,  ,67,79,  ,]

[ ,12,  ,31,48,58,  ,  ,80,]
[1,  ,20,  ,  ,59,  ,74,88,]
[8,16,  ,32,  ,  ,60,75,  ,]

[ ,13,23,  ,41,53,  ,  ,85,]
[ ,  ,  ,30,47,55,61,  ,90,]
[6,  ,24,  ,49,  ,65,77,  ,]

[ ,17,25,  ,40,  ,63,  ,81,]
[ ,  ,27,36,45,54,  ,  ,86,]
[5,  ,29,37,  ,  ,68,70,  ,]

[9,  ,21,  ,  ,51,61,70,  ,]
[ ,11,29,  ,45,53,  ,  ,81,]
[ ,17,  ,33,  ,  ,66,74,89,]

[3,  ,28,  ,44,  ,67,77,  ,]
[ ,12,  ,32,  ,50,  ,79,85,]
[5,14,  ,38,  ,54,  ,  ,87,]

[4,  ,25,  ,46,55,  ,  ,88,]
[6,16,  ,36,  ,  ,60,73,  ,]
[ ,18,  ,37,47,  ,65,78,  ,]

[ ,13,  ,30,49,52,  ,  ,80,]
[2,  ,27,  ,  ,58,  ,72,84,]
[7,15,  ,34,  ,  ,69,76,  ,]

[ ,19,23,  ,41,57,  ,  ,86,]
[ ,  ,  ,39,43,59,64,  ,90,]
[8,  ,26,  ,48,  ,68,71,  ,]

[ ,10,20,  ,40,  ,62,  ,82,]
[ ,  ,22,31,42,56,  ,  ,83,]
[1,  ,24,35,  ,  ,63,75,  ,]

[ ,10,  ,  ,49,  ,63,72,88,]
[7,14,20,  ,  ,50,69,  ,  ,]
[ ,  ,25,32,  ,57,  ,78,89,]

[1,  ,24,  ,45,  ,65,71,  ,]
[ ,13,  ,33,  ,53,  ,73,82,]
[3,18,  ,38,  ,58,  ,  ,87,]

[4,  ,29,  ,43,55,  ,  ,84,]
[5,11,  ,31,  ,  ,66,74,  ,]
[ ,17,  ,35,48,  ,68,75,  ,]

[ ,15,  ,30,42,52,  ,  ,80,]
[6,  ,26,  ,  ,54,  ,77,86,]
[9,19,  ,36,  ,  ,67,79,  ,]

[ ,12,21,  ,41,51,  ,  ,81,]
[ ,  ,  ,37,44,59,61,  ,90,]
[8,  ,27,  ,47,  ,62,76,  ,]

[ ,16,22,  ,40,  ,60,  ,83,]
[ ,  ,23,34,46,56,  ,  ,85,]
[2,  ,28,39,  ,  ,64,70,  ,]

[ ,  ,21,34,  ,55,  ,74,81,]
[ ,10,24,  ,42,58,61,  ,  ,]
[4,14,  ,  ,  ,  ,68,76,85,]

[1,  ,28,  ,43,  ,65,75,  ,]
[ ,15,  ,35,  ,51,  ,77,88,]
[2,19,  ,39,  ,56,  ,  ,90,]

[6,  ,20,  ,40,54,  ,  ,83,]
[8,12,  ,32,  ,  ,63,70,  ,]
[ ,16,  ,36,47,  ,66,71,  ,]

[ ,13,  ,31,46,53,  ,  ,87,]
[3,  ,23,  ,  ,59,  ,72,89,]
[5,18,  ,33,  ,  ,64,73,  ,]

[ ,11,22,  ,41,50,  ,  ,82,]
[ ,  ,  ,38,44,57,60,  ,84,]
[7,  ,25,  ,49,  ,69,79,  ,]

[ ,17,26,  ,45,  ,62,  ,80,]
[ ,  ,27,30,48,52,  ,  ,86,]
[9,  ,29,37,  ,  ,67,78,  ,]

[ ,11,  ,39,  ,50,61,71,  ,]
[2,19,21,  ,  ,  ,68,  ,81,]
[ ,  ,28,  ,43,58,  ,78,83,]

[7,  ,29,  ,41,  ,63,72,  ,]
[ ,10,  ,32,  ,53,  ,74,85,]
[8,12,  ,33,  ,56,  ,  ,88,]

[6,  ,24,  ,42,55,  ,  ,82,]
[9,13,  ,30,  ,  ,65,73,  ,]
[ ,15,  ,36,47,  ,66,75,  ,]

[ ,16,  ,34,48,52,  ,  ,89,]
[3,  ,23,  ,  ,54,  ,70,90,]
[4,18,  ,37,  ,  ,62,79,  ,]

[ ,14,22,  ,40,51,  ,  ,84,]
[ ,  ,  ,35,44,59,60,  ,87,]
[5,  ,25,  ,45,  ,67,76,  ,]

[ ,17,20,  ,46,  ,64,  ,80,]
[ ,  ,26,31,49,57,  ,  ,86,]
[1,  ,27,38,  ,  ,69,77,  ,]

[ ,  ,26,  ,42,52,  ,72,86,]
[ ,13,27,31,  ,  ,62,  ,88,]
[5,18,  ,  ,  ,53,66,76,  ,]

[3,  ,22,  ,40,  ,67,73,  ,]
[ ,10,  ,36,  ,51,  ,75,81,]
[6,11,  ,38,  ,57,  ,  ,90,]

[8,  ,23,  ,41,54,  ,  ,89,]
[9,14,  ,33,  ,  ,64,71,  ,]
[ ,19,  ,39,46,  ,65,78,  ,]

[ ,12,  ,30,45,50,  ,  ,80,]
[4,  ,29,  ,  ,58,  ,70,84,]
[7,17,  ,34,  ,  ,61,74,  ,]

[ ,15,21,  ,44,55,  ,  ,85,]
[ ,  ,  ,35,48,56,60,  ,87,]
[1,  ,25,  ,49,  ,68,77,  ,]

[ ,16,20,  ,43,  ,63,  ,82,]
[ ,  ,24,32,47,59,  ,  ,83,]
[2,  ,28,37,  ,  ,69,79,  ,]

[5,  ,27,  ,  ,  ,64,75,85,]
[ ,11,28,31,  ,52,67,  ,  ,]
[ ,18,  ,  ,44,55,  ,79,88,]

[3,  ,23,  ,40,  ,68,74,  ,]
[ ,13,  ,32,  ,50,  ,76,82,]
[7,16,  ,38,  ,54,  ,  ,87,]

[1,  ,29,  ,43,56,  ,  ,84,]
[6,10,  ,34,  ,  ,61,73,  ,]
[ ,19,  ,35,45,  ,63,77,  ,]

[ ,14,  ,33,48,51,  ,  ,81,]
[2,  ,25,  ,  ,57,  ,70,90,]
[4,17,  ,39,  ,  ,65,71,  ,]

[ ,12,20,  ,41,53,  ,  ,83,]
[ ,  ,  ,36,42,58,60,  ,86,]
[9,  ,22,  ,49,  ,66,78,  ,]

[ ,15,21,  ,46,  ,62,  ,80,]
[ ,  ,24,30,47,59,  ,  ,89,]
[8,  ,26,37,  ,  ,69,72,  ,]

[ ,  ,23,  ,45,55,  ,71,86,]
[ ,13,29,35,  ,56,62,  ,  ,]
[1,18,  ,  ,  ,  ,65,76,89,]

[6,  ,22,  ,40,  ,61,72,  ,]
[ ,16,  ,30,  ,53,  ,77,83,]
[7,19,  ,38,  ,54,  ,  ,85,]

[4,  ,26,  ,46,51,  ,  ,80,]
[5,10,  ,37,  ,  ,63,73,  ,]
[ ,17,  ,39,47,  ,66,75,  ,]

[ ,12,  ,31,49,52,  ,  ,81,]
[3,  ,28,  ,  ,58,  ,78,87,]
[8,14,  ,32,  ,  ,68,79,  ,]

[ ,15,24,  ,41,50,  ,  ,82,]
[ ,  ,  ,34,42,57,67,  ,84,]
[2,  ,25,  ,43,  ,69,70,  ,]

[ ,11,20,  ,44,  ,60,  ,88,]
[ ,  ,21,33,48,59,  ,  ,90,]
[9,  ,27,36,  ,  ,64,74,  ,]

[ ,  ,20,35,  ,53,  ,73,86,]
[1,10,21,  ,  ,  ,62,  ,90,]
[ ,13,  ,  ,40,57,66,78,  ,]

[6,  ,28,  ,42,  ,60,70,  ,]
[ ,15,  ,32,  ,52,  ,74,82,]
[8,18,  ,34,  ,54,  ,  ,89,]

[4,  ,27,  ,45,50,  ,  ,81,]
[9,11,  ,31,  ,  ,63,71,  ,]
[ ,14,  ,37,46,  ,67,79,  ,]

[ ,12,  ,30,47,55,  ,  ,84,]
[2,  ,29,  ,  ,56,  ,75,85,]
[5,16,  ,38,  ,  ,61,76,  ,]

[ ,19,23,  ,41,51,  ,  ,80,]
[ ,  ,  ,33,44,59,65,  ,87,]
[3,  ,25,  ,49,  ,69,77,  ,]

[ ,17,22,  ,43,  ,64,  ,83,]
[ ,  ,24,36,48,58,  ,  ,88,]
[7,  ,26,39,  ,  ,68,72,  ,]

[6,  ,20,  ,  ,56,60,75,  ,]
[ ,15,25,  ,45,  ,64,  ,80,]
[ ,16,  ,37,  ,57,  ,77,90,]

[5,  ,26,  ,44,  ,67,76,  ,]
[ ,14,  ,30,  ,50,  ,78,87,]
[9,18,  ,35,  ,54,  ,  ,88,]

[1,  ,28,  ,41,55,  ,  ,85,]
[8,11,  ,31,  ,  ,68,70,  ,]
[ ,13,  ,38,46,  ,69,72,  ,]

[ ,10,  ,32,43,58,  ,  ,83,]
[2,  ,27,  ,  ,59,  ,71,84,]
[4,19,  ,39,  ,  ,63,79,  ,]

[ ,12,23,  ,40,51,  ,  ,81,]
[ ,  ,  ,36,42,52,61,  ,89,]
[7,  ,29,  ,47,  ,66,73,  ,]

[ ,17,21,  ,48,  ,62,  ,82,]
[ ,  ,22,33,49,53,  ,  ,86,]
[3,  ,24,34,  ,  ,65,74,  ,]

[2,  ,22,  ,  ,  ,61,72,86,]
[ ,12,23,  ,49,57,62,  ,  ,]
[ ,16,  ,36,  ,58,  ,76,87,]

[1,  ,28,  ,47,  ,68,70,  ,]
[ ,14,  ,34,  ,51,  ,73,81,]
[9,15,  ,39,  ,52,  ,  ,82,]

[3,  ,27,  ,40,55,  ,  ,83,]
[8,13,  ,33,  ,  ,60,77,  ,]
[ ,19,  ,38,46,  ,66,79,  ,]

[ ,11,  ,35,41,50,  ,  ,85,]
[6,  ,24,  ,  ,53,  ,71,88,]
[7,18,  ,37,  ,  ,65,75,  ,]

[ ,10,20,  ,42,54,  ,  ,80,]
[ ,  ,  ,31,43,56,63,  ,89,]
[4,  ,21,  ,44,  ,69,78,  ,]

[ ,17,25,  ,45,  ,64,  ,84,]
[ ,  ,26,30,48,59,  ,  ,90,]
[5,  ,29,32,  ,  ,67,74,  ,]

[ ,11,  ,38,  ,  ,67,78,84,]
[ ,19,25,  ,44,54,  ,  ,86,]
[4,  ,29,  ,  ,55,69,79,  ,]

[1,  ,28,  ,42,  ,64,70,  ,]
[ ,10,  ,36,  ,58,  ,74,82,]
[3,18,  ,39,  ,59,  ,  ,85,]

[5,  ,23,  ,45,50,  ,  ,89,]
[7,12,  ,32,  ,  ,61,72,  ,]
[ ,14,  ,33,46,  ,68,77,  ,]

[ ,16,  ,35,43,52,  ,  ,81,]
[2,  ,21,  ,  ,53,  ,73,87,]
[6,17,  ,37,  ,  ,63,76,  ,]

[ ,13,22,  ,41,51,  ,  ,83,]
[ ,  ,  ,34,48,57,62,  ,88,]
[9,  ,24,  ,49,  ,66,75,  ,]

[ ,15,20,  ,40,  ,60,  ,80,]
[ ,  ,26,30,47,56,  ,  ,90,]
[8,  ,27,31,  ,  ,65,71,  ,]

[ ,10,  ,31,  ,  ,64,71,87,]
[3,15,21,  ,  ,53,  ,  ,89,]
[ ,  ,23,  ,46,59,65,76,  ,]

[7,  ,20,  ,48,  ,69,70,  ,]
[ ,14,  ,34,  ,57,  ,73,81,]
[8,17,  ,39,  ,58,  ,  ,82,]

[5,  ,22,  ,40,56,  ,  ,85,]
[9,11,  ,33,  ,  ,60,74,  ,]
[ ,12,  ,35,41,  ,68,78,  ,]

[ ,18,  ,32,42,50,  ,  ,83,]
[4,  ,24,  ,  ,54,  ,75,90,]
[6,19,  ,36,  ,  ,66,77,  ,]

[ ,13,25,  ,43,51,  ,  ,84,]
[ ,  ,  ,30,45,52,61,  ,88,]
[2,  ,29,  ,47,  ,63,72,  ,]

[ ,16,26,  ,44,  ,62,  ,80,]
[ ,  ,27,37,49,55,  ,  ,86,]
[1,  ,28,38,  ,  ,67,79,  ,]

[ ,  ,22,  ,41,53,62,75,  ,]
[1,16,24,  ,  ,57,  ,  ,86,]
[ ,18,  ,35,  ,  ,65,77,87,]

[3,  ,23,  ,46,  ,69,71,  ,]
[ ,10,  ,33,  ,54,  ,78,85,]
[4,15,  ,37,  ,56,  ,  ,89,]

[2,  ,26,  ,44,52,  ,  ,90,]
[8,11,  ,31,  ,  ,66,70,  ,]
[ ,13,  ,36,48,  ,67,72,  ,]

[ ,14,  ,30,42,51,  ,  ,81,]
[6,  ,25,  ,  ,58,  ,73,84,]
[7,19,  ,32,  ,  ,61,74,  ,]

[ ,17,21,  ,40,50,  ,  ,82,]
[ ,  ,  ,34,47,55,63,  ,83,]
[5,  ,29,  ,49,  ,68,79,  ,]

[ ,12,20,  ,43,  ,60,  ,80,]
[ ,  ,27,38,45,59,  ,  ,88,]
[9,  ,28,39,  ,  ,64,76,  ,]

[ ,13,  ,34,  ,  ,60,75,81,]
[5,17,20,  ,  ,53,  ,  ,87,]
[ ,  ,25,  ,43,56,68,79,  ,]

[1,  ,22,  ,48,  ,65,73,  ,]
[ ,16,  ,30,  ,51,  ,76,80,]
[9,18,  ,32,  ,59,  ,  ,82,]

[3,  ,26,  ,46,57,  ,  ,86,]
[7,12,  ,33,  ,  ,67,77,  ,]
[ ,14,  ,36,49,  ,69,78,  ,]

[ ,10,  ,35,45,52,  ,  ,88,]
[2,  ,24,  ,  ,58,  ,72,89,]
[8,19,  ,39,  ,  ,61,74,  ,]

[ ,15,27,  ,40,54,  ,  ,83,]
[ ,  ,  ,31,41,55,63,  ,90,]
[6,  ,28,  ,47,  ,66,71,  ,]

[ ,11,21,  ,42,  ,62,  ,84,]
[ ,  ,23,37,44,50,  ,  ,85,]
[4,  ,29,38,  ,  ,64,70,  ,]

[7,  ,25,  ,  ,53,63,70,  ,]
[ ,11,26,37,  ,56,  ,  ,84,]
[ ,13,  ,  ,44,  ,67,76,85,]

[3,  ,20,  ,49,  ,68,71,  ,]
[ ,12,  ,38,  ,51,  ,78,83,]
[9,16,  ,39,  ,58,  ,  ,88,]

[4,  ,23,  ,41,52,  ,  ,87,]
[8,15,  ,30,  ,  ,62,77,  ,]
[ ,18,  ,34,42,  ,64,79,  ,]

[ ,14,  ,31,47,54,  ,  ,81,]
[5,  ,24,  ,  ,59,  ,72,86,]
[6,19,  ,33,  ,  ,65,74,  ,]

[ ,17,21,  ,40,55,  ,  ,80,]
[ ,  ,  ,35,43,57,61,  ,89,]
[1,  ,27,  ,48,  ,66,75,  ,]

[ ,10,22,  ,45,  ,60,  ,82,]
[ ,  ,28,32,46,50,  ,  ,90,]
[2,  ,29,36,  ,  ,69,73,  ,]

[ ,  ,20,  ,41,56,  ,73,81,]
[9,15,21,  ,  ,59,64,  ,  ,]
[ ,17,  ,38,  ,  ,69,77,87,]

[1,  ,22,  ,45,  ,63,72,  ,]
[ ,11,  ,36,  ,50,  ,79,85,]
[8,14,  ,39,  ,54,  ,  ,90,]

[3,  ,26,  ,47,53,  ,  ,89,]
[6,10,  ,31,  ,  ,62,76,  ,]
[ ,19,  ,37,49,  ,66,78,  ,]

[ ,12,  ,33,42,57,  ,  ,84,]
[5,  ,27,  ,  ,58,  ,71,88,]
[7,13,  ,35,  ,  ,61,74,  ,]

[ ,16,25,  ,40,51,  ,  ,80,]
[ ,  ,  ,30,43,52,65,  ,86,]
[4,  ,29,  ,46,  ,68,75,  ,]

[ ,18,23,  ,44,  ,60,  ,82,]
[ ,  ,24,32,48,55,  ,  ,83,]
[2,  ,28,34,  ,  ,67,70,  ,]

[ ,  ,28,  ,42,  ,65,74,83,]
[9,14,29,  ,  ,55,69,  ,  ,]
[ ,15,  ,39,  ,56,  ,78,87,]

[2,  ,23,  ,40,  ,67,72,  ,]
[ ,13,  ,32,  ,57,  ,76,84,]
[6,18,  ,37,  ,58,  ,  ,89,]

[4,  ,22,  ,47,52,  ,  ,85,]
[7,12,  ,33,  ,  ,62,71,  ,]
[ ,19,  ,36,48,  ,64,79,  ,]

[ ,10,  ,35,43,53,  ,  ,80,]
[1,  ,25,  ,  ,59,  ,73,90,]
[3,17,  ,38,  ,  ,66,77,  ,]

[ ,16,21,  ,41,50,  ,  ,81,]
[ ,  ,  ,30,44,51,61,  ,88,]
[8,  ,24,  ,46,  ,63,75,  ,]

[ ,11,20,  ,45,  ,60,  ,82,]
[ ,  ,26,31,49,54,  ,  ,86,]
[5,  ,27,34,  ,  ,68,70,  ,]

[ ,11,  ,  ,46,  ,61,77,80,]
[ ,16,22,39,  ,50,  ,  ,83,]
[2,  ,24,  ,  ,52,69,78,  ,]

[1,  ,27,  ,41,  ,63,73,  ,]
[ ,15,  ,35,  ,53,  ,74,82,]
[9,17,  ,36,  ,54,  ,  ,87,]

[3,  ,25,  ,43,51,  ,  ,86,]
[6,12,  ,33,  ,  ,60,71,  ,]
[ ,13,  ,38,47,  ,66,72,  ,]

[ ,14,  ,31,45,56,  ,  ,88,]
[4,  ,20,  ,  ,57,  ,70,89,]
[7,18,  ,37,  ,  ,67,75,  ,]

[ ,10,21,  ,42,55,  ,  ,84,]
[ ,  ,  ,34,44,58,65,  ,85,]
[8,  ,23,  ,48,  ,68,79,  ,]

[ ,19,26,  ,40,  ,62,  ,81,]
[ ,  ,28,30,49,59,  ,  ,90,]
[5,  ,29,32,  ,  ,64,76,  ,]

[ ,10,  ,  ,44,51,67,71,  ,]
[ ,15,22,32,  ,  ,68,  ,82,]
[5,  ,26,  ,  ,57,  ,76,88,]

[1,  ,21,  ,47,  ,60,70,  ,]
[ ,14,  ,37,  ,58,  ,77,80,]
[8,19,  ,39,  ,59,  ,  ,84,]

[4,  ,27,  ,40,52,  ,  ,83,]
[6,11,  ,31,  ,  ,63,78,  ,]
[ ,17,  ,35,41,  ,65,79,  ,]

[ ,16,  ,30,49,54,  ,  ,81,]
[2,  ,25,  ,  ,55,  ,72,87,]
[3,18,  ,38,  ,  ,61,75,  ,]

[ ,13,20,  ,42,50,  ,  ,85,]
[ ,  ,  ,36,43,53,66,  ,90,]
[9,  ,24,  ,46,  ,69,74,  ,]

[ ,12,23,  ,45,  ,62,  ,86,]
[ ,  ,28,33,48,56,  ,  ,89,]
[7,  ,29,34,  ,  ,64,73,  ,]

[9,  ,23,  ,  ,  ,60,76,83,]
[ ,13,25,30,  ,55,65,  ,  ,]
[ ,18,  ,  ,43,59,  ,78,87,]

[2,  ,22,  ,48,  ,69,72,  ,]
[ ,11,  ,33,  ,57,  ,79,80,]
[5,19,  ,39,  ,58,  ,  ,82,]

[6,  ,24,  ,41,50,  ,  ,85,]
[8,12,  ,35,  ,  ,61,71,  ,]
[ ,16,  ,38,42,  ,62,77,  ,]

[ ,14,  ,31,45,51,  ,  ,86,]
[1,  ,26,  ,  ,54,  ,70,88,]
[7,17,  ,37,  ,  ,64,73,  ,]

[ ,10,20,  ,44,52,  ,  ,84,]
[ ,  ,  ,34,47,53,63,  ,90,]
[4,  ,27,  ,49,  ,68,75,  ,]

[ ,15,21,  ,40,  ,66,  ,81,]
[ ,  ,28,32,46,56,  ,  ,89,]
[3,  ,29,36,  ,  ,67,74,  ,]

[ ,15,  ,33,  ,52,62,76,  ,]
[ ,17,20,  ,41,57,  ,  ,84,]
[3,  ,24,  ,  ,  ,69,79,89,]

[4,  ,22,  ,48,  ,65,71,  ,]
[ ,18,  ,30,  ,55,  ,77,82,]
[9,19,  ,39,  ,56,  ,  ,83,]

[5,  ,26,  ,46,54,  ,  ,87,]
[8,10,  ,37,  ,  ,60,73,  ,]
[ ,14,  ,38,49,  ,66,75,  ,]

[ ,11,  ,32,40,50,  ,  ,80,]
[2,  ,21,  ,  ,53,  ,72,90,]
[6,16,  ,35,  ,  ,67,78,  ,]

[ ,13,25,  ,42,51,  ,  ,86,]
[ ,  ,  ,36,44,59,61,  ,88,]
[7,  ,28,  ,47,  ,68,74,  ,]

[ ,12,23,  ,43,  ,63,  ,81,]
[ ,  ,27,31,45,58,  ,  ,85,]
[1,  ,29,34,  ,  ,64,70,  ,]

[ ,  ,22,  ,42,50,  ,76,82,]
[2,13,27,  ,  ,  ,65,  ,86,]
[ ,16,  ,38,  ,54,68,78,  ,]

[1,  ,20,  ,49,  ,60,74,  ,]
[ ,14,  ,30,  ,52,  ,77,83,]
[3,18,  ,37,  ,53,  ,  ,85,]

[6,  ,28,  ,40,51,  ,  ,90,]
[8,15,  ,33,  ,  ,61,71,  ,]
[ ,17,  ,35,41,  ,62,72,  ,]

[ ,11,  ,31,44,55,  ,  ,88,]
[4,  ,23,  ,  ,56,  ,70,89,]
[7,12,  ,32,  ,  ,63,79,  ,]

[ ,19,21,  ,45,57,  ,  ,81,]
[ ,  ,  ,34,46,59,67,  ,87,]
[9,  ,24,  ,47,  ,69,73,  ,]

[ ,10,25,  ,43,  ,64,  ,80,]
[ ,  ,26,36,48,58,  ,  ,84,]
[5,  ,29,39,  ,  ,66,75,  ,]

[8,12,  ,  ,  ,56,62,70,  ,]
[ ,17,20,  ,46,59,  ,  ,80,]
[ ,  ,29,36,  ,  ,63,73,87,]

[1,  ,21,  ,40,  ,65,72,  ,]
[ ,14,  ,33,  ,52,  ,75,81,]
[4,18,  ,34,  ,57,  ,  ,82,]

[3,  ,25,  ,47,54,  ,  ,89,]
[5,10,  ,32,  ,  ,60,71,  ,]
[ ,16,  ,35,49,  ,64,76,  ,]

[ ,11,  ,31,48,51,  ,  ,83,]
[6,  ,23,  ,  ,53,  ,78,85,]
[7,13,  ,38,  ,  ,69,79,  ,]

[ ,15,26,  ,41,55,  ,  ,84,]
[ ,  ,  ,37,43,58,67,  ,90,]
[9,  ,27,  ,44,  ,68,77,  ,]

[ ,19,22,  ,42,  ,61,  ,86,]
[ ,  ,24,30,45,50,  ,  ,88,]
[2,  ,28,39,  ,  ,66,74,  ,]

[ ,  ,23,30,  ,  ,64,72,80,]
[ ,12,28,  ,41,52,  ,  ,83,]
[2,19,  ,  ,  ,55,67,78,  ,]

[1,  ,26,  ,45,  ,66,73,  ,]
[ ,14,  ,34,  ,50,  ,76,81,]
[6,17,  ,35,  ,57,  ,  ,86,]

[7,  ,27,  ,44,58,  ,  ,85,]
[8,10,  ,32,  ,  ,68,70,  ,]
[ ,11,  ,33,49,  ,69,75,  ,]

[ ,13,  ,31,47,51,  ,  ,82,]
[3,  ,20,  ,  ,54,  ,71,89,]
[9,18,  ,39,  ,  ,60,74,  ,]

[ ,15,22,  ,40,53,  ,  ,88,]
[ ,  ,  ,38,42,56,61,  ,90,]
[5,  ,25,  ,48,  ,65,79,  ,]

[ ,16,21,  ,43,  ,62,  ,84,]
[ ,  ,24,36,46,59,  ,  ,87,]
[4,  ,29,37,  ,  ,63,77,  ,]

[9,  ,20,  ,  ,54,  ,71,80,]
[ ,10,29,  ,49,57,63,  ,  ,]
[ ,14,  ,38,  ,  ,69,72,86,]

[5,  ,25,  ,42,  ,61,75,  ,]
[ ,12,  ,33,  ,53,  ,77,81,]
[6,15,  ,39,  ,59,  ,  ,83,]

[7,  ,24,  ,40,58,  ,  ,87,]
[8,13,  ,34,  ,  ,60,73,  ,]
[ ,19,  ,35,45,  ,66,79,  ,]

[ ,11,  ,31,46,55,  ,  ,84,]
[2,  ,22,  ,  ,56,  ,74,89,]
[4,18,  ,32,  ,  ,67,76,  ,]

[ ,16,21,  ,41,50,  ,  ,85,]
[ ,  ,  ,37,43,51,65,  ,90,]
[1,  ,23,  ,47,  ,68,70,  ,]

[ ,17,26,  ,44,  ,62,  ,82,]
[ ,  ,27,30,48,52,  ,  ,88,]
[3,  ,28,36,  ,  ,64,78,  ,]

[4,  ,25,  ,  ,  ,61,70,84,]
[ ,18,27,33,  ,50,  ,  ,89,]
[ ,19,  ,  ,46,54,65,71,  ,]

[6,  ,28,  ,49,  ,62,73,  ,]
[ ,16,  ,32,  ,55,  ,74,81,]
[7,17,  ,34,  ,57,  ,  ,87,]

[1,  ,26,  ,40,59,  ,  ,82,]
[3,12,  ,36,  ,  ,63,72,  ,]
[ ,13,  ,38,43,  ,64,75,  ,]

[ ,11,  ,35,44,51,  ,  ,86,]
[2,  ,21,  ,  ,56,  ,76,90,]
[9,15,  ,39,  ,  ,67,79,  ,]

[ ,10,20,  ,41,52,  ,  ,80,]
[ ,  ,  ,31,45,58,68,  ,85,]
[5,  ,23,  ,47,  ,69,78,  ,]

[ ,14,22,  ,42,  ,60,  ,83,]
[ ,  ,24,30,48,53,  ,  ,88,]
[8,  ,29,37,  ,  ,66,77,  ,]

[ ,  ,22,31,  ,50,  ,72,80,]
[ ,10,29,  ,48,  ,63,  ,90,]
[7,16,  ,  ,  ,57,68,76,  ,]

[1,  ,25,  ,49,  ,64,70,  ,]
[ ,17,  ,30,  ,54,  ,75,83,]
[4,18,  ,36,  ,58,  ,  ,89,]

[3,  ,26,  ,41,52,  ,  ,87,]
[5,11,  ,37,  ,  ,60,73,  ,]
[ ,14,  ,38,42,  ,65,79,  ,]

[ ,12,  ,33,40,51,  ,  ,81,]
[6,  ,28,  ,  ,56,  ,77,86,]
[8,13,  ,34,  ,  ,61,78,  ,]

[ ,15,21,  ,44,53,  ,  ,84,]
[ ,  ,  ,35,45,59,67,  ,85,]
[9,  ,23,  ,47,  ,69,74,  ,]

[ ,19,20,  ,43,  ,62,  ,82,]
[ ,  ,24,32,46,55,  ,  ,88,]
[2,  ,27,39,  ,  ,66,71,  ,]

[ ,  ,25,  ,46,  ,62,78,83,]
[ ,14,28,32,  ,52,66,  ,  ,]
[1,19,  ,  ,  ,54,  ,79,87,]

[2,  ,29,  ,41,  ,64,72,  ,]
[ ,11,  ,35,  ,50,  ,73,82,]
[3,12,  ,36,  ,57,  ,  ,86,]

[7,  ,24,  ,42,51,  ,  ,88,]
[8,13,  ,30,  ,  ,63,71,  ,]
[ ,18,  ,39,45,  ,67,74,  ,]

[ ,15,  ,34,49,53,  ,  ,80,]
[4,  ,26,  ,  ,56,  ,75,90,]
[6,17,  ,38,  ,  ,60,77,  ,]

[ ,16,22,  ,44,55,  ,  ,84,]
[ ,  ,  ,37,47,59,61,  ,89,]
[9,  ,23,  ,48,  ,69,76,  ,]

[ ,10,20,  ,40,  ,65,  ,81,]
[ ,  ,21,31,43,58,  ,  ,85,]
[5,  ,27,33,  ,  ,68,70,  ,]

[ ,  ,22,  ,47,54,62,72,  ,]
[8,14,24,  ,  ,55,  ,  ,85,]
[ ,19,  ,31,  ,  ,66,73,87,]

[3,  ,29,  ,41,  ,67,76,  ,]
[ ,15,  ,30,  ,50,  ,79,81,]
[6,17,  ,35,  ,52,  ,  ,84,]

[2,  ,28,  ,46,57,  ,  ,82,]
[4,12,  ,33,  ,  ,63,70,  ,]
[ ,18,  ,34,49,  ,69,78,  ,]

[ ,10,  ,36,44,53,  ,  ,83,]
[1,  ,23,  ,  ,58,  ,71,89,]
[7,13,  ,38,  ,  ,65,77,  ,]

[ ,11,21,  ,40,51,  ,  ,80,]
[ ,  ,  ,39,42,59,60,  ,90,]
[9,  ,25,  ,48,  ,64,75,  ,]

[ ,16,20,  ,43,  ,61,  ,86,]
[ ,  ,26,32,45,56,  ,  ,88,]
[5,  ,27,37,  ,  ,68,74,  ,]

[ ,  ,21,  ,41,  ,65,70,82,]
[ ,16,22,34,  ,56,67,  ,  ,]
[8,18,  ,  ,  ,59,  ,78,90,]

[3,  ,20,  ,43,  ,66,75,  ,]
[ ,13,  ,31,  ,50,  ,77,81,]
[7,17,  ,35,  ,53,  ,  ,85,]

[1,  ,27,  ,40,55,  ,  ,87,]
[5,14,  ,32,  ,  ,63,73,  ,]
[ ,15,  ,33,44,  ,68,74,  ,]

[ ,10,  ,38,45,51,  ,  ,88,]
[4,  ,26,  ,  ,57,  ,72,89,]
[6,11,  ,39,  ,  ,61,76,  ,]

[ ,12,23,  ,42,54,  ,  ,80,]
[ ,  ,  ,30,46,58,60,  ,84,]
[9,  ,24,  ,49,  ,62,71,  ,]

[ ,19,25,  ,47,  ,64,  ,83,]
[ ,  ,28,36,48,52,  ,  ,86,]
[2,  ,29,37,  ,  ,69,79,  ,]

[ ,13,  ,  ,42,  ,62,71,83,]
[ ,18,22,35,  ,50,  ,  ,87,]
[6,  ,29,  ,  ,54,65,74,  ,]

[2,  ,26,  ,40,  ,67,70,  ,]
[ ,14,  ,31,  ,57,  ,77,85,]
[4,16,  ,37,  ,58,  ,  ,86,]

[1,  ,20,  ,46,55,  ,  ,82,]
[5,11,  ,30,  ,  ,63,72,  ,]
[ ,19,  ,39,48,  ,64,79,  ,]

[ ,10,  ,34,43,52,  ,  ,81,]
[3,  ,27,  ,  ,59,  ,73,89,]
[9,15,  ,38,  ,  ,60,76,  ,]

[ ,12,21,  ,44,51,  ,  ,88,]
[ ,  ,  ,36,47,53,66,  ,90,]
[7,  ,28,  ,49,  ,69,78,  ,]

[ ,17,23,  ,41,  ,61,  ,80,]
[ ,  ,24,32,45,56,  ,  ,84,]
[8,  ,25,33,  ,  ,68,75,  ,]

[ ,18,  ,31,  ,51,60,73,  ,]
[ ,19,22,  ,41,52,  ,  ,85,]
[9,  ,28,  ,  ,  ,67,76,90,]

[4,  ,29,  ,42,  ,65,72,  ,]
[ ,11,  ,35,  ,54,  ,79,81,]
[6,15,  ,39,  ,57,  ,  ,89,]

[7,  ,25,  ,40,50,  ,  ,83,]
[8,14,  ,30,  ,  ,62,74,  ,]
[ ,17,  ,37,48,  ,69,78,  ,]

[ ,13,  ,32,44,56,  ,  ,80,]
[3,  ,21,  ,  ,59,  ,70,84,]
[5,16,  ,34,  ,  ,64,75,  ,]

[ ,12,20,  ,45,55,  ,  ,86,]
[ ,  ,  ,33,46,58,66,  ,87,]
[2,  ,24,  ,49,  ,68,77,  ,]

[ ,10,23,  ,43,  ,61,  ,82,]
[ ,  ,26,36,47,53,  ,  ,88,]
[1,  ,27,38,  ,  ,63,71,  ,]

[3,  ,20,  ,  ,55,64,73,  ,]
[ ,11,25,  ,46,  ,68,  ,83,]
[ ,15,  ,35,  ,56,  ,77,85,]

[5,  ,26,  ,49,  ,65,74,  ,]
[ ,12,  ,33,  ,52,  ,78,88,]
[6,18,  ,38,  ,57,  ,  ,90,]

[1,  ,21,  ,43,50,  ,  ,84,]
[9,17,  ,30,  ,  ,62,71,  ,]
[ ,19,  ,32,48,  ,63,79,  ,]

[ ,10,  ,36,42,58,  ,  ,81,]
[7,  ,27,  ,  ,59,  ,70,89,]
[8,13,  ,37,  ,  ,69,72,  ,]

[ ,16,22,  ,40,51,  ,  ,82,]
[ ,  ,  ,34,44,54,60,  ,87,]
[2,  ,29,  ,47,  ,61,75,  ,]

[ ,14,23,  ,41,  ,66,  ,80,]
[ ,  ,24,31,45,53,  ,  ,86,]
[4,  ,28,39,  ,  ,67,76,  ,]

[ ,15,  ,  ,42,54,  ,74,84,]
[4,17,24,  ,  ,57,65,  ,  ,]
[ ,  ,26,39,  ,  ,67,79,89,]

[3,  ,21,  ,46,  ,66,73,  ,]
[ ,10,  ,31,  ,53,  ,76,83,]
[5,19,  ,35,  ,58,  ,  ,86,]

[6,  ,22,  ,41,55,  ,  ,82,]
[9,12,  ,33,  ,  ,61,70,  ,]
[ ,16,  ,36,47,  ,64,78,  ,]

[ ,11,  ,30,44,51,  ,  ,87,]
[1,  ,20,  ,  ,59,  ,72,88,]
[2,14,  ,34,  ,  ,60,77,  ,]

[ ,13,28,  ,43,52,  ,  ,85,]
[ ,  ,  ,38,45,56,63,  ,90,]
[7,  ,29,  ,49,  ,69,75,  ,]

[ ,18,23,  ,40,  ,62,  ,80,]
[ ,  ,25,32,48,50,  ,  ,81,]
[8,  ,27,37,  ,  ,68,71,  ,]

[ ,  ,22,  ,46,  ,64,71,85,]
[ ,15,23,31,  ,52,  ,  ,89,]
[5,17,  ,  ,  ,59,67,78,  ,]

[3,  ,21,  ,44,  ,66,73,  ,]
[ ,11,  ,32,  ,50,  ,77,83,]
[7,19,  ,33,  ,53,  ,  ,87,]

[1,  ,20,  ,40,54,  ,  ,84,]
[6,10,  ,35,  ,  ,65,76,  ,]
[ ,12,  ,36,48,  ,69,79,  ,]

[ ,14,  ,30,47,55,  ,  ,86,]
[4,  ,28,  ,  ,57,  ,72,90,]
[9,16,  ,34,  ,  ,62,75,  ,]

[ ,18,27,  ,41,56,  ,  ,81,]
[ ,  ,  ,39,43,58,60,  ,82,]
[2,  ,29,  ,45,  ,63,70,  ,]

[ ,13,24,  ,42,  ,61,  ,80,]
[ ,  ,25,37,49,51,  ,  ,88,]
[8,  ,26,38,  ,  ,68,74,  ,]

[ ,  ,21,  ,49,  ,63,70,84,]
[3,15,22,  ,  ,51,69,  ,  ,]
[ ,17,  ,35,  ,55,  ,77,87,]

[6,  ,29,  ,48,  ,61,71,  ,]
[ ,10,  ,37,  ,50,  ,76,82,]
[8,18,  ,38,  ,53,  ,  ,89,]

[7,  ,26,  ,42,57,  ,  ,86,]
[9,13,  ,30,  ,  ,66,74,  ,]
[ ,16,  ,36,45,  ,68,79,  ,]

[ ,12,  ,31,44,54,  ,  ,83,]
[1,  ,28,  ,  ,59,  ,72,85,]
[4,14,  ,32,  ,  ,60,75,  ,]

[ ,19,23,  ,40,56,  ,  ,81,]
[ ,  ,  ,34,41,58,62,  ,88,]
[2,  ,27,  ,47,  ,64,78,  ,]

[ ,11,20,  ,43,  ,65,  ,80,]
[ ,  ,24,33,46,52,  ,  ,90,]
[5,  ,25,39,  ,  ,67,73,  ,]

[2,  ,21,  ,  ,52,  ,71,81,]
[ ,13,29,  ,40,  ,62,  ,82,]
[ ,17,  ,31,  ,59,66,75,  ,]

[1,  ,26,  ,46,  ,65,74,  ,]
[ ,18,  ,38,  ,50,  ,78,86,]
[3,19,  ,39,  ,58,  ,  ,89,]

[5,  ,22,  ,43,56,  ,  ,90,]
[6,12,  ,30,  ,  ,63,76,  ,]
[ ,16,  ,33,49,  ,64,77,  ,]

[ ,11,  ,34,42,53,  ,  ,83,]
[7,  ,28,  ,  ,55,  ,72,84,]
[9,14,  ,35,  ,  ,68,79,  ,]

[ ,15,24,  ,44,51,  ,  ,85,]
[ ,  ,  ,37,45,54,60,  ,88,]
[4,  ,27,  ,47,  ,67,73,  ,]

[ ,10,20,  ,41,  ,61,  ,80,]
[ ,  ,23,32,48,57,  ,  ,87,]
[8,  ,25,36,  ,  ,69,70,  ,]

[ ,15,  ,33,  ,55,  ,78,82,]
[6,18,22,  ,  ,57,60,  ,  ,]
[ ,  ,27,  ,47,  ,62,79,90,]

[1,  ,21,  ,43,  ,66,73,  ,]
[ ,12,  ,32,  ,51,  ,75,81,]
[3,19,  ,39,  ,54,  ,  ,88,]

[5,  ,26,  ,40,52,  ,  ,89,]
[7,14,  ,30,  ,  ,64,71,  ,]
[ ,17,  ,36,48,  ,69,72,  ,]

[ ,13,  ,35,44,53,  ,  ,83,]
[2,  ,29,  ,  ,59,  ,70,87,]
[4,16,  ,37,  ,  ,61,74,  ,]

[ ,11,23,  ,42,50,  ,  ,85,]
[ ,  ,  ,31,45,56,65,  ,86,]
[9,  ,28,  ,49,  ,68,77,  ,]

[ ,10,20,  ,41,  ,63,  ,80,]
[ ,  ,24,34,46,58,  ,  ,84,]
[8,  ,25,38,  ,  ,67,76,  ,]

[ ,12,  ,34,  ,  ,64,72,81,]
[ ,17,22,  ,41,53,  ,  ,85,]
[7,  ,28,  ,  ,58,69,77,  ,]

[1,  ,23,  ,48,  ,67,71,  ,]
[ ,11,  ,36,  ,50,  ,75,84,]
[6,13,  ,38,  ,55,  ,  ,87,]

[2,  ,25,  ,43,57,  ,  ,83,]
[8,16,  ,30,  ,  ,61,73,  ,]
[ ,18,  ,31,44,  ,65,78,  ,]

[ ,10,  ,32,46,52,  ,  ,80,]
[3,  ,29,  ,  ,56,  ,76,89,]
[9,15,  ,33,  ,  ,63,79,  ,]

[ ,14,21,  ,42,51,  ,  ,82,]
[ ,  ,  ,35,45,59,62,  ,88,]
[4,  ,27,  ,47,  ,66,74,  ,]

[ ,19,20,  ,40,  ,60,  ,86,]
[ ,  ,24,37,49,54,  ,  ,90,]
[5,  ,26,39,  ,  ,68,70,  ,]

[ ,  ,21,30,  ,51,66,73,  ,]
[ ,17,24,  ,42,  ,69,  ,82,]
[9,18,  ,  ,  ,52,  ,74,87,]

[3,  ,29,  ,41,  ,63,70,  ,]
[ ,10,  ,31,  ,54,  ,72,83,]
[8,15,  ,37,  ,56,  ,  ,85,]

[6,  ,26,  ,40,59,  ,  ,90,]
[7,11,  ,33,  ,  ,64,71,  ,]
[ ,12,  ,36,46,  ,68,78,  ,]

[ ,14,  ,32,44,50,  ,  ,84,]
[1,  ,23,  ,  ,57,  ,76,86,]
[2,19,  ,38,  ,  ,65,79,  ,]

[ ,16,20,  ,45,55,  ,  ,80,]
[ ,  ,  ,39,47,58,60,  ,88,]
[5,  ,27,  ,48,  ,67,75,  ,]

[ ,13,22,  ,43,  ,61,  ,81,]
[ ,  ,25,34,49,53,  ,  ,89,]
[4,  ,28,35,  ,  ,62,77,  ,]

[ ,  ,28,35,  ,  ,68,71,86,]
[3,16,29,  ,  ,56,69,  ,  ,]
[ ,19,  ,  ,41,58,  ,75,88,]

[6,  ,25,  ,40,  ,65,72,  ,]
[ ,10,  ,34,  ,50,  ,77,80,]
[8,18,  ,39,  ,52,  ,  ,81,]

[1,  ,21,  ,42,54,  ,  ,83,]
[9,11,  ,36,  ,  ,62,73,  ,]
[ ,13,  ,38,47,  ,66,76,  ,]

[ ,12,  ,32,46,53,  ,  ,82,]
[4,  ,23,  ,  ,55,  ,70,85,]
[7,15,  ,33,  ,  ,67,78,  ,]

[ ,17,22,  ,43,57,  ,  ,87,]
[ ,  ,  ,30,44,59,63,  ,89,]
[5,  ,26,  ,49,  ,64,74,  ,]

[ ,14,20,  ,45,  ,60,  ,84,]
[ ,  ,24,31,48,51,  ,  ,90,]
[2,  ,27,37,  ,  ,61,79,  ,]

[1,11,  ,  ,  ,  ,63,72,83,]
[ ,14,25,  ,41,53,69,  ,  ,]
[ ,  ,28,32,  ,55,  ,76,86,]

[2,  ,23,  ,43,  ,64,73,  ,]
[ ,17,  ,34,  ,58,  ,78,81,]
[8,19,  ,37,  ,59,  ,  ,84,]

[7,  ,29,  ,40,50,  ,  ,85,]
[9,12,  ,33,  ,  ,60,74,  ,]
[ ,13,  ,35,44,  ,62,79,  ,]

[ ,10,  ,31,49,54,  ,  ,82,]
[5,  ,22,  ,  ,57,  ,70,87,]
[6,15,  ,39,  ,  ,61,71,  ,]

[ ,16,20,  ,45,51,  ,  ,80,]
[ ,  ,  ,36,46,52,65,  ,89,]
[3,  ,27,  ,48,  ,68,77,  ,]

[ ,18,21,  ,42,  ,66,  ,88,]
[ ,  ,24,30,47,56,  ,  ,90,]
[4,  ,26,38,  ,  ,67,75,  ,]

[7,12,  ,  ,  ,  ,65,71,81,]
[ ,16,21,36,  ,55,68,  ,  ,]
[ ,  ,25,  ,47,58,  ,74,85,]

[2,  ,22,  ,45,  ,63,72,  ,]
[ ,13,  ,31,  ,51,  ,75,80,]
[6,19,  ,35,  ,57,  ,  ,87,]

[8,  ,29,  ,41,50,  ,  ,88,]
[9,11,  ,38,  ,  ,62,73,  ,]
[ ,15,  ,39,49,  ,67,76,  ,]

[ ,10,  ,33,42,52,  ,  ,82,]
[3,  ,28,  ,  ,54,  ,70,90,]
[4,18,  ,34,  ,  ,69,79,  ,]

[ ,14,20,  ,40,53,  ,  ,83,]
[ ,  ,  ,32,43,56,61,  ,89,]
[1,  ,23,  ,48,  ,66,78,  ,]

[ ,17,24,  ,44,  ,60,  ,84,]
[ ,  ,26,30,46,59,  ,  ,86,]
[5,  ,27,37,  ,  ,64,77,  ,]

[ ,  ,23,38,  ,54,64,71,  ,]
[ ,13,27,  ,46,  ,67,  ,80,]
[1,14,  ,  ,  ,59,  ,74,81,]

[7,  ,22,  ,49,  ,69,73,  ,]
[ ,11,  ,30,  ,51,  ,77,83,]
[8,16,  ,31,  ,58,  ,  ,86,]

[2,  ,25,  ,41,50,  ,  ,87,]
[3,12,  ,32,  ,  ,60,76,  ,]
[ ,18,  ,39,47,  ,61,79,  ,]

[ ,10,  ,34,42,52,  ,  ,88,]
[4,  ,24,  ,  ,55,  ,70,89,]
[5,17,  ,36,  ,  ,65,78,  ,]

[ ,15,20,  ,40,53,  ,  ,85,]
[ ,  ,  ,33,45,57,63,  ,90,]
[6,  ,26,  ,48,  ,68,75,  ,]

[ ,19,21,  ,43,  ,62,  ,82,]
[ ,  ,28,35,44,56,  ,  ,84,]
[9,  ,29,37,  ,  ,66,72,  ,]

[ ,  ,21,30,  ,57,  ,71,87,]
[1,13,24,  ,  ,58,63,  ,  ,]
[ ,16,  ,  ,41,  ,66,78,88,]

[2,  ,23,  ,47,  ,67,73,  ,]
[ ,10,  ,33,  ,52,  ,76,81,]
[7,11,  ,38,  ,56,  ,  ,82,]

[6,  ,28,  ,48,54,  ,  ,89,]
[9,12,  ,32,  ,  ,65,75,  ,]
[ ,19,  ,39,49,  ,68,77,  ,]

[ ,15,  ,36,42,51,  ,  ,80,]
[4,  ,25,  ,  ,59,  ,70,84,]
[8,18,  ,37,  ,  ,64,79,  ,]

[ ,14,20,  ,43,53,  ,  ,83,]
[ ,  ,  ,35,44,55,60,  ,86,]
[5,  ,22,  ,45,  ,69,72,  ,]

[ ,17,26,  ,40,  ,61,  ,85,]
[ ,  ,27,31,46,50,  ,  ,90,]
[3,  ,29,34,  ,  ,62,74,  ,]

[ ,10,  ,35,  ,51,63,72,  ,]
[8,13,21,  ,  ,53,  ,  ,84,]
[ ,  ,25,  ,47,  ,66,74,89,]

[2,  ,22,  ,48,  ,68,75,  ,]
[ ,11,  ,31,  ,54,  ,77,82,]
[9,19,  ,32,  ,56,  ,  ,86,]

[1,  ,24,  ,41,57,  ,  ,85,]
[5,14,  ,34,  ,  ,61,78,  ,]
[ ,16,  ,37,49,  ,62,79,  ,]

[ ,12,  ,30,43,50,  ,  ,81,]
[3,  ,28,  ,  ,55,  ,71,90,]
[6,18,  ,39,  ,  ,64,76,  ,]

[ ,15,26,  ,40,58,  ,  ,80,]
[ ,  ,  ,38,42,59,67,  ,87,]
[7,  ,27,  ,44,  ,69,73,  ,]

[ ,17,20,  ,45,  ,60,  ,83,]
[ ,  ,23,33,46,52,  ,  ,88,]
[4,  ,29,36,  ,  ,65,70,  ,]

[ ,10,  ,37,  ,  ,60,71,81,]
[5,18,23,  ,  ,55,  ,  ,90,]
[ ,  ,27,  ,48,57,62,73,  ,]

[4,  ,26,  ,43,  ,61,74,  ,]
[ ,16,  ,32,  ,52,  ,76,82,]
[7,17,  ,33,  ,54,  ,  ,85,]

[6,  ,20,  ,44,56,  ,  ,88,]
[9,13,  ,30,  ,  ,67,70,  ,]
[ ,15,  ,36,47,  ,69,77,  ,]

[ ,11,  ,31,46,53,  ,  ,84,]
[1,  ,25,  ,  ,58,  ,72,86,]
[2,19,  ,39,  ,  ,65,78,  ,]

[ ,12,22,  ,40,50,  ,  ,80,]
[ ,  ,  ,38,41,59,63,  ,83,]
[8,  ,24,  ,45,  ,66,79,  ,]

[ ,14,21,  ,42,  ,64,  ,87,]
[ ,  ,28,34,49,51,  ,  ,89,]
[3,  ,29,35,  ,  ,68,75,  ,]

[5,  ,28,  ,  ,  ,65,74,83,]
[ ,16,29,  ,44,53,68,  ,  ,]
[ ,19,  ,35,  ,59,  ,76,84,]

[2,  ,22,  ,47,  ,61,72,  ,]
[ ,11,  ,32,  ,52,  ,77,81,]
[8,14,  ,36,  ,57,  ,  ,85,]

[6,  ,27,  ,40,56,  ,  ,86,]
[7,15,  ,30,  ,  ,62,70,  ,]
[ ,17,  ,38,43,  ,66,78,  ,]

[ ,13,  ,33,41,51,  ,  ,89,]
[3,  ,21,  ,  ,58,  ,73,90,]
[9,18,  ,34,  ,  ,67,75,  ,]

[ ,12,24,  ,42,54,  ,  ,80,]
[ ,  ,  ,37,45,55,63,  ,87,]
[4,  ,25,  ,48,  ,69,71,  ,]

[ ,10,20,  ,46,  ,60,  ,82,]
[ ,  ,23,31,49,50,  ,  ,88,]
[1,  ,26,39,  ,  ,64,79,  ,]

[ ,11,  ,  ,47,  ,63,70,85,]
[ ,19,23,35,  ,53,64,  ,  ,]
[1,  ,24,  ,  ,54,  ,77,90,]

[3,  ,29,  ,46,  ,62,73,  ,]
[ ,15,  ,33,  ,55,  ,74,81,]
[6,17,  ,39,  ,56,  ,  ,82,]

[5,  ,22,  ,41,50,  ,  ,83,]
[9,10,  ,36,  ,  ,60,72,  ,]
[ ,13,  ,38,48,  ,69,79,  ,]

[ ,14,  ,31,43,57,  ,  ,80,]
[7,  ,25,  ,  ,58,  ,71,84,]
[8,16,  ,37,  ,  ,67,76,  ,]

[ ,12,20,  ,42,51,  ,  ,86,]
[ ,  ,  ,32,44,52,65,  ,88,]
[2,  ,26,  ,49,  ,68,75,  ,]

[ ,18,21,  ,40,  ,61,  ,87,]
[ ,  ,27,30,45,59,  ,  ,89,]
[4,  ,28,34,  ,  ,66,78,  ,]

[ ,  ,21,32,  ,50,  ,74,81,]
[1,13,24,  ,  ,53,68,  ,  ,]
[ ,18,  ,  ,40,  ,69,75,83,]

[7,  ,22,  ,44,  ,62,71,  ,]
[ ,15,  ,34,  ,51,  ,72,82,]
[8,17,  ,38,  ,56,  ,  ,84,]

[2,  ,20,  ,46,57,  ,  ,87,]
[9,10,  ,31,  ,  ,60,77,  ,]
[ ,16,  ,37,47,  ,66,78,  ,]

[ ,12,  ,30,49,54,  ,  ,80,]
[3,  ,26,  ,  ,59,  ,73,90,]
[4,19,  ,39,  ,  ,64,76,  ,]

[ ,11,28,  ,41,52,  ,  ,86,]
[ ,  ,  ,35,42,55,61,  ,89,]
[6,  ,29,  ,43,  ,65,79,  ,]

[ ,14,23,  ,45,  ,63,  ,85,]
[ ,  ,25,33,48,58,  ,  ,88,]
[5,  ,27,36,  ,  ,67,70,  ,]

[8,  ,22,  ,  ,  ,63,74,83,]
[ ,12,28,  ,49,53,64,  ,  ,]
[ ,14,  ,39,  ,55,  ,75,89,]

[3,  ,23,  ,43,  ,69,70,  ,]
[ ,11,  ,30,  ,52,  ,71,80,]
[4,16,  ,31,  ,57,  ,  ,85,]

[1,  ,29,  ,44,59,  ,  ,90,]
[9,10,  ,35,  ,  ,66,72,  ,]
[ ,19,  ,37,47,  ,68,77,  ,]

[ ,15,  ,33,46,51,  ,  ,82,]
[5,  ,26,  ,  ,54,  ,76,88,]
[6,17,  ,34,  ,  ,67,78,  ,]

[ ,18,20,  ,40,50,  ,  ,81,]
[ ,  ,  ,32,45,58,60,  ,87,]
[2,  ,21,  ,48,  ,65,73,  ,]

[ ,13,24,  ,41,  ,61,  ,84,]
[ ,  ,25,36,42,56,  ,  ,86,]
[7,  ,27,38,  ,  ,62,79,  ,]

[ ,  ,27,  ,43,51,  ,72,88,]
[6,14,28,  ,  ,  ,60,  ,89,]
[ ,19,  ,30,  ,59,63,78,  ,]

[7,  ,21,  ,41,  ,64,70,  ,]
[ ,10,  ,36,  ,52,  ,75,82,]
[9,11,  ,39,  ,56,  ,  ,86,]

[2,  ,22,  ,44,50,  ,  ,80,]
[5,16,  ,32,  ,  ,67,76,  ,]
[ ,17,  ,33,48,  ,69,77,  ,]

[ ,12,  ,35,42,54,  ,  ,84,]
[1,  ,23,  ,  ,57,  ,71,87,]
[3,18,  ,37,  ,  ,66,74,  ,]

[ ,13,24,  ,45,53,  ,  ,81,]
[ ,  ,  ,31,47,58,61,  ,85,]
[8,  ,25,  ,49,  ,65,73,  ,]

[ ,15,20,  ,40,  ,62,  ,83,]
[ ,  ,26,34,46,55,  ,  ,90,]
[4,  ,29,38,  ,  ,68,79,  ,]

[ ,  ,20,  ,46,50,  ,72,88,]
[ ,18,22,31,  ,  ,60,  ,89,]
[4,19,  ,  ,  ,59,69,79,  ,]

[2,  ,27,  ,40,  ,68,70,  ,]
[ ,11,  ,30,  ,51,  ,73,80,]
[8,13,  ,37,  ,57,  ,  ,87,]

[7,  ,21,  ,42,56,  ,  ,82,]
[9,12,  ,38,  ,  ,62,71,  ,]
[ ,15,  ,39,49,  ,67,77,  ,]

[ ,10,  ,33,45,52,  ,  ,81,]
[3,  ,28,  ,  ,53,  ,76,90,]
[6,17,  ,35,  ,  ,64,78,  ,]

[ ,16,23,  ,41,55,  ,  ,84,]
[ ,  ,  ,34,43,58,63,  ,85,]
[1,  ,25,  ,47,  ,66,74,  ,]

[ ,14,24,  ,44,  ,61,  ,83,]
[ ,  ,26,32,48,54,  ,  ,86,]
[5,  ,29,36,  ,  ,65,75,  ,]

[ ,14,  ,  ,41,  ,63,72,80,]
[ ,19,20,34,  ,55,65,  ,  ,]
[2,  ,24,  ,  ,58,  ,74,90,]

[3,  ,28,  ,48,  ,68,70,  ,]
[ ,15,  ,33,  ,51,  ,71,81,]
[9,17,  ,38,  ,56,  ,  ,86,]

[5,  ,23,  ,44,57,  ,  ,84,]
[8,16,  ,30,  ,  ,66,73,  ,]
[ ,18,  ,31,47,  ,67,78,  ,]

[ ,12,  ,32,40,50,  ,  ,83,]
[6,  ,21,  ,  ,52,  ,75,88,]
[7,13,  ,36,  ,  ,61,79,  ,]

[ ,10,25,  ,42,54,  ,  ,85,]
[ ,  ,  ,37,45,59,62,  ,89,]
[4,  ,27,  ,49,  ,64,76,  ,]

[ ,11,22,  ,43,  ,60,  ,82,]
[ ,  ,26,35,46,53,  ,  ,87,]
[1,  ,29,39,  ,  ,69,77,  ,]

[ ,17,  ,34,  ,56,63,75,  ,]
[8,19,24,  ,  ,58,  ,  ,80,]
[ ,  ,26,  ,46,  ,68,76,86,]

[5,  ,29,  ,43,  ,65,71,  ,]
[ ,13,  ,30,  ,57,  ,73,82,]
[9,14,  ,38,  ,59,  ,  ,85,]

[2,  ,21,  ,41,53,  ,  ,83,]
[6,10,  ,31,  ,  ,62,72,  ,]
[ ,16,  ,37,49,  ,66,77,  ,]

[ ,12,  ,36,42,52,  ,  ,84,]
[4,  ,22,  ,  ,55,  ,70,87,]
[7,15,  ,39,  ,  ,64,78,  ,]

[ ,18,20,  ,40,50,  ,  ,81,]
[ ,  ,  ,32,45,51,60,  ,88,]
[1,  ,23,  ,48,  ,67,79,  ,]

[ ,11,25,  ,44,  ,61,  ,89,]
[ ,  ,27,33,47,54,  ,  ,90,]
[3,  ,28,35,  ,  ,69,74,  ,]

[ ,15,  ,39,  ,  ,60,72,84,]
[8,17,21,  ,  ,52,65,  ,  ,]
[ ,  ,29,  ,44,55,  ,79,89,]

[1,  ,25,  ,49,  ,64,74,  ,]
[ ,14,  ,31,  ,51,  ,76,80,]
[9,19,  ,38,  ,58,  ,  ,90,]

[2,  ,24,  ,40,57,  ,  ,88,]
[7,10,  ,35,  ,  ,63,70,  ,]
[ ,12,  ,36,48,  ,69,78,  ,]

[ ,13,  ,32,47,50,  ,  ,85,]
[3,  ,20,  ,  ,59,  ,71,87,]
[4,16,  ,34,  ,  ,61,73,  ,]

[ ,18,22,  ,42,54,  ,  ,82,]
[ ,  ,  ,37,43,56,62,  ,86,]
[6,  ,23,  ,45,  ,67,77,  ,]

[ ,11,26,  ,41,  ,66,  ,81,]
[ ,  ,27,30,46,53,  ,  ,83,]
[5,  ,28,33,  ,  ,68,75,  ,]

[4,10,  ,  ,  ,52,60,72,  ,]
[ ,17,21,37,  ,  ,68,  ,86,]
[ ,  ,22,  ,49,56,  ,77,87,]

[3,  ,26,  ,48,  ,63,76,  ,]
[ ,15,  ,34,  ,50,  ,78,81,]
[8,19,  ,35,  ,53,  ,  ,82,]

[2,  ,20,  ,41,51,  ,  ,90,]
[9,11,  ,32,  ,  ,62,74,  ,]
[ ,18,  ,33,43,  ,69,75,  ,]

[ ,12,  ,30,47,58,  ,  ,88,]
[1,  ,25,  ,  ,59,  ,70,89,]
[5,13,  ,36,  ,  ,61,73,  ,]

[ ,14,23,  ,40,54,  ,  ,80,]
[ ,  ,  ,31,42,55,65,  ,83,]
[7,  ,27,  ,46,  ,67,79,  ,]

[ ,16,24,  ,44,  ,64,  ,84,]
[ ,  ,28,38,45,57,  ,  ,85,]
[6,  ,29,39,  ,  ,66,71,  ,]

[ ,11,  ,  ,46,  ,65,73,81,]
[9,16,21,  ,  ,53,68,  ,  ,]
[ ,  ,25,31,  ,58,  ,79,90,]

[2,  ,29,  ,49,  ,63,76,  ,]
[ ,12,  ,33,  ,50,  ,77,85,]
[7,17,  ,35,  ,56,  ,  ,89,]

[4,  ,28,  ,42,51,  ,  ,88,]
[8,15,  ,30,  ,  ,64,71,  ,]
[ ,19,  ,32,47,  ,66,74,  ,]

[ ,13,  ,38,41,55,  ,  ,86,]
[3,  ,24,  ,  ,59,  ,72,87,]
[6,14,  ,39,  ,  ,61,75,  ,]

[ ,18,23,  ,40,52,  ,  ,82,]
[ ,  ,  ,36,43,54,60,  ,83,]
[5,  ,26,  ,44,  ,67,78,  ,]

[ ,10,20,  ,45,  ,62,  ,80,]
[ ,  ,22,34,48,57,  ,  ,84,]
[1,  ,27,37,  ,  ,69,70,  ,]

[ ,  ,21,  ,41,51,65,70,  ,]
[ ,16,28,35,  ,57,  ,  ,82,]
[1,19,  ,  ,  ,  ,67,74,84,]

[6,  ,23,  ,49,  ,66,71,  ,]
[ ,10,  ,32,  ,50,  ,75,80,]
[7,17,  ,38,  ,59,  ,  ,85,]

[2,  ,29,  ,42,55,  ,  ,83,]
[3,11,  ,31,  ,  ,62,73,  ,]
[ ,14,  ,39,48,  ,69,79,  ,]

[ ,12,  ,36,43,52,  ,  ,86,]
[4,  ,24,  ,  ,54,  ,76,88,]
[8,18,  ,37,  ,  ,64,78,  ,]

[ ,15,22,  ,44,53,  ,  ,81,]
[ ,  ,  ,33,46,58,60,  ,89,]
[5,  ,27,  ,47,  ,61,77,  ,]

[ ,13,20,  ,40,  ,63,  ,87,]
[ ,  ,25,30,45,56,  ,  ,90,]
[9,  ,26,34,  ,  ,68,72,  ,]

[5,  ,21,  ,  ,58,60,73,  ,]
[ ,15,25,34,  ,  ,65,  ,88,]
[ ,16,  ,  ,46,59,  ,78,90,]

[4,  ,28,  ,47,  ,69,70,  ,]
[ ,11,  ,36,  ,50,  ,77,80,]
[7,12,  ,38,  ,51,  ,  ,87,]

[2,  ,20,  ,40,52,  ,  ,82,]
[3,14,  ,30,  ,  ,62,71,  ,]
[ ,19,  ,32,48,  ,63,75,  ,]

[ ,17,  ,33,41,55,  ,  ,81,]
[1,  ,23,  ,  ,57,  ,72,86,]
[8,18,  ,37,  ,  ,66,79,  ,]

[ ,10,22,  ,42,53,  ,  ,83,]
[ ,  ,  ,31,43,56,64,  ,85,]
[9,  ,26,  ,44,  ,67,76,  ,]

[ ,13,24,  ,45,  ,61,  ,84,]
[ ,  ,27,35,49,54,  ,  ,89,]
[6,  ,29,39,  ,  ,68,74,  ,]

[3,  ,21,  ,  ,  ,65,70,83,]
[ ,13,26,33,  ,54,69,  ,  ,]
[ ,18,  ,  ,40,58,  ,75,89,]

[4,  ,22,  ,49,  ,61,72,  ,]
[ ,11,  ,32,  ,52,  ,77,81,]
[8,17,  ,39,  ,53,  ,  ,90,]

[5,  ,27,  ,44,51,  ,  ,87,]
[6,14,  ,34,  ,  ,64,71,  ,]
[ ,19,  ,36,47,  ,66,78,  ,]

[ ,10,  ,35,48,56,  ,  ,84,]
[1,  ,20,  ,  ,57,  ,74,86,]
[2,12,  ,37,  ,  ,68,79,  ,]

[ ,15,23,  ,43,50,  ,  ,80,]
[ ,  ,  ,31,45,59,63,  ,85,]
[7,  ,29,  ,46,  ,67,76,  ,]

[ ,16,24,  ,41,  ,60,  ,82,]
[ ,  ,25,30,42,55,  ,  ,88,]
[9,  ,28,38,  ,  ,62,73,  ,]

[3,  ,23,  ,  ,50,  ,72,82,]
[ ,13,27,  ,45,  ,64,  ,83,]
[ ,17,  ,32,  ,55,65,79,  ,]

[4,  ,21,  ,41,  ,62,75,  ,]
[ ,10,  ,33,  ,57,  ,77,84,]
[7,16,  ,35,  ,59,  ,  ,88,]

[2,  ,24,  ,40,54,  ,  ,86,]
[8,11,  ,36,  ,  ,67,74,  ,]
[ ,19,  ,37,46,  ,68,78,  ,]

[ ,12,  ,31,47,51,  ,  ,80,]
[1,  ,20,  ,  ,53,  ,73,90,]
[6,15,  ,38,  ,  ,63,76,  ,]

[ ,14,25,  ,42,52,  ,  ,85,]
[ ,  ,  ,39,43,58,60,  ,87,]
[9,  ,29,  ,49,  ,69,70,  ,]

[ ,18,22,  ,44,  ,61,  ,81,]
[ ,  ,26,30,48,56,  ,  ,89,]
[5,  ,28,34,  ,  ,66,71,  ,]

[ ,  ,20,36,  ,51,  ,78,81,]
[ ,16,28,  ,47,53,61,  ,  ,]
[2,18,  ,  ,  ,  ,69,79,84,]

[1,  ,26,  ,49,  ,62,72,  ,]
[ ,10,  ,32,  ,50,  ,77,82,]
[9,11,  ,35,  ,58,  ,  ,88,]

[6,  ,29,  ,40,59,  ,  ,80,]
[8,13,  ,33,  ,  ,65,73,  ,]
[ ,14,  ,38,46,  ,66,76,  ,]

[ ,12,  ,37,43,52,  ,  ,87,]
[3,  ,27,  ,  ,54,  ,71,90,]
[7,15,  ,39,  ,  ,63,74,  ,]

[ ,17,22,  ,42,55,  ,  ,85,]
[ ,  ,  ,30,45,56,60,  ,86,]
[4,  ,25,  ,48,  ,67,70,  ,]

[ ,19,21,  ,41,  ,64,  ,83,]
[ ,  ,23,31,44,57,  ,  ,89,]
[5,  ,24,34,  ,  ,68,75,  ,]

[8,  ,22,  ,  ,  ,62,78,81,]
[ ,12,29,  ,45,55,  ,  ,87,]
[ ,19,  ,39,  ,56,64,79,  ,]

[4,  ,21,  ,40,  ,67,71,  ,]
[ ,14,  ,36,  ,51,  ,75,80,]
[9,18,  ,37,  ,53,  ,  ,90,]

[2,  ,24,  ,46,52,  ,  ,82,]
[7,11,  ,31,  ,  ,60,76,  ,]
[ ,16,  ,34,47,  ,68,77,  ,]

[ ,10,  ,32,41,50,  ,  ,85,]
[1,  ,23,  ,  ,59,  ,70,89,]
[5,13,  ,35,  ,  ,66,73,  ,]

[ ,17,20,  ,42,54,  ,  ,83,]
[ ,  ,  ,30,44,58,61,  ,88,]
[6,  ,26,  ,49,  ,63,72,  ,]

[ ,15,25,  ,43,  ,65,  ,84,]
[ ,  ,27,33,48,57,  ,  ,86,]
[3,  ,28,38,  ,  ,69,74,  ,]

[ ,  ,22,  ,48,53,62,73,  ,]
[ ,10,29,39,  ,59,  ,  ,80,]
[2,16,  ,  ,  ,  ,65,75,87,]

[5,  ,27,  ,46,  ,64,70,  ,]
[ ,13,  ,31,  ,56,  ,72,89,]
[9,19,  ,38,  ,57,  ,  ,90,]

[4,  ,23,  ,40,58,  ,  ,83,]
[6,17,  ,34,  ,  ,63,77,  ,]
[ ,18,  ,36,45,  ,66,78,  ,]

[ ,11,  ,33,43,51,  ,  ,82,]
[3,  ,21,  ,  ,55,  ,74,85,]
[8,15,  ,37,  ,  ,67,79,  ,]

[ ,12,25,  ,41,50,  ,  ,81,]
[ ,  ,  ,32,44,54,60,  ,84,]
[1,  ,26,  ,49,  ,69,71,  ,]

[ ,14,20,  ,42,  ,61,  ,86,]
[ ,  ,24,30,47,52,  ,  ,88,]
[7,  ,28,35,  ,  ,68,76,  ,]

[ ,  ,23,34,  ,51,  ,70,80,]
[8,11,25,  ,  ,53,64,  ,  ,]
[ ,16,  ,  ,40,  ,69,78,84,]

[2,  ,24,  ,43,  ,68,73,  ,]
[ ,12,  ,36,  ,55,  ,75,81,]
[3,14,  ,39,  ,59,  ,  ,90,]

[5,  ,28,  ,45,58,  ,  ,89,]
[6,13,  ,30,  ,  ,60,71,  ,]
[ ,19,  ,35,48,  ,62,74,  ,]

[ ,10,  ,31,41,50,  ,  ,86,]
[1,  ,21,  ,  ,54,  ,72,88,]
[4,17,  ,38,  ,  ,61,79,  ,]

[ ,18,27,  ,44,52,  ,  ,82,]
[ ,  ,  ,33,47,57,63,  ,83,]
[9,  ,29,  ,49,  ,66,76,  ,]

[ ,15,20,  ,42,  ,65,  ,85,]
[ ,  ,22,32,46,56,  ,  ,87,]
[7,  ,26,37,  ,  ,67,77,  ,]

[ ,15,  ,35,  ,51,  ,73,84,]
[2,17,22,  ,  ,52,63,  ,  ,]
[ ,  ,24,  ,45,  ,68,77,89,]

[5,  ,29,  ,43,  ,64,76,  ,]
[ ,13,  ,30,  ,53,  ,78,80,]
[6,18,  ,31,  ,54,  ,  ,85,]

[1,  ,21,  ,40,56,  ,  ,90,]
[4,16,  ,33,  ,  ,60,71,  ,]
[ ,19,  ,37,44,  ,62,74,  ,]

[ ,10,  ,34,49,55,  ,  ,83,]
[3,  ,25,  ,  ,57,  ,70,86,]
[9,11,  ,36,  ,  ,66,75,  ,]

[ ,12,23,  ,41,50,  ,  ,81,]
[ ,  ,  ,38,42,59,65,  ,88,]
[7,  ,26,  ,47,  ,69,72,  ,]

[ ,14,20,  ,46,  ,61,  ,82,]
[ ,  ,27,32,48,58,  ,  ,87,]
[8,  ,28,39,  ,  ,67,79,  ,]

[9,11,  ,  ,  ,50,63,72,  ,]
[ ,15,22,31,  ,53,  ,  ,80,]
[ ,  ,23,  ,42,  ,69,77,88,]

[4,  ,29,  ,49,  ,64,71,  ,]
[ ,17,  ,30,  ,54,  ,74,83,]
[6,18,  ,32,  ,58,  ,  ,87,]

[1,  ,27,  ,43,52,  ,  ,89,]
[5,14,  ,34,  ,  ,60,76,  ,]
[ ,16,  ,39,46,  ,62,79,  ,]

[ ,13,  ,35,48,55,  ,  ,85,]
[2,  ,25,  ,  ,56,  ,70,86,]
[3,19,  ,37,  ,  ,68,75,  ,]

[ ,12,20,  ,40,51,  ,  ,81,]
[ ,  ,  ,36,41,59,65,  ,82,]
[7,  ,24,  ,47,  ,66,73,  ,]

[ ,10,21,  ,44,  ,61,  ,84,]
[ ,  ,26,33,45,57,  ,  ,90,]
[8,  ,28,38,  ,  ,67,78,  ,]

[ ,  ,22,36,  ,58,67,71,  ,]
[4,12,28,  ,  ,  ,69,  ,80,]
[ ,15,  ,  ,47,59,  ,78,85,]

[1,  ,24,  ,43,  ,60,70,  ,]
[ ,10,  ,30,  ,53,  ,79,81,]
[9,18,  ,37,  ,55,  ,  ,84,]

[3,  ,29,  ,45,57,  ,  ,88,]
[5,13,  ,38,  ,  ,63,72,  ,]
[ ,16,  ,39,48,  ,68,73,  ,]

[ ,14,  ,33,42,51,  ,  ,83,]
[2,  ,21,  ,  ,54,  ,76,90,]
[6,17,  ,35,  ,  ,65,77,  ,]

[ ,19,26,  ,40,52,  ,  ,82,]
[ ,  ,  ,31,41,56,61,  ,87,]
[7,  ,27,  ,49,  ,64,74,  ,]

[ ,11,20,  ,44,  ,62,  ,86,]
[ ,  ,23,32,46,50,  ,  ,89,]
[8,  ,25,34,  ,  ,66,75,  ,]

[5,  ,24,  ,  ,52,60,73,  ,]
[ ,10,29,  ,46,54,  ,  ,81,]
[ ,14,  ,31,  ,  ,66,77,87,]

[1,  ,25,  ,49,  ,61,70,  ,]
[ ,16,  ,33,  ,57,  ,78,83,]
[4,19,  ,39,  ,58,  ,  ,85,]

[2,  ,22,  ,42,53,  ,  ,90,]
[3,13,  ,32,  ,  ,68,71,  ,]
[ ,15,  ,34,47,  ,69,75,  ,]

[ ,11,  ,36,48,51,  ,  ,82,]
[6,  ,20,  ,  ,59,  ,72,88,]
[9,17,  ,37,  ,  ,67,76,  ,]

[ ,18,21,  ,40,55,  ,  ,84,]
[ ,  ,  ,35,43,56,63,  ,89,]
[8,  ,23,  ,45,  ,64,79,  ,]

[ ,12,26,  ,41,  ,62,  ,80,]
[ ,  ,27,30,44,50,  ,  ,86,]
[7,  ,28,38,  ,  ,65,74,  ,]

[ ,  ,22,38,  ,54,63,71,  ,]
[ ,12,26,  ,46,56,  ,  ,83,]
[3,17,  ,  ,  ,  ,65,76,84,]

[6,  ,23,  ,41,  ,66,75,  ,]
[ ,10,  ,30,  ,50,  ,79,85,]
[8,11,  ,32,  ,58,  ,  ,90,]

[4,  ,25,  ,42,51,  ,  ,82,]
[7,16,  ,33,  ,  ,67,70,  ,]
[ ,18,  ,37,47,  ,69,74,  ,]

[ ,13,  ,31,48,53,  ,  ,80,]
[1,  ,20,  ,  ,57,  ,72,87,]
[2,15,  ,39,  ,  ,64,77,  ,]

[ ,19,24,  ,40,52,  ,  ,86,]
[ ,  ,  ,36,45,55,60,  ,88,]
[5,  ,28,  ,49,  ,68,73,  ,]

[ ,14,21,  ,43,  ,61,  ,81,]
[ ,  ,27,34,44,59,  ,  ,89,]
[9,  ,29,35,  ,  ,62,78,  ,]

[ ,  ,27,35,  ,  ,61,71,82,]
[7,18,29,  ,  ,55,  ,  ,88,]
[ ,19,  ,  ,45,57,64,75,  ,]

[2,  ,21,  ,44,  ,60,74,  ,]
[ ,14,  ,31,  ,50,  ,77,83,]
[9,17,  ,36,  ,51,  ,  ,86,]

[5,  ,28,  ,41,54,  ,  ,85,]
[6,11,  ,32,  ,  ,62,73,  ,]
[ ,16,  ,34,43,  ,66,78,  ,]

[ ,12,  ,37,49,53,  ,  ,80,]
[1,  ,24,  ,  ,58,  ,70,81,]
[4,13,  ,38,  ,  ,63,76,  ,]

[ ,15,23,  ,40,52,  ,  ,87,]
[ ,  ,  ,33,42,59,65,  ,89,]
[3,  ,26,  ,47,  ,69,72,  ,]

[ ,10,20,  ,46,  ,67,  ,84,]
[ ,  ,22,30,48,56,  ,  ,90,]
[8,  ,25,39,  ,  ,68,79,  ,]

[5,  ,27,  ,  ,55,  ,72,81,]
[ ,13,28,  ,40,56,62,  ,  ,]
[ ,19,  ,31,  ,  ,64,78,86,]

[3,  ,21,  ,47,  ,61,70,  ,]
[ ,11,  ,30,  ,54,  ,71,82,]
[4,16,  ,37,  ,59,  ,  ,88,]

[2,  ,20,  ,43,50,  ,  ,83,]
[7,15,  ,34,  ,  ,65,73,  ,]
[ ,18,  ,39,49,  ,66,79,  ,]

[ ,14,  ,32,42,52,  ,  ,87,]
[1,  ,26,  ,  ,58,  ,74,90,]
[9,17,  ,36,  ,  ,60,77,  ,]

[ ,12,24,  ,41,53,  ,  ,85,]
[ ,  ,  ,35,44,57,63,  ,89,]
[6,  ,25,  ,45,  ,69,76,  ,]

[ ,10,22,  ,46,  ,67,  ,80,]
[ ,  ,23,33,48,51,  ,  ,84,]
[8,  ,29,38,  ,  ,68,75,  ,]

[ ,  ,21,39,  ,54,  ,71,83,]
[ ,14,29,  ,48,  ,68,  ,87,]
[6,16,  ,  ,  ,55,69,77,  ,]

[5,  ,24,  ,49,  ,67,72,  ,]
[ ,10,  ,32,  ,52,  ,78,84,]
[9,15,  ,37,  ,59,  ,  ,90,]

[3,  ,28,  ,40,57,  ,  ,85,]
[7,13,  ,30,  ,  ,65,70,  ,]
[ ,17,  ,33,43,  ,66,73,  ,]

[ ,12,  ,34,42,51,  ,  ,86,]
[1,  ,22,  ,  ,53,  ,74,89,]
[4,19,  ,35,  ,  ,64,76,  ,]

[ ,11,23,  ,41,50,  ,  ,80,]
[ ,  ,  ,31,44,58,61,  ,81,]
[2,  ,25,  ,46,  ,62,79,  ,]

[ ,18,20,  ,45,  ,60,  ,82,]
[ ,  ,26,36,47,56,  ,  ,88,]
[8,  ,27,38,  ,  ,63,75,  ,]

[ ,  ,23,38,  ,  ,66,73,80,]
[ ,16,26,  ,47,53,67,  ,  ,]
[9,17,  ,  ,  ,55,  ,79,87,]

[4,  ,21,  ,45,  ,62,70,  ,]
[ ,12,  ,33,  ,52,  ,72,81,]
[6,15,  ,35,  ,57,  ,  ,86,]

[1,  ,27,  ,42,58,  ,  ,89,]
[3,11,  ,34,  ,  ,64,71,  ,]
[ ,13,  ,37,46,  ,65,78,  ,]

[ ,14,  ,30,41,51,  ,  ,83,]
[2,  ,28,  ,  ,54,  ,75,84,]
[5,18,  ,36,  ,  ,63,77,  ,]

[ ,10,20,  ,40,56,  ,  ,85,]
[ ,  ,  ,39,48,59,61,  ,88,]
[7,  ,24,  ,49,  ,69,74,  ,]

[ ,19,22,  ,43,  ,60,  ,82,]
[ ,  ,25,31,44,50,  ,  ,90,]
[8,  ,29,32,  ,  ,68,76,  ,]

[7,12,  ,  ,  ,51,  ,76,80,]
[ ,17,22,34,  ,58,60,  ,  ,]
[ ,  ,28,  ,43,  ,63,79,86,]

[2,  ,29,  ,49,  ,62,70,  ,]
[ ,11,  ,35,  ,54,  ,77,83,]
[4,15,  ,37,  ,55,  ,  ,88,]

[1,  ,25,  ,45,59,  ,  ,89,]
[5,18,  ,32,  ,  ,67,71,  ,]
[ ,19,  ,33,48,  ,69,72,  ,]

[ ,10,  ,38,46,50,  ,  ,84,]
[6,  ,26,  ,  ,52,  ,75,87,]
[8,16,  ,39,  ,  ,68,78,  ,]

[ ,13,21,  ,41,53,  ,  ,81,]
[ ,  ,  ,36,44,57,61,  ,90,]
[9,  ,23,  ,47,  ,65,74,  ,]

[ ,14,20,  ,40,  ,64,  ,82,]
[ ,  ,24,30,42,56,  ,  ,85,]
[3,  ,27,31,  ,  ,66,73,  ,]

[ ,  ,22,38,  ,  ,67,78,86,]
[ ,10,26,  ,46,50,68,  ,  ,]
[6,14,  ,  ,  ,51,  ,79,88,]

[2,  ,23,  ,47,  ,64,73,  ,]
[ ,12,  ,30,  ,54,  ,76,84,]
[8,16,  ,39,  ,59,  ,  ,85,]

[5,  ,24,  ,43,55,  ,  ,89,]
[9,11,  ,32,  ,  ,62,71,  ,]
[ ,18,  ,36,45,  ,63,74,  ,]

[ ,13,  ,31,44,57,  ,  ,83,]
[1,  ,25,  ,  ,58,  ,75,90,]
[7,19,  ,37,  ,  ,65,77,  ,]

[ ,17,20,  ,41,52,  ,  ,80,]
[ ,  ,  ,33,48,53,61,  ,82,]
[4,  ,21,  ,49,  ,66,70,  ,]

[ ,15,27,  ,40,  ,60,  ,81,]
[ ,  ,28,34,42,56,  ,  ,87,]
[3,  ,29,35,  ,  ,69,72,  ,]

[ ,  ,24,35,  ,  ,60,73,86,]
[ ,10,28,  ,44,53,68,  ,  ,]
[8,19,  ,  ,  ,59,  ,75,90,]

[1,  ,29,  ,46,  ,67,70,  ,]
[ ,11,  ,34,  ,55,  ,76,85,]
[4,17,  ,38,  ,57,  ,  ,88,]

[2,  ,25,  ,41,51,  ,  ,87,]
[3,12,  ,31,  ,  ,64,77,  ,]
[ ,16,  ,33,42,  ,66,79,  ,]

[ ,14,  ,30,48,50,  ,  ,80,]
[5,  ,26,  ,  ,54,  ,71,81,]
[6,18,  ,32,  ,  ,69,78,  ,]

[ ,15,20,  ,40,52,  ,  ,82,]
[ ,  ,  ,39,45,58,61,  ,84,]
[7,  ,27,  ,47,  ,62,74,  ,]

[ ,13,21,  ,43,  ,63,  ,83,]
[ ,  ,22,36,49,56,  ,  ,89,]
[9,  ,23,37,  ,  ,65,72,  ,]

[ ,  ,27,  ,40,50,  ,78,81,]
[1,13,28,  ,  ,57,66,  ,  ,]
[ ,18,  ,39,  ,  ,68,79,89,]

[6,  ,29,  ,48,  ,65,70,  ,]
[ ,15,  ,30,  ,51,  ,75,83,]
[8,16,  ,38,  ,52,  ,  ,85,]

[4,  ,23,  ,47,58,  ,  ,88,]
[9,12,  ,33,  ,  ,63,72,  ,]
[ ,14,  ,37,49,  ,69,73,  ,]

[ ,10,  ,32,43,54,  ,  ,86,]
[5,  ,24,  ,  ,59,  ,74,87,]
[7,17,  ,36,  ,  ,67,77,  ,]

[ ,19,22,  ,41,53,  ,  ,80,]
[ ,  ,  ,34,45,56,60,  ,82,]
[3,  ,25,  ,46,  ,64,71,  ,]

[ ,11,20,  ,42,  ,61,  ,84,]
[ ,  ,21,31,44,55,  ,  ,90,]
[2,  ,26,35,  ,  ,62,76,  ,]

[4,11,  ,  ,  ,  ,67,70,82,]
[ ,18,20,31,  ,50,68,  ,  ,]
[ ,  ,29,  ,46,56,  ,75,84,]

[1,  ,28,  ,44,  ,69,72,  ,]
[ ,13,  ,30,  ,51,  ,74,80,]
[8,14,  ,37,  ,58,  ,  ,89,]

[5,  ,27,  ,40,55,  ,  ,87,]
[9,16,  ,36,  ,  ,61,73,  ,]
[ ,17,  ,38,42,  ,63,76,  ,]

[ ,12,  ,35,48,54,  ,  ,81,]
[2,  ,25,  ,  ,59,  ,78,88,]
[3,19,  ,39,  ,  ,66,79,  ,]

[ ,15,21,  ,41,52,  ,  ,83,]
[ ,  ,  ,32,43,57,60,  ,85,]
[6,  ,24,  ,49,  ,62,71,  ,]

[ ,10,22,  ,45,  ,64,  ,86,]
[ ,  ,23,33,47,53,  ,  ,90,]
[7,  ,26,34,  ,  ,65,77,  ,]

[ ,  ,21,30,  ,55,61,72,  ,]
[7,14,29,  ,  ,58,  ,  ,84,]
[ ,15,  ,  ,49,  ,69,73,90,]

[4,  ,24,  ,40,  ,62,70,  ,]
[ ,12,  ,32,  ,56,  ,75,83,]
[8,19,  ,35,  ,57,  ,  ,85,]

[2,  ,28,  ,41,59,  ,  ,88,]
[3,10,  ,36,  ,  ,67,76,  ,]
[ ,17,  ,38,44,  ,68,79,  ,]

[ ,11,  ,34,47,51,  ,  ,80,]
[6,  ,26,  ,  ,53,  ,74,81,]
[9,16,  ,37,  ,  ,65,78,  ,]

[ ,13,20,  ,42,50,  ,  ,86,]
[ ,  ,  ,31,43,52,63,  ,89,]
[5,  ,25,  ,48,  ,66,77,  ,]

[ ,18,22,  ,45,  ,60,  ,82,]
[ ,  ,23,33,46,54,  ,  ,87,]
[1,  ,27,39,  ,  ,64,71,  ,]

[ ,  ,28,38,  ,51,62,70,  ,]
[ ,12,29,  ,48,57,  ,  ,81,]
[4,18,  ,  ,  ,  ,64,75,84,]

[5,  ,23,  ,44,  ,63,71,  ,]
[ ,13,  ,37,  ,56,  ,76,86,]
[9,17,  ,39,  ,59,  ,  ,90,]

[1,  ,27,  ,41,53,  ,  ,87,]
[6,14,  ,33,  ,  ,66,72,  ,]
[ ,15,  ,36,46,  ,68,79,  ,]

[ ,11,  ,30,47,52,  ,  ,80,]
[7,  ,20,  ,  ,54,  ,74,89,]
[8,16,  ,34,  ,  ,61,77,  ,]

[ ,10,22,  ,40,50,  ,  ,82,]
[ ,  ,  ,32,42,58,60,  ,83,]
[3,  ,24,  ,49,  ,67,78,  ,]

[ ,19,21,  ,43,  ,65,  ,85,]
[ ,  ,25,31,45,55,  ,  ,88,]
[2,  ,26,35,  ,  ,69,73,  ,]

[5,13,  ,  ,  ,56,64,73,  ,]
[ ,19,20,  ,46,57,  ,  ,84,]
[ ,  ,29,32,  ,  ,67,74,86,]

[3,  ,22,  ,49,  ,65,70,  ,]
[ ,10,  ,30,  ,50,  ,79,80,]
[7,17,  ,37,  ,52,  ,  ,83,]

[2,  ,21,  ,40,53,  ,  ,87,]
[6,12,  ,31,  ,  ,63,71,  ,]
[ ,18,  ,36,42,  ,68,78,  ,]

[ ,14,  ,33,48,54,  ,  ,85,]
[1,  ,25,  ,  ,58,  ,76,90,]
[4,15,  ,39,  ,  ,66,77,  ,]

[ ,11,26,  ,43,55,  ,  ,88,]
[ ,  ,  ,38,45,59,62,  ,89,]
[9,  ,28,  ,47,  ,69,72,  ,]

[ ,16,23,  ,41,  ,60,  ,81,]
[ ,  ,24,34,44,51,  ,  ,82,]
[8,  ,27,35,  ,  ,61,75,  ,]

[ ,11,  ,34,  ,51,  ,72,81,]
[ ,18,28,  ,43,52,62,  ,  ,]
[6,  ,29,  ,  ,  ,66,76,84,]

[1,  ,27,  ,49,  ,68,70,  ,]
[ ,10,  ,33,  ,50,  ,75,85,]
[4,16,  ,35,  ,56,  ,  ,88,]

[3,  ,23,  ,42,53,  ,  ,80,]
[5,14,  ,31,  ,  ,60,71,  ,]
[ ,19,  ,32,44,  ,65,79,  ,]

[ ,13,  ,36,47,54,  ,  ,87,]
[2,  ,26,  ,  ,59,  ,74,89,]
[7,17,  ,39,  ,  ,63,77,  ,]

[ ,15,21,  ,40,55,  ,  ,83,]
[ ,  ,  ,37,45,58,61,  ,86,]
[9,  ,25,  ,46,  ,64,73,  ,]

[ ,12,20,  ,41,  ,67,  ,82,]
[ ,  ,22,30,48,57,  ,  ,90,]
[8,  ,24,38,  ,  ,69,78,  ,]

[3,11,  ,  ,  ,56,  ,70,82,]
[ ,17,22,34,  ,57,62,  ,  ,]
[ ,  ,24,  ,41,  ,64,73,88,]

[2,  ,23,  ,43,  ,65,74,  ,]
[ ,18,  ,30,  ,54,  ,79,83,]
[4,19,  ,39,  ,55,  ,  ,84,]

[7,  ,27,  ,42,50,  ,  ,85,]
[9,14,  ,33,  ,  ,60,71,  ,]
[ ,16,  ,38,45,  ,63,75,  ,]

[ ,10,  ,35,48,51,  ,  ,81,]
[6,  ,29,  ,  ,59,  ,72,90,]
[8,15,  ,37,  ,  ,66,77,  ,]

[ ,13,25,  ,40,53,  ,  ,80,]
[ ,  ,  ,36,44,58,61,  ,89,]
[1,  ,28,  ,46,  ,69,78,  ,]

[ ,12,20,  ,47,  ,67,  ,86,]
[ ,  ,21,31,49,52,  ,  ,87,]
[5,  ,26,32,  ,  ,68,76,  ,]

[6,  ,20,  ,  ,  ,67,70,81,]
[ ,11,28,  ,42,53,68,  ,  ,]
[ ,12,  ,36,  ,58,  ,71,84,]

[2,  ,25,  ,45,  ,61,75,  ,]
[ ,10,  ,30,  ,50,  ,79,87,]
[8,13,  ,34,  ,51,  ,  ,90,]

[3,  ,24,  ,43,52,  ,  ,89,]
[4,16,  ,31,  ,  ,62,72,  ,]
[ ,19,  ,32,44,  ,69,76,  ,]

[ ,14,  ,37,40,55,  ,  ,82,]
[5,  ,29,  ,  ,56,  ,74,85,]
[7,15,  ,38,  ,  ,63,78,  ,]

[ ,18,22,  ,41,54,  ,  ,83,]
[ ,  ,  ,39,46,57,64,  ,86,]
[1,  ,23,  ,48,  ,66,73,  ,]

[ ,17,21,  ,47,  ,60,  ,80,]
[ ,  ,26,33,49,59,  ,  ,88,]
[9,  ,27,35,  ,  ,65,77,  ,]

[ ,  ,25,30,  ,  ,63,75,80,]
[ ,10,29,  ,45,51,  ,  ,86,]
[5,11,  ,  ,  ,57,66,78,  ,]

[3,  ,28,  ,42,  ,69,71,  ,]
[ ,13,  ,31,  ,54,  ,79,88,]
[6,16,  ,33,  ,55,  ,  ,90,]

[1,  ,27,  ,43,56,  ,  ,84,]
[9,12,  ,36,  ,  ,64,73,  ,]
[ ,15,  ,38,49,  ,65,77,  ,]

[ ,14,  ,34,44,52,  ,  ,83,]
[4,  ,26,  ,  ,53,  ,70,87,]
[8,18,  ,39,  ,  ,61,72,  ,]

[ ,19,20,  ,41,50,  ,  ,81,]
[ ,  ,  ,37,46,59,60,  ,85,]
[7,  ,23,  ,47,  ,67,76,  ,]

[ ,17,21,  ,40,  ,62,  ,82,]
[ ,  ,22,32,48,58,  ,  ,89,]
[2,  ,24,35,  ,  ,68,74,  ,]

[ ,  ,21,37,  ,  ,60,78,81,]
[6,11,25,  ,  ,50,68,  ,  ,]
[ ,14,  ,  ,46,55,  ,79,84,]

[2,  ,28,  ,48,  ,61,70,  ,]
[ ,10,  ,35,  ,52,  ,74,82,]
[5,17,  ,38,  ,56,  ,  ,88,]

[4,  ,23,  ,42,54,  ,  ,83,]
[8,18,  ,30,  ,  ,63,71,  ,]
[ ,19,  ,33,47,  ,64,73,  ,]

[ ,15,  ,31,44,53,  ,  ,85,]
[1,  ,27,  ,  ,58,  ,75,89,]
[3,16,  ,36,  ,  ,62,76,  ,]

[ ,13,26,  ,40,51,  ,  ,86,]
[ ,  ,  ,34,45,59,66,  ,90,]
[7,  ,29,  ,49,  ,67,77,  ,]

[ ,12,20,  ,41,  ,65,  ,80,]
[ ,  ,22,32,43,57,  ,  ,87,]
[9,  ,24,39,  ,  ,69,72,  ,]

[7,  ,20,  ,  ,53,60,71,  ,]
[ ,10,29,34,  ,59,  ,  ,84,]
[ ,11,  ,  ,49,  ,66,75,90,]

[5,  ,22,  ,47,  ,62,73,  ,]
[ ,16,  ,32,  ,57,  ,76,80,]
[9,17,  ,35,  ,58,  ,  ,82,]

[2,  ,27,  ,44,54,  ,  ,83,]
[6,13,  ,30,  ,  ,68,72,  ,]
[ ,15,  ,39,46,  ,69,74,  ,]

[ ,14,  ,36,41,50,  ,  ,81,]
[1,  ,24,  ,  ,51,  ,70,86,]
[4,19,  ,37,  ,  ,63,77,  ,]

[ ,12,21,  ,40,52,  ,  ,85,]
[ ,  ,  ,33,43,56,61,  ,87,]
[3,  ,23,  ,48,  ,67,78,  ,]

[ ,18,25,  ,42,  ,64,  ,88,]
[ ,  ,26,31,45,55,  ,  ,89,]
[8,  ,28,38,  ,  ,65,79,  ,]

[8,12,  ,  ,  ,57,62,74,  ,]
[ ,13,27,32,  ,  ,66,  ,83,]
[ ,  ,28,  ,41,59,  ,75,89,]

[2,  ,22,  ,47,  ,68,73,  ,]
[ ,10,  ,30,  ,51,  ,78,84,]
[6,16,  ,37,  ,56,  ,  ,90,]

[3,  ,24,  ,42,52,  ,  ,87,]
[4,11,  ,35,  ,  ,60,70,  ,]
[ ,17,  ,36,43,  ,69,76,  ,]

[ ,18,  ,31,45,53,  ,  ,80,]
[7,  ,20,  ,  ,55,  ,72,88,]
[9,19,  ,39,  ,  ,64,77,  ,]

[ ,14,23,  ,44,50,  ,  ,81,]
[ ,  ,  ,34,46,54,61,  ,82,]
[1,  ,29,  ,49,  ,63,71,  ,]

[ ,15,21,  ,40,  ,65,  ,85,]
[ ,  ,25,33,48,58,  ,  ,86,]
[5,  ,26,38,  ,  ,67,79,  ,]

[6,  ,20,  ,  ,56,62,71,  ,]
[ ,12,27,35,  ,  ,66,  ,84,]
[ ,18,  ,  ,40,59,  ,79,86,]

[2,  ,26,  ,41,  ,64,72,  ,]
[ ,14,  ,37,  ,50,  ,75,87,]
[5,15,  ,38,  ,57,  ,  ,88,]

[1,  ,21,  ,42,55,  ,  ,81,]
[9,17,  ,30,  ,  ,61,70,  ,]
[ ,19,  ,36,44,  ,69,78,  ,]

[ ,10,  ,31,43,52,  ,  ,85,]
[3,  ,24,  ,  ,54,  ,73,89,]
[7,13,  ,39,  ,  ,65,77,  ,]

[ ,16,22,  ,46,51,  ,  ,82,]
[ ,  ,  ,34,48,53,60,  ,83,]
[4,  ,29,  ,49,  ,63,74,  ,]

[ ,11,23,  ,45,  ,67,  ,80,]
[ ,  ,25,32,47,58,  ,  ,90,]
[8,  ,28,33,  ,  ,68,76,  ,]

[2,  ,22,  ,  ,  ,65,70,85,]
[ ,17,27,  ,47,53,  ,  ,87,]
[ ,18,  ,31,  ,56,68,76,  ,]

[5,  ,25,  ,49,  ,66,71,  ,]
[ ,14,  ,30,  ,51,  ,72,83,]
[9,16,  ,32,  ,54,  ,  ,84,]

[3,  ,29,  ,45,58,  ,  ,88,]
[6,10,  ,36,  ,  ,64,77,  ,]
[ ,19,  ,39,46,  ,67,79,  ,]

[ ,12,  ,34,48,52,  ,  ,81,]
[4,  ,23,  ,  ,59,  ,75,90,]
[7,15,  ,37,  ,  ,69,78,  ,]

[ ,13,21,  ,40,55,  ,  ,82,]
[ ,  ,  ,33,41,57,61,  ,86,]
[8,  ,26,  ,44,  ,62,74,  ,]

[ ,11,20,  ,42,  ,60,  ,80,]
[ ,  ,24,35,43,50,  ,  ,89,]
[1,  ,28,38,  ,  ,63,73,  ,]

[3,13,  ,  ,  ,52,  ,73,80,]
[ ,17,22,38,  ,53,65,  ,  ,]
[ ,  ,27,  ,40,  ,69,74,86,]

[4,  ,29,  ,42,  ,61,70,  ,]
[ ,10,  ,34,  ,57,  ,76,83,]
[5,14,  ,35,  ,59,  ,  ,90,]

[1,  ,24,  ,48,55,  ,  ,84,]
[6,15,  ,31,  ,  ,60,72,  ,]
[ ,18,  ,33,49,  ,62,77,  ,]

[ ,12,  ,36,44,56,  ,  ,82,]
[2,  ,23,  ,  ,58,  ,75,85,]
[7,16,  ,39,  ,  ,67,79,  ,]

[ ,11,25,  ,41,50,  ,  ,87,]
[ ,  ,  ,37,43,51,66,  ,89,]
[8,  ,26,  ,46,  ,68,71,  ,]

[ ,19,20,  ,45,  ,63,  ,81,]
[ ,  ,21,30,47,54,  ,  ,88,]
[9,  ,28,32,  ,  ,64,78,  ,]

[ ,10,  ,32,  ,55,  ,70,80,]
[ ,19,20,  ,44,58,60,  ,  ,]
[8,  ,23,  ,  ,  ,63,73,83,]

[1,  ,22,  ,47,  ,66,72,  ,]
[ ,14,  ,34,  ,54,  ,74,84,]
[9,16,  ,37,  ,59,  ,  ,90,]

[4,  ,26,  ,41,52,  ,  ,87,]
[7,11,  ,33,  ,  ,67,71,  ,]
[ ,15,  ,36,46,  ,68,79,  ,]

[ ,13,  ,38,42,51,  ,  ,81,]
[3,  ,29,  ,  ,57,  ,75,86,]
[5,18,  ,39,  ,  ,62,77,  ,]

[ ,12,27,  ,40,50,  ,  ,88,]
[ ,  ,  ,30,43,56,61,  ,89,]
[2,  ,28,  ,48,  ,65,78,  ,]

[ ,17,21,  ,45,  ,64,  ,82,]
[ ,  ,24,31,49,53,  ,  ,85,]
[6,  ,25,35,  ,  ,69,76,  ,]

[ ,  ,25,36,  ,  ,63,70,82,]
[ ,10,26,  ,42,55,  ,  ,90,]
[6,12,  ,  ,  ,59,67,73,  ,]

[2,  ,27,  ,41,  ,65,71,  ,]
[ ,13,  ,34,  ,53,  ,76,81,]
[9,17,  ,37,  ,56,  ,  ,89,]

[3,  ,28,  ,40,58,  ,  ,84,]
[5,15,  ,35,  ,  ,61,74,  ,]
[ ,19,  ,39,45,  ,62,79,  ,]

[ ,14,  ,30,49,50,  ,  ,80,]
[4,  ,21,  ,  ,52,  ,75,87,]
[8,16,  ,33,  ,  ,66,78,  ,]

[ ,18,22,  ,43,51,  ,  ,83,]
[ ,  ,  ,32,46,57,64,  ,85,]
[7,  ,29,  ,48,  ,68,72,  ,]

[ ,11,20,  ,44,  ,60,  ,86,]
[ ,  ,23,31,47,54,  ,  ,88,]
[1,  ,24,38,  ,  ,69,77,  ,]

[3,11,  ,  ,  ,52,  ,75,83,]
[ ,14,22,39,  ,  ,61,  ,87,]
[ ,  ,27,  ,42,59,64,79,  ,]

[6,  ,29,  ,41,  ,66,72,  ,]
[ ,15,  ,34,  ,53,  ,77,82,]
[9,16,  ,37,  ,56,  ,  ,86,]

[5,  ,23,  ,40,55,  ,  ,84,]
[8,10,  ,32,  ,  ,65,70,  ,]
[ ,17,  ,35,44,  ,67,73,  ,]

[ ,18,  ,33,43,54,  ,  ,85,]
[1,  ,26,  ,  ,57,  ,71,88,]
[2,19,  ,36,  ,  ,60,78,  ,]

[ ,12,20,  ,45,51,  ,  ,80,]
[ ,  ,  ,31,46,58,62,  ,90,]
[7,  ,24,  ,48,  ,69,76,  ,]

[ ,13,21,  ,47,  ,63,  ,81,]
[ ,  ,25,30,49,50,  ,  ,89,]
[4,  ,28,38,  ,  ,68,74,  ,]

[ ,  ,23,  ,40,  ,60,73,81,]
[ ,10,27,38,  ,54,  ,  ,84,]
[9,14,  ,  ,  ,57,62,79,  ,]

[2,  ,29,  ,48,  ,64,77,  ,]
[ ,17,  ,36,  ,53,  ,78,83,]
[5,18,  ,37,  ,58,  ,  ,87,]

[1,  ,24,  ,43,55,  ,  ,82,]
[4,15,  ,30,  ,  ,61,72,  ,]
[ ,16,  ,31,44,  ,67,75,  ,]

[ ,12,  ,32,46,50,  ,  ,80,]
[3,  ,28,  ,  ,56,  ,70,90,]
[8,13,  ,35,  ,  ,66,74,  ,]

[ ,11,21,  ,41,51,  ,  ,88,]
[ ,  ,  ,34,45,52,68,  ,89,]
[6,  ,26,  ,49,  ,69,76,  ,]

[ ,19,20,  ,42,  ,63,  ,85,]
[ ,  ,22,33,47,59,  ,  ,86,]
[7,  ,25,39,  ,  ,65,71,  ,]

[ ,15,  ,  ,42,52,64,70,  ,]
[3,18,27,  ,  ,59,  ,  ,82,]
[ ,  ,28,35,  ,  ,67,73,83,]

[7,  ,24,  ,41,  ,62,71,  ,]
[ ,12,  ,30,  ,55,  ,76,86,]
[8,14,  ,34,  ,56,  ,  ,88,]

[1,  ,20,  ,45,51,  ,  ,80,]
[9,11,  ,31,  ,  ,63,77,  ,]
[ ,16,  ,33,49,  ,65,79,  ,]

[ ,13,  ,32,46,54,  ,  ,81,]
[2,  ,21,  ,  ,58,  ,74,87,]
[5,17,  ,39,  ,  ,68,75,  ,]

[ ,19,22,  ,43,50,  ,  ,85,]
[ ,  ,  ,36,44,53,60,  ,89,]
[4,  ,23,  ,48,  ,66,72,  ,]

[ ,10,25,  ,40,  ,61,  ,84,]
[ ,  ,26,37,47,57,  ,  ,90,]
[6,  ,29,38,  ,  ,69,78,  ,]

[ ,14,  ,  ,47,51,60,70,  ,]
[ ,18,22,30,  ,  ,64,  ,80,]
[3,  ,27,  ,  ,55,  ,75,88,]

[7,  ,20,  ,46,  ,68,71,  ,]
[ ,12,  ,33,  ,54,  ,79,85,]
[9,17,  ,37,  ,58,  ,  ,86,]

[1,  ,28,  ,45,56,  ,  ,89,]
[4,11,  ,32,  ,  ,66,72,  ,]
[ ,19,  ,38,48,  ,67,73,  ,]

[ ,10,  ,35,42,53,  ,  ,81,]
[5,  ,21,  ,  ,59,  ,74,90,]
[6,13,  ,36,  ,  ,69,76,  ,]

[ ,15,23,  ,41,52,  ,  ,83,]
[ ,  ,  ,31,44,57,62,  ,87,]
[8,  ,25,  ,49,  ,63,78,  ,]

[ ,16,24,  ,40,  ,61,  ,82,]
[ ,  ,26,34,43,50,  ,  ,84,]
[2,  ,29,39,  ,  ,65,77,  ,]

[ ,  ,20,34,  ,51,63,72,  ,]
[9,15,28,  ,  ,  ,65,  ,87,]
[ ,16,  ,  ,41,57,  ,78,89,]

[5,  ,29,  ,47,  ,62,71,  ,]
[ ,17,  ,35,  ,50,  ,76,82,]
[7,18,  ,36,  ,54,  ,  ,88,]

[4,  ,27,  ,43,52,  ,  ,83,]
[6,11,  ,37,  ,  ,67,70,  ,]
[ ,19,  ,38,46,  ,68,77,  ,]

[ ,12,  ,32,42,53,  ,  ,80,]
[3,  ,22,  ,  ,58,  ,73,85,]
[8,13,  ,33,  ,  ,66,79,  ,]

[ ,10,21,  ,40,56,  ,  ,84,]
[ ,  ,  ,31,44,59,60,  ,86,]
[2,  ,24,  ,49,  ,61,74,  ,]

[ ,14,23,  ,45,  ,64,  ,81,]
[ ,  ,25,30,48,55,  ,  ,90,]
[1,  ,26,39,  ,  ,69,75,  ,]

[ ,13,  ,  ,44,50,  ,71,84,]
[4,18,20,  ,  ,53,60,  ,  ,]
[ ,  ,28,33,  ,  ,67,73,87,]

[5,  ,21,  ,40,  ,63,75,  ,]
[ ,14,  ,31,  ,52,  ,78,85,]
[8,15,  ,38,  ,58,  ,  ,90,]

[2,  ,25,  ,41,55,  ,  ,88,]
[3,10,  ,30,  ,  ,61,70,  ,]
[ ,17,  ,36,46,  ,68,79,  ,]

[ ,11,  ,32,45,54,  ,  ,82,]
[6,  ,29,  ,  ,59,  ,74,89,]
[9,19,  ,39,  ,  ,66,76,  ,]

[ ,12,23,  ,42,51,  ,  ,80,]
[ ,  ,  ,34,47,56,62,  ,83,]
[1,  ,24,  ,48,  ,65,72,  ,]

[ ,16,22,  ,43,  ,64,  ,81,]
[ ,  ,26,35,49,57,  ,  ,86,]
[7,  ,27,37,  ,  ,69,77,  ,]

[5,14,  ,  ,  ,52,60,72,  ,]
[ ,16,20,  ,42,  ,64,  ,80,]
[ ,  ,24,33,  ,54,  ,79,87,]

[3,  ,21,  ,46,  ,63,71,  ,]
[ ,18,  ,30,  ,53,  ,77,85,]
[7,19,  ,36,  ,58,  ,  ,86,]

[2,  ,22,  ,41,50,  ,  ,90,]
[6,10,  ,32,  ,  ,66,74,  ,]
[ ,15,  ,35,47,  ,69,76,  ,]

[ ,12,  ,31,49,55,  ,  ,83,]
[1,  ,26,  ,  ,59,  ,75,84,]
[9,13,  ,38,  ,  ,61,78,  ,]

[ ,17,23,  ,40,51,  ,  ,81,]
[ ,  ,  ,34,43,57,67,  ,88,]
[4,  ,28,  ,44,  ,68,70,  ,]

[ ,11,25,  ,45,  ,62,  ,82,]
[ ,  ,27,37,48,56,  ,  ,89,]
[8,  ,29,39,  ,  ,65,73,  ,]

[ ,  ,27,  ,47,55,  ,72,84,]
[ ,17,29,35,  ,  ,62,  ,85,]
[2,18,  ,  ,  ,57,64,75,  ,]

[3,  ,23,  ,48,  ,68,73,  ,]
[ ,15,  ,30,  ,53,  ,78,86,]
[7,19,  ,32,  ,59,  ,  ,88,]

[1,  ,28,  ,43,51,  ,  ,82,]
[5,10,  ,31,  ,  ,63,76,  ,]
[ ,13,  ,37,46,  ,65,79,  ,]

[ ,14,  ,36,44,50,  ,  ,81,]
[6,  ,21,  ,  ,56,  ,74,90,]
[9,16,  ,38,  ,  ,67,77,  ,]

[ ,12,20,  ,41,52,  ,  ,83,]
[ ,  ,  ,33,42,54,66,  ,87,]
[4,  ,24,  ,49,  ,69,70,  ,]

[ ,11,22,  ,40,  ,60,  ,80,]
[ ,  ,25,34,45,58,  ,  ,89,]
[8,  ,26,39,  ,  ,61,71,  ,]

[ ,  ,24,  ,48,54,67,70,  ,]
[ ,17,29,35,  ,57,  ,  ,89,]
[2,19,  ,  ,  ,  ,68,77,90,]

[4,  ,21,  ,42,  ,60,75,  ,]
[ ,13,  ,37,  ,51,  ,78,85,]
[6,18,  ,39,  ,55,  ,  ,86,]

[3,  ,28,  ,44,59,  ,  ,81,]
[8,10,  ,33,  ,  ,63,72,  ,]
[ ,14,  ,36,45,  ,66,76,  ,]

[ ,11,  ,30,40,50,  ,  ,82,]
[1,  ,27,  ,  ,52,  ,73,84,]
[5,12,  ,31,  ,  ,64,74,  ,]

[ ,16,22,  ,41,56,  ,  ,83,]
[ ,  ,  ,32,46,58,61,  ,87,]
[9,  ,25,  ,49,  ,69,71,  ,]

[ ,15,20,  ,43,  ,62,  ,80,]
[ ,  ,23,34,47,53,  ,  ,88,]
[7,  ,26,38,  ,  ,65,79,  ,]

[4,  ,20,  ,  ,53,  ,77,80,]
[ ,13,24,33,  ,  ,65,  ,90,]
[ ,15,  ,  ,47,54,68,78,  ,]

[1,  ,23,  ,44,  ,66,70,  ,]
[ ,11,  ,34,  ,51,  ,79,81,]
[6,16,  ,36,  ,52,  ,  ,85,]

[2,  ,21,  ,40,55,  ,  ,89,]
[7,12,  ,31,  ,  ,60,73,  ,]
[ ,14,  ,32,49,  ,63,75,  ,]

[ ,10,  ,30,46,50,  ,  ,83,]
[8,  ,28,  ,  ,57,  ,71,87,]
[9,19,  ,38,  ,  ,62,72,  ,]

[ ,18,25,  ,41,56,  ,  ,82,]
[ ,  ,  ,37,42,58,67,  ,88,]
[3,  ,29,  ,48,  ,69,74,  ,]

[ ,17,22,  ,43,  ,61,  ,84,]
[ ,  ,26,35,45,59,  ,  ,86,]
[5,  ,27,39,  ,  ,64,76,  ,]

[ ,12,  ,30,  ,53,61,70,  ,]
[1,13,21,  ,  ,  ,64,  ,80,]
[ ,  ,24,  ,42,59,  ,72,81,]

[4,  ,26,  ,47,  ,63,75,  ,]
[ ,10,  ,34,  ,54,  ,77,87,]
[9,15,  ,36,  ,55,  ,  ,89,]

[7,  ,27,  ,43,52,  ,  ,86,]
[8,14,  ,33,  ,  ,62,74,  ,]
[ ,18,  ,39,48,  ,65,76,  ,]

[ ,16,  ,35,45,56,  ,  ,82,]
[3,  ,28,  ,  ,57,  ,73,85,]
[6,17,  ,37,  ,  ,66,78,  ,]

[ ,11,20,  ,40,51,  ,  ,84,]
[ ,  ,  ,31,44,58,60,  ,90,]
[5,  ,29,  ,46,  ,68,71,  ,]

[ ,19,22,  ,41,  ,67,  ,83,]
[ ,  ,23,32,49,50,  ,  ,88,]
[2,  ,25,38,  ,  ,69,79,  ,]

[ ,15,  ,  ,41,  ,65,70,87,]
[ ,17,21,32,  ,52,  ,  ,88,]
[9,  ,29,  ,  ,57,66,79,  ,]

[2,  ,27,  ,44,  ,69,75,  ,]
[ ,14,  ,30,  ,50,  ,77,81,]
[5,18,  ,39,  ,54,  ,  ,89,]

[4,  ,23,  ,43,59,  ,  ,84,]
[6,12,  ,33,  ,  ,60,76,  ,]
[ ,19,  ,38,47,  ,68,78,  ,]

[ ,10,  ,31,48,51,  ,  ,82,]
[7,  ,20,  ,  ,53,  ,73,85,]
[8,13,  ,36,  ,  ,61,74,  ,]

[ ,16,24,  ,40,56,  ,  ,83,]
[ ,  ,  ,37,42,58,63,  ,90,]
[1,  ,25,  ,49,  ,64,71,  ,]

[ ,11,22,  ,45,  ,62,  ,80,]
[ ,  ,26,34,46,55,  ,  ,86,]
[3,  ,28,35,  ,  ,67,72,  ,]

[ ,  ,27,30,  ,50,63,72,  ,]
[ ,15,29,  ,43,  ,69,  ,80,]
[2,19,  ,  ,  ,56,  ,73,81,]

[6,  ,25,  ,40,  ,66,78,  ,]
[ ,13,  ,34,  ,52,  ,79,82,]
[9,18,  ,39,  ,58,  ,  ,86,]

[4,  ,22,  ,42,59,  ,  ,84,]
[8,14,  ,31,  ,  ,64,75,  ,]
[ ,17,  ,36,47,  ,68,77,  ,]

[ ,12,  ,35,46,55,  ,  ,87,]
[3,  ,28,  ,  ,57,  ,71,90,]
[5,16,  ,37,  ,  ,65,74,  ,]

[ ,10,20,  ,41,51,  ,  ,83,]
[ ,  ,  ,32,48,53,60,  ,88,]
[1,  ,24,  ,49,  ,67,76,  ,]

[ ,11,21,  ,44,  ,61,  ,85,]
[ ,  ,23,33,45,54,  ,  ,89,]
[7,  ,26,38,  ,  ,62,70,  ,]

[5,  ,22,  ,  ,50,61,71,  ,]
[ ,15,24,37,  ,55,  ,  ,86,]
[ ,19,  ,  ,48,  ,65,78,88,]

[4,  ,23,  ,46,  ,60,75,  ,]
[ ,12,  ,30,  ,51,  ,77,85,]
[8,17,  ,33,  ,59,  ,  ,90,]

[3,  ,28,  ,43,54,  ,  ,82,]
[9,14,  ,35,  ,  ,64,72,  ,]
[ ,18,  ,39,45,  ,68,79,  ,]

[ ,11,  ,32,42,53,  ,  ,83,]
[2,  ,20,  ,  ,56,  ,70,89,]
[6,13,  ,36,  ,  ,62,73,  ,]

[ ,16,21,  ,40,52,  ,  ,81,]
[ ,  ,  ,34,41,58,63,  ,84,]
[1,  ,25,  ,49,  ,69,74,  ,]

[ ,10,26,  ,44,  ,66,  ,80,]
[ ,  ,27,31,47,57,  ,  ,87,]
[7,  ,29,38,  ,  ,67,76,  ,]

[ ,  ,24,37,  ,51,  ,77,80,]
[ ,11,27,  ,48,  ,61,  ,86,]
[4,15,  ,  ,  ,53,67,78,  ,]

[2,  ,20,  ,43,  ,68,70,  ,]
[ ,12,  ,31,  ,57,  ,74,88,]
[3,17,  ,34,  ,59,  ,  ,89,]

[6,  ,29,  ,40,58,  ,  ,84,]
[9,10,  ,35,  ,  ,63,71,  ,]
[ ,19,  ,38,44,  ,66,73,  ,]

[ ,13,  ,32,47,54,  ,  ,85,]
[5,  ,28,  ,  ,55,  ,76,87,]
[7,16,  ,36,  ,  ,62,79,  ,]

[ ,14,21,  ,41,50,  ,  ,82,]
[ ,  ,  ,39,45,56,60,  ,83,]
[1,  ,25,  ,49,  ,69,72,  ,]

[ ,18,22,  ,42,  ,64,  ,81,]
[ ,  ,23,30,46,52,  ,  ,90,]
[8,  ,26,33,  ,  ,65,75,  ,]

[5,15,  ,  ,  ,51,  ,70,80,]
[ ,16,20,  ,41,  ,63,  ,81,]
[ ,  ,22,37,  ,53,67,78,  ,]

[8,  ,27,  ,45,  ,62,76,  ,]
[ ,10,  ,30,  ,52,  ,79,83,]
[9,19,  ,36,  ,54,  ,  ,86,]

[1,  ,26,  ,46,58,  ,  ,90,]
[4,11,  ,32,  ,  ,60,72,  ,]
[ ,18,  ,38,47,  ,66,73,  ,]

[ ,12,  ,35,49,50,  ,  ,82,]
[2,  ,29,  ,  ,56,  ,75,84,]
[3,14,  ,39,  ,  ,61,77,  ,]

[ ,17,24,  ,40,55,  ,  ,85,]
[ ,  ,  ,31,43,59,64,  ,88,]
[6,  ,28,  ,44,  ,65,74,  ,]

[ ,13,21,  ,42,  ,68,  ,87,]
[ ,  ,23,33,48,57,  ,  ,89,]
[7,  ,25,34,  ,  ,69,71,  ,]

[8,10,  ,  ,  ,52,  ,78,80,]
[ ,12,21,32,  ,55,60,  ,  ,]
[ ,  ,23,  ,42,  ,61,79,87,]

[5,  ,29,  ,48,  ,65,70,  ,]
[ ,15,  ,33,  ,50,  ,72,81,]
[6,19,  ,39,  ,58,  ,  ,89,]

[1,  ,25,  ,47,59,  ,  ,82,]
[7,14,  ,30,  ,  ,64,73,  ,]
[ ,18,  ,34,49,  ,66,76,  ,]

[ ,11,  ,31,45,51,  ,  ,83,]
[2,  ,24,  ,  ,54,  ,74,90,]
[4,16,  ,37,  ,  ,69,75,  ,]

[ ,13,27,  ,43,56,  ,  ,84,]
[ ,  ,  ,38,44,57,67,  ,88,]
[9,  ,28,  ,46,  ,68,77,  ,]

[ ,17,20,  ,40,  ,62,  ,85,]
[ ,  ,22,35,41,53,  ,  ,86,]
[3,  ,26,36,  ,  ,63,71,  ,]

[ ,11,  ,36,  ,  ,61,70,80,]
[9,17,21,  ,  ,56,  ,  ,86,]
[ ,  ,26,  ,48,58,64,77,  ,]

[1,  ,20,  ,44,  ,62,72,  ,]
[ ,10,  ,30,  ,51,  ,75,82,]
[3,15,  ,31,  ,57,  ,  ,88,]

[4,  ,24,  ,41,53,  ,  ,89,]
[8,18,  ,35,  ,  ,67,76,  ,]
[ ,19,  ,39,45,  ,68,79,  ,]

[ ,13,  ,33,47,52,  ,  ,84,]
[2,  ,27,  ,  ,59,  ,71,87,]
[7,14,  ,37,  ,  ,65,78,  ,]

[ ,12,22,  ,40,50,  ,  ,81,]
[ ,  ,  ,34,42,54,60,  ,90,]
[5,  ,29,  ,49,  ,66,73,  ,]

[ ,16,23,  ,43,  ,63,  ,83,]
[ ,  ,25,32,46,55,  ,  ,85,]
[6,  ,28,38,  ,  ,69,74,  ,]

[ ,14,  ,31,  ,55,63,72,  ,]
[1,15,20,  ,  ,56,  ,  ,85,]
[ ,  ,29,  ,47,  ,66,76,88,]

[3,  ,26,  ,48,  ,67,74,  ,]
[ ,16,  ,30,  ,58,  ,79,86,]
[7,18,  ,32,  ,59,  ,  ,90,]

[2,  ,25,  ,43,57,  ,  ,87,]
[9,13,  ,38,  ,  ,60,70,  ,]
[ ,17,  ,39,44,  ,65,73,  ,]

[ ,11,  ,34,40,51,  ,  ,83,]
[4,  ,24,  ,  ,54,  ,75,84,]
[5,12,  ,35,  ,  ,62,78,  ,]

[ ,10,21,  ,41,50,  ,  ,82,]
[ ,  ,  ,36,42,53,64,  ,89,]
[8,  ,28,  ,46,  ,69,71,  ,]

[ ,19,22,  ,45,  ,61,  ,80,]
[ ,  ,23,33,49,52,  ,  ,81,]
[6,  ,27,37,  ,  ,68,77,  ,]

[9,  ,20,  ,  ,52,  ,73,85,]
[ ,13,24,  ,46,  ,62,  ,89,]
[ ,14,  ,34,  ,53,69,75,  ,]

[5,  ,23,  ,43,  ,66,71,  ,]
[ ,10,  ,33,  ,54,  ,77,80,]
[8,18,  ,37,  ,55,  ,  ,86,]

[1,  ,26,  ,40,57,  ,  ,87,]
[3,12,  ,35,  ,  ,64,74,  ,]
[ ,19,  ,36,47,  ,67,78,  ,]

[ ,16,  ,32,48,56,  ,  ,81,]
[4,  ,29,  ,  ,59,  ,72,90,]
[6,17,  ,38,  ,  ,65,79,  ,]

[ ,11,25,  ,44,50,  ,  ,82,]
[ ,  ,  ,31,45,51,63,  ,84,]
[2,  ,27,  ,49,  ,68,76,  ,]

[ ,15,21,  ,41,  ,60,  ,83,]
[ ,  ,22,30,42,58,  ,  ,88,]
[7,  ,28,39,  ,  ,61,70,  ,]

[1,11,  ,  ,  ,54,65,78,  ,]
[ ,15,26,34,  ,57,  ,  ,82,]
[ ,  ,29,  ,42,  ,67,79,89,]

[3,  ,22,  ,40,  ,61,72,  ,]
[ ,10,  ,30,  ,55,  ,74,88,]
[6,13,  ,31,  ,59,  ,  ,90,]

[4,  ,21,  ,44,58,  ,  ,86,]
[7,17,  ,33,  ,  ,63,70,  ,]
[ ,18,  ,39,48,  ,66,73,  ,]

[ ,12,  ,35,47,50,  ,  ,81,]
[8,  ,23,  ,  ,53,  ,75,84,]
[9,16,  ,38,  ,  ,64,76,  ,]

[ ,19,24,  ,41,51,  ,  ,83,]
[ ,  ,  ,37,45,56,60,  ,85,]
[5,  ,28,  ,49,  ,62,77,  ,]

[ ,14,20,  ,43,  ,68,  ,80,]
[ ,  ,25,32,46,52,  ,  ,87,]
[2,  ,27,36,  ,  ,69,71,  ,]

[ ,15,  ,37,  ,52,62,71,  ,]
[ ,19,22,  ,44,  ,65,  ,85,]
[3,  ,27,  ,  ,59,  ,73,88,]

[6,  ,29,  ,48,  ,60,75,  ,]
[ ,10,  ,30,  ,53,  ,76,82,]
[8,14,  ,32,  ,58,  ,  ,89,]

[4,  ,23,  ,43,51,  ,  ,83,]
[9,17,  ,31,  ,  ,63,72,  ,]
[ ,18,  ,39,47,  ,68,78,  ,]

[ ,11,  ,33,45,50,  ,  ,84,]
[1,  ,20,  ,  ,55,  ,70,90,]
[7,13,  ,36,  ,  ,69,79,  ,]

[ ,16,21,  ,40,56,  ,  ,86,]
[ ,  ,  ,34,41,57,64,  ,87,]
[5,  ,25,  ,49,  ,67,77,  ,]

[ ,12,24,  ,42,  ,61,  ,80,]
[ ,  ,26,35,46,54,  ,  ,81,]
[2,  ,28,38,  ,  ,66,74,  ,]

[ ,  ,26,34,  ,53,65,70,  ,]
[3,10,28,  ,  ,  ,66,  ,84,]
[ ,16,  ,  ,45,56,  ,71,88,]

[6,  ,20,  ,49,  ,61,73,  ,]
[ ,18,  ,32,  ,57,  ,75,80,]
[8,19,  ,39,  ,58,  ,  ,81,]

[5,  ,27,  ,40,54,  ,  ,86,]
[7,13,  ,35,  ,  ,67,74,  ,]
[ ,17,  ,36,41,  ,69,76,  ,]

[ ,14,  ,37,48,52,  ,  ,85,]
[1,  ,24,  ,  ,55,  ,78,89,]
[4,15,  ,38,  ,  ,63,79,  ,]

[ ,11,21,  ,42,50,  ,  ,82,]
[ ,  ,  ,30,43,51,62,  ,90,]
[2,  ,22,  ,44,  ,68,72,  ,]

[ ,12,23,  ,46,  ,60,  ,83,]
[ ,  ,25,31,47,59,  ,  ,87,]
[9,  ,29,33,  ,  ,64,77,  ,]

[ ,15,  ,35,  ,53,66,71,  ,]
[3,16,21,  ,  ,  ,69,  ,85,]
[ ,  ,28,  ,49,57,  ,77,87,]

[5,  ,24,  ,44,  ,65,74,  ,]
[ ,10,  ,30,  ,50,  ,75,84,]
[8,11,  ,34,  ,55,  ,  ,89,]

[1,  ,23,  ,41,56,  ,  ,83,]
[6,13,  ,36,  ,  ,60,72,  ,]
[ ,17,  ,38,42,  ,63,78,  ,]

[ ,14,  ,37,40,51,  ,  ,80,]
[4,  ,26,  ,  ,59,  ,73,81,]
[7,18,  ,39,  ,  ,62,79,  ,]

[ ,12,20,  ,43,54,  ,  ,82,]
[ ,  ,  ,32,45,58,61,  ,90,]
[2,  ,22,  ,48,  ,64,76,  ,]

[ ,19,25,  ,46,  ,67,  ,86,]
[ ,  ,27,31,47,52,  ,  ,88,]
[9,  ,29,33,  ,  ,68,70,  ,]

[ ,  ,22,  ,43,53,63,72,  ,]
[ ,12,28,35,  ,57,  ,  ,82,]
[6,14,  ,  ,  ,  ,68,73,83,]

[3,  ,21,  ,40,  ,60,77,  ,]
[ ,10,  ,36,  ,55,  ,78,80,]
[9,19,  ,38,  ,58,  ,  ,88,]

[1,  ,23,  ,44,52,  ,  ,81,]
[2,17,  ,31,  ,  ,65,75,  ,]
[ ,18,  ,37,45,  ,67,76,  ,]

[ ,15,  ,30,47,50,  ,  ,87,]
[5,  ,27,  ,  ,59,  ,71,90,]
[8,16,  ,34,  ,  ,69,79,  ,]

[ ,13,20,  ,41,54,  ,  ,84,]
[ ,  ,  ,32,46,56,61,  ,89,]
[7,  ,29,  ,49,  ,66,74,  ,]

[ ,11,24,  ,42,  ,62,  ,85,]
[ ,  ,25,33,48,51,  ,  ,86,]
[4,  ,26,39,  ,  ,64,70,  ,]

[ ,  ,22,  ,47,50,  ,70,82,]
[ ,10,25,30,  ,  ,66,  ,89,]
[6,12,  ,  ,  ,58,67,72,  ,]

[2,  ,21,  ,48,  ,65,71,  ,]
[ ,14,  ,31,  ,54,  ,79,88,]
[9,17,  ,38,  ,59,  ,  ,90,]

[3,  ,28,  ,40,53,  ,  ,83,]
[5,13,  ,36,  ,  ,61,73,  ,]
[ ,18,  ,39,43,  ,62,75,  ,]

[ ,15,  ,34,42,55,  ,  ,84,]
[1,  ,27,  ,  ,57,  ,76,85,]
[4,16,  ,35,  ,  ,64,78,  ,]

[ ,19,23,  ,44,52,  ,  ,86,]
[ ,  ,  ,32,45,56,60,  ,87,]
[8,  ,24,  ,49,  ,63,77,  ,]

[ ,11,20,  ,41,  ,68,  ,80,]
[ ,  ,26,33,46,51,  ,  ,81,]
[7,  ,29,37,  ,  ,69,74,  ,]

[ ,  ,24,  ,46,  ,67,72,81,]
[ ,11,29,31,  ,51,68,  ,  ,]
[9,19,  ,  ,  ,54,  ,75,84,]

[3,  ,25,  ,45,  ,66,74,  ,]
[ ,10,  ,33,  ,52,  ,77,80,]
[7,13,  ,39,  ,58,  ,  ,82,]

[2,  ,20,  ,42,53,  ,  ,83,]
[6,14,  ,34,  ,  ,64,76,  ,]
[ ,15,  ,37,47,  ,65,78,  ,]

[ ,12,  ,30,48,55,  ,  ,85,]
[5,  ,23,  ,  ,57,  ,70,86,]
[8,17,  ,32,  ,  ,63,73,  ,]

[ ,16,26,  ,40,50,  ,  ,89,]
[ ,  ,  ,36,41,59,60,  ,90,]
[4,  ,27,  ,49,  ,69,71,  ,]

[ ,18,21,  ,43,  ,61,  ,87,]
[ ,  ,22,35,44,56,  ,  ,88,]
[1,  ,28,38,  ,  ,62,79,  ,]

[6,10,  ,  ,  ,54,  ,72,83,]
[ ,17,20,  ,45,  ,61,  ,85,]
[ ,  ,26,36,  ,59,62,74,  ,]

[1,  ,29,  ,48,  ,65,71,  ,]
[ ,12,  ,31,  ,53,  ,78,87,]
[7,18,  ,34,  ,56,  ,  ,90,]

[4,  ,21,  ,42,55,  ,  ,89,]
[5,13,  ,30,  ,  ,67,75,  ,]
[ ,16,  ,39,43,  ,68,76,  ,]

[ ,14,  ,33,49,57,  ,  ,81,]
[2,  ,27,  ,  ,58,  ,73,84,]
[3,19,  ,37,  ,  ,69,79,  ,]

[ ,15,22,  ,40,50,  ,  ,80,]
[ ,  ,  ,32,41,51,63,  ,82,]
[9,  ,24,  ,44,  ,66,70,  ,]

[ ,11,23,  ,46,  ,60,  ,86,]
[ ,  ,25,35,47,52,  ,  ,88,]
[8,  ,28,38,  ,  ,64,77,  ,]

[ ,  ,22,33,  ,  ,61,71,85,]
[ ,18,25,  ,43,55,65,  ,  ,]
[2,19,  ,  ,  ,58,  ,76,86,]

[6,  ,20,  ,48,  ,68,77,  ,]
[ ,10,  ,36,  ,51,  ,78,80,]
[7,13,  ,39,  ,52,  ,  ,90,]

[5,  ,26,  ,40,50,  ,  ,84,]
[8,12,  ,32,  ,  ,62,72,  ,]
[ ,14,  ,34,49,  ,63,79,  ,]

[ ,15,  ,35,41,54,  ,  ,81,]
[1,  ,23,  ,  ,59,  ,70,88,]
[4,16,  ,37,  ,  ,67,73,  ,]

[ ,11,24,  ,44,53,  ,  ,82,]
[ ,  ,  ,31,46,56,64,  ,87,]
[9,  ,27,  ,47,  ,66,74,  ,]

[ ,17,21,  ,42,  ,60,  ,83,]
[ ,  ,28,30,45,57,  ,  ,89,]
[3,  ,29,38,  ,  ,69,75,  ,]

[ ,14,  ,  ,43,53,60,72,  ,]
[2,15,22,  ,  ,  ,62,  ,85,]
[ ,  ,24,32,  ,54,  ,77,87,]

[1,  ,21,  ,46,  ,67,70,  ,]
[ ,12,  ,30,  ,52,  ,76,84,]
[6,19,  ,38,  ,55,  ,  ,90,]

[4,  ,28,  ,40,50,  ,  ,86,]
[8,16,  ,31,  ,  ,61,71,  ,]
[ ,17,  ,34,49,  ,66,79,  ,]

[ ,11,  ,37,41,51,  ,  ,80,]
[3,  ,29,  ,  ,58,  ,74,81,]
[7,18,  ,39,  ,  ,65,75,  ,]

[ ,10,20,  ,44,56,  ,  ,83,]
[ ,  ,  ,35,45,59,63,  ,88,]
[5,  ,25,  ,47,  ,64,78,  ,]

[ ,13,23,  ,42,  ,68,  ,82,]
[ ,  ,26,33,48,57,  ,  ,89,]
[9,  ,27,36,  ,  ,69,73,  ,]

[ ,16,  ,  ,42,56,  ,74,81,]
[ ,19,24,30,  ,58,60,  ,  ,]
[8,  ,29,  ,  ,  ,61,76,89,]

[1,  ,22,  ,43,  ,69,73,  ,]
[ ,14,  ,36,  ,52,  ,75,85,]
[6,15,  ,37,  ,53,  ,  ,86,]

[5,  ,27,  ,45,50,  ,  ,87,]
[7,12,  ,34,  ,  ,65,77,  ,]
[ ,17,  ,39,47,  ,67,78,  ,]

[ ,10,  ,31,40,51,  ,  ,82,]
[2,  ,28,  ,  ,59,  ,72,90,]
[4,11,  ,38,  ,  ,62,79,  ,]

[ ,13,21,  ,41,55,  ,  ,84,]
[ ,  ,  ,35,46,57,63,  ,88,]
[9,  ,23,  ,49,  ,64,70,  ,]

[ ,18,20,  ,44,  ,66,  ,80,]
[ ,  ,25,32,48,54,  ,  ,83,]
[3,  ,26,33,  ,  ,68,71,  ,]

[ ,  ,25,30,  ,  ,65,73,82,]
[ ,11,26,  ,41,52,67,  ,  ,]
[1,18,  ,  ,  ,53,  ,75,87,]

[4,  ,21,  ,42,  ,64,71,  ,]
[ ,12,  ,33,  ,51,  ,72,85,]
[8,17,  ,36,  ,57,  ,  ,86,]

[2,  ,23,  ,40,50,  ,  ,83,]
[3,13,  ,31,  ,  ,61,78,  ,]
[ ,16,  ,35,46,  ,66,79,  ,]

[ ,15,  ,32,43,55,  ,  ,81,]
[7,  ,28,  ,  ,59,  ,70,84,]
[9,19,  ,39,  ,  ,63,74,  ,]

[ ,10,20,  ,44,54,  ,  ,88,]
[ ,  ,  ,38,45,58,62,  ,90,]
[6,  ,27,  ,49,  ,69,77,  ,]

[ ,14,22,  ,47,  ,60,  ,80,]
[ ,  ,24,34,48,56,  ,  ,89,]
[5,  ,29,37,  ,  ,68,76,  ,]

[1,16,  ,  ,  ,52,  ,76,80,]
[ ,19,22,38,  ,56,64,  ,  ,]
[ ,  ,29,  ,44,  ,69,78,84,]

[2,  ,27,  ,47,  ,66,73,  ,]
[ ,10,  ,32,  ,51,  ,74,81,]
[6,11,  ,33,  ,57,  ,  ,89,]

[4,  ,20,  ,40,53,  ,  ,86,]
[9,15,  ,34,  ,  ,61,71,  ,]
[ ,17,  ,36,46,  ,63,72,  ,]

[ ,12,  ,35,42,54,  ,  ,82,]
[3,  ,26,  ,  ,59,  ,75,90,]
[5,13,  ,39,  ,  ,60,77,  ,]

[ ,18,21,  ,41,55,  ,  ,85,]
[ ,  ,  ,31,43,58,62,  ,87,]
[7,  ,28,  ,45,  ,65,70,  ,]

[ ,14,23,  ,48,  ,67,  ,83,]
[ ,  ,24,30,49,50,  ,  ,88,]
[8,  ,25,37,  ,  ,68,79,  ,]

[ ,15,  ,30,  ,51,  ,75,80,]
[ ,18,22,  ,43,57,61,  ,  ,]
[6,  ,24,  ,  ,  ,63,76,82,]

[5,  ,27,  ,44,  ,60,71,  ,]
[ ,12,  ,37,  ,52,  ,77,81,]
[9,14,  ,39,  ,55,  ,  ,90,]

[4,  ,20,  ,47,54,  ,  ,84,]
[7,16,  ,36,  ,  ,65,72,  ,]
[ ,19,  ,38,48,  ,67,73,  ,]

[ ,10,  ,32,46,53,  ,  ,86,]
[2,  ,25,  ,  ,58,  ,74,87,]
[3,11,  ,34,  ,  ,69,79,  ,]

[ ,17,21,  ,40,50,  ,  ,83,]
[ ,  ,  ,33,42,56,62,  ,88,]
[8,  ,29,  ,49,  ,64,78,  ,]

[ ,13,23,  ,41,  ,66,  ,85,]
[ ,  ,26,31,45,59,  ,  ,89,]
[1,  ,28,35,  ,  ,68,70,  ,]

[2,  ,25,  ,  ,  ,67,70,84,]
[ ,15,27,  ,41,50,  ,  ,85,]
[ ,19,  ,37,  ,54,68,77,  ,]

[7,  ,28,  ,47,  ,69,73,  ,]
[ ,12,  ,31,  ,53,  ,74,81,]
[8,17,  ,33,  ,59,  ,  ,87,]

[3,  ,26,  ,42,55,  ,  ,83,]
[4,14,  ,38,  ,  ,62,75,  ,]
[ ,18,  ,39,45,  ,64,78,  ,]

[ ,11,  ,34,49,56,  ,  ,80,]
[5,  ,21,  ,  ,58,  ,71,82,]
[9,16,  ,36,  ,  ,61,72,  ,]

[ ,13,20,  ,40,51,  ,  ,86,]
[ ,  ,  ,32,44,52,65,  ,89,]
[1,  ,22,  ,46,  ,66,76,  ,]

[ ,10,23,  ,43,  ,60,  ,88,]
[ ,  ,24,30,48,57,  ,  ,90,]
[6,  ,29,35,  ,  ,63,79,  ,]

[ ,  ,22,  ,48,50,60,71,  ,]
[ ,11,27,39,  ,  ,62,  ,81,]
[5,17,  ,  ,  ,52,  ,76,85,]

[1,  ,25,  ,45,  ,69,73,  ,]
[ ,12,  ,32,  ,55,  ,77,82,]
[9,14,  ,33,  ,56,  ,  ,84,]

[4,  ,24,  ,42,53,  ,  ,83,]
[6,18,  ,34,  ,  ,64,78,  ,]
[ ,19,  ,37,46,  ,65,79,  ,]

[ ,13,  ,36,43,51,  ,  ,86,]
[2,  ,26,  ,  ,57,  ,72,88,]
[8,15,  ,38,  ,  ,67,74,  ,]

[ ,10,28,  ,41,58,  ,  ,80,]
[ ,  ,  ,30,47,59,61,  ,87,]
[3,  ,29,  ,49,  ,68,75,  ,]

[ ,16,20,  ,40,  ,63,  ,89,]
[ ,  ,21,31,44,54,  ,  ,90,]
[7,  ,23,35,  ,  ,66,70,  ,]

[ ,  ,22,  ,47,  ,61,70,82,]
[8,16,25,  ,  ,50,  ,  ,84,]
[ ,17,  ,38,  ,59,67,78,  ,]

[5,  ,24,  ,44,  ,69,71,  ,]
[ ,11,  ,33,  ,54,  ,79,89,]
[6,15,  ,34,  ,58,  ,  ,90,]

[3,  ,26,  ,42,53,  ,  ,88,]
[7,13,  ,30,  ,  ,60,73,  ,]
[ ,14,  ,35,49,  ,64,77,  ,]

[ ,10,  ,36,46,51,  ,  ,80,]
[2,  ,23,  ,  ,55,  ,74,83,]
[4,18,  ,37,  ,  ,68,75,  ,]

[ ,19,20,  ,40,52,  ,  ,85,]
[ ,  ,  ,32,41,57,62,  ,87,]
[9,  ,21,  ,45,  ,66,76,  ,]

[ ,12,27,  ,43,  ,63,  ,81,]
[ ,  ,28,31,48,56,  ,  ,86,]
[1,  ,29,39,  ,  ,65,72,  ,]

[ ,  ,28,32,  ,53,  ,71,85,]
[ ,16,29,  ,45,  ,61,  ,89,]
[8,17,  ,  ,  ,56,63,74,  ,]

[1,  ,25,  ,43,  ,60,73,  ,]
[ ,11,  ,33,  ,51,  ,77,86,]
[4,18,  ,36,  ,57,  ,  ,88,]

[3,  ,22,  ,41,58,  ,  ,80,]
[7,10,  ,30,  ,  ,64,72,  ,]
[ ,13,  ,39,44,  ,65,76,  ,]

[ ,14,  ,34,49,50,  ,  ,84,]
[5,  ,26,  ,  ,54,  ,75,90,]
[6,15,  ,35,  ,  ,66,79,  ,]

[ ,19,23,  ,40,55,  ,  ,82,]
[ ,  ,  ,37,46,59,68,  ,83,]
[9,  ,27,  ,47,  ,69,78,  ,]

[ ,12,20,  ,42,  ,62,  ,81,]
[ ,  ,21,31,48,52,  ,  ,87,]
[2,  ,24,38,  ,  ,67,70,  ,]

[ ,  ,22,  ,44,56,61,70,  ,]
[ ,10,25,31,  ,  ,67,  ,84,]
[5,18,  ,  ,  ,59,  ,76,86,]

[6,  ,28,  ,40,  ,62,72,  ,]
[ ,11,  ,38,  ,53,  ,79,80,]
[8,19,  ,39,  ,58,  ,  ,82,]

[3,  ,23,  ,43,52,  ,  ,83,]
[4,16,  ,36,  ,  ,63,75,  ,]
[ ,17,  ,37,47,  ,64,77,  ,]

[ ,14,  ,33,42,50,  ,  ,81,]
[1,  ,27,  ,  ,54,  ,74,89,]
[9,15,  ,35,  ,  ,60,78,  ,]

[ ,13,24,  ,41,51,  ,  ,88,]
[ ,  ,  ,30,48,55,65,  ,90,]
[7,  ,26,  ,49,  ,69,73,  ,]

[ ,12,20,  ,45,  ,66,  ,85,]
[ ,  ,21,32,46,57,  ,  ,87,]
[2,  ,29,34,  ,  ,68,71,  ,]

[ ,  ,25,38,  ,52,  ,72,81,]
[1,10,27,  ,  ,54,61,  ,  ,]
[ ,12,  ,  ,46,  ,68,75,87,]

[5,  ,29,  ,44,  ,67,71,  ,]
[ ,17,  ,32,  ,50,  ,78,88,]
[6,19,  ,39,  ,53,  ,  ,90,]

[2,  ,23,  ,47,58,  ,  ,84,]
[4,11,  ,36,  ,  ,64,70,  ,]
[ ,18,  ,37,49,  ,65,74,  ,]

[ ,14,  ,31,43,55,  ,  ,83,]
[3,  ,21,  ,  ,59,  ,76,89,]
[7,15,  ,33,  ,  ,63,79,  ,]

[ ,13,22,  ,41,56,  ,  ,80,]
[ ,  ,  ,30,45,57,66,  ,82,]
[9,  ,26,  ,48,  ,69,73,  ,]

[ ,16,20,  ,40,  ,60,  ,85,]
[ ,  ,24,34,42,51,  ,  ,86,]
[8,  ,28,35,  ,  ,62,77,  ,]

[7,  ,21,  ,  ,  ,61,71,88,]
[ ,15,23,  ,45,50,  ,  ,90,]
[ ,17,  ,34,  ,55,63,72,  ,]

[6,  ,24,  ,47,  ,67,70,  ,]
[ ,14,  ,32,  ,52,  ,76,80,]
[8,18,  ,36,  ,54,  ,  ,86,]

[1,  ,22,  ,44,53,  ,  ,85,]
[3,12,  ,31,  ,  ,60,74,  ,]
[ ,19,  ,33,48,  ,62,79,  ,]

[ ,13,  ,30,42,56,  ,  ,82,]
[2,  ,29,  ,  ,57,  ,75,83,]
[5,16,  ,35,  ,  ,69,77,  ,]

[ ,11,26,  ,40,58,  ,  ,84,]
[ ,  ,  ,39,46,59,65,  ,89,]
[4,  ,28,  ,49,  ,68,78,  ,]

[ ,10,20,  ,41,  ,64,  ,81,]
[ ,  ,25,37,43,51,  ,  ,87,]
[9,  ,27,38,  ,  ,66,73,  ,]

[ ,14,  ,30,  ,54,60,71,  ,]
[9,15,23,  ,  ,59,  ,  ,82,]
[ ,  ,26,  ,48,  ,64,73,85,]

[5,  ,22,  ,46,  ,67,77,  ,]
[ ,11,  ,36,  ,50,  ,79,83,]
[6,17,  ,38,  ,57,  ,  ,90,]

[1,  ,28,  ,40,55,  ,  ,86,]
[7,10,  ,31,  ,  ,63,75,  ,]
[ ,13,  ,32,44,  ,69,78,  ,]

[ ,12,  ,35,43,53,  ,  ,81,]
[3,  ,24,  ,  ,56,  ,70,87,]
[4,16,  ,37,  ,  ,66,72,  ,]

[ ,18,25,  ,41,51,  ,  ,80,]
[ ,  ,  ,34,42,58,62,  ,88,]
[8,  ,27,  ,47,  ,68,74,  ,]

[ ,19,20,  ,45,  ,61,  ,84,]
[ ,  ,21,33,49,52,  ,  ,89,]
[2,  ,29,39,  ,  ,65,76,  ,]

[ ,  ,20,  ,40,52,62,70,  ,]
[9,13,28,  ,  ,  ,68,  ,84,]
[ ,17,  ,37,  ,57,  ,76,85,]

[1,  ,29,  ,43,  ,69,73,  ,]
[ ,11,  ,36,  ,56,  ,75,83,]
[4,19,  ,39,  ,59,  ,  ,86,]

[2,  ,26,  ,42,54,  ,  ,90,]
[7,10,  ,32,  ,  ,60,71,  ,]
[ ,14,  ,35,44,  ,64,77,  ,]

[ ,15,  ,31,46,50,  ,  ,82,]
[5,  ,27,  ,  ,58,  ,72,89,]
[8,18,  ,34,  ,  ,67,78,  ,]

[ ,16,23,  ,47,53,  ,  ,80,]
[ ,  ,  ,30,48,55,63,  ,88,]
[6,  ,25,  ,49,  ,65,79,  ,]

[ ,12,21,  ,41,  ,61,  ,81,]
[ ,  ,22,33,45,51,  ,  ,87,]
[3,  ,24,38,  ,  ,66,74,  ,]

[1,12,  ,  ,  ,57,  ,76,80,]
[ ,14,21,  ,47,59,67,  ,  ,]
[ ,  ,23,30,  ,  ,69,77,90,]

[4,  ,20,  ,42,  ,62,71,  ,]
[ ,13,  ,33,  ,52,  ,74,87,]
[5,17,  ,35,  ,53,  ,  ,89,]

[6,  ,24,  ,40,50,  ,  ,85,]
[8,18,  ,34,  ,  ,64,72,  ,]
[ ,19,  ,36,49,  ,66,79,  ,]

[ ,15,  ,31,41,54,  ,  ,81,]
[3,  ,26,  ,  ,58,  ,73,86,]
[9,16,  ,37,  ,  ,63,75,  ,]

[ ,11,25,  ,44,51,  ,  ,84,]
[ ,  ,  ,38,45,55,61,  ,88,]
[7,  ,28,  ,46,  ,68,78,  ,]

[ ,10,22,  ,43,  ,60,  ,82,]
[ ,  ,27,32,48,56,  ,  ,83,]
[2,  ,29,39,  ,  ,65,70,  ,]

[8,13,  ,  ,  ,51,  ,73,84,]
[ ,14,24,  ,42,54,61,  ,  ,]
[ ,  ,28,32,  ,  ,69,74,88,]

[4,  ,20,  ,40,  ,67,70,  ,]
[ ,10,  ,35,  ,55,  ,77,81,]
[9,15,  ,39,  ,57,  ,  ,90,]

[2,  ,25,  ,41,56,  ,  ,80,]
[5,17,  ,30,  ,  ,60,75,  ,]
[ ,19,  ,34,44,  ,63,79,  ,]

[ ,11,  ,36,47,50,  ,  ,86,]
[3,  ,26,  ,  ,52,  ,71,87,]
[6,18,  ,38,  ,  ,62,72,  ,]

[ ,16,21,  ,46,53,  ,  ,85,]
[ ,  ,  ,37,48,59,65,  ,89,]
[7,  ,29,  ,49,  ,66,76,  ,]

[ ,12,22,  ,43,  ,64,  ,82,]
[ ,  ,23,31,45,58,  ,  ,83,]
[1,  ,27,33,  ,  ,68,78,  ,]

[ ,14,  ,32,  ,50,  ,72,83,]
[ ,18,23,  ,48,52,66,  ,  ,]
[9,  ,26,  ,  ,  ,68,75,88,]

[4,  ,28,  ,42,  ,65,70,  ,]
[ ,10,  ,36,  ,51,  ,71,82,]
[5,11,  ,37,  ,59,  ,  ,86,]

[7,  ,21,  ,40,57,  ,  ,81,]
[8,12,  ,33,  ,  ,62,77,  ,]
[ ,19,  ,34,45,  ,69,79,  ,]

[ ,13,  ,30,47,54,  ,  ,80,]
[2,  ,25,  ,  ,55,  ,73,89,]
[6,16,  ,31,  ,  ,61,76,  ,]

[ ,15,20,  ,43,56,  ,  ,84,]
[ ,  ,  ,35,44,58,63,  ,87,]
[1,  ,29,  ,49,  ,67,78,  ,]

[ ,17,22,  ,41,  ,60,  ,85,]
[ ,  ,24,38,46,53,  ,  ,90,]
[3,  ,27,39,  ,  ,64,74,  ,]

[ ,  ,24,  ,43,52,  ,72,82,]
[ ,14,27,34,  ,  ,61,  ,86,]
[8,18,  ,  ,  ,55,69,74,  ,]

[3,  ,20,  ,47,  ,63,75,  ,]
[ ,11,  ,32,  ,51,  ,78,85,]
[4,12,  ,37,  ,59,  ,  ,89,]

[5,  ,21,  ,40,57,  ,  ,88,]
[9,16,  ,38,  ,  ,65,73,  ,]
[ ,17,  ,39,42,  ,66,76,  ,]

[ ,15,  ,31,46,50,  ,  ,80,]
[1,  ,22,  ,  ,54,  ,77,87,]
[2,19,  ,33,  ,  ,62,79,  ,]

[ ,13,25,  ,41,56,  ,  ,81,]
[ ,  ,  ,36,48,58,60,  ,83,]
[6,  ,26,  ,49,  ,67,70,  ,]

[ ,10,23,  ,44,  ,64,  ,84,]
[ ,  ,28,30,45,53,  ,  ,90,]
[7,  ,29,35,  ,  ,68,71,  ,]

[ ,16,  ,  ,43,53,  ,71,83,]
[ ,17,20,37,  ,54,63,  ,  ,]
[6,  ,24,  ,  ,  ,65,75,87,]

[4,  ,21,  ,48,  ,68,70,  ,]
[ ,13,  ,30,  ,52,  ,76,82,]
[8,18,  ,36,  ,56,  ,  ,86,]

[2,  ,26,  ,42,59,  ,  ,84,]
[7,11,  ,32,  ,  ,60,74,  ,]
[ ,14,  ,34,44,  ,61,77,  ,]

[ ,10,  ,38,47,57,  ,  ,80,]
[3,  ,29,  ,  ,58,  ,73,90,]
[5,15,  ,39,  ,  ,69,79,  ,]

[ ,12,27,  ,40,50,  ,  ,81,]
[ ,  ,  ,33,41,51,64,  ,88,]
[9,  ,28,  ,49,  ,66,72,  ,]

[ ,19,22,  ,45,  ,62,  ,85,]
[ ,  ,23,31,46,55,  ,  ,89,]
[1,  ,25,35,  ,  ,67,78,  ,]

[2,13,  ,  ,  ,  ,61,73,87,]
[ ,14,24,37,  ,54,  ,  ,88,]
[ ,  ,26,  ,43,55,68,75,  ,]

[3,  ,25,  ,45,  ,60,76,  ,]
[ ,17,  ,31,  ,53,  ,79,83,]
[5,19,  ,38,  ,57,  ,  ,85,]

[4,  ,23,  ,42,50,  ,  ,84,]
[8,11,  ,35,  ,  ,66,70,  ,]
[ ,18,  ,36,47,  ,69,74,  ,]

[ ,10,  ,30,46,56,  ,  ,89,]
[6,  ,29,  ,  ,58,  ,71,90,]
[7,15,  ,32,  ,  ,67,78,  ,]

[ ,16,22,  ,40,51,  ,  ,81,]
[ ,  ,  ,33,48,52,63,  ,86,]
[9,  ,28,  ,49,  ,65,72,  ,]

[ ,12,20,  ,41,  ,62,  ,80,]
[ ,  ,21,34,44,59,  ,  ,82,]
[1,  ,27,39,  ,  ,64,77,  ,]

[8,14,  ,  ,  ,  ,64,72,80,]
[ ,17,20,  ,42,53,  ,  ,87,]
[ ,  ,21,34,  ,55,68,75,  ,]

[1,  ,27,  ,46,  ,69,70,  ,]
[ ,11,  ,35,  ,51,  ,77,82,]
[6,19,  ,37,  ,52,  ,  ,86,]

[4,  ,25,  ,40,50,  ,  ,84,]
[7,13,  ,32,  ,  ,60,71,  ,]
[ ,15,  ,39,48,  ,63,79,  ,]

[ ,10,  ,31,43,56,  ,  ,83,]
[5,  ,23,  ,  ,59,  ,74,85,]
[9,18,  ,36,  ,  ,66,76,  ,]

[ ,12,24,  ,41,54,  ,  ,88,]
[ ,  ,  ,30,47,57,62,  ,90,]
[3,  ,26,  ,49,  ,67,78,  ,]

[ ,16,22,  ,44,  ,61,  ,81,]
[ ,  ,28,33,45,58,  ,  ,89,]
[2,  ,29,38,  ,  ,65,73,  ,]

[4,  ,21,  ,  ,54,  ,72,88,]
[ ,12,28,  ,49,56,61,  ,  ,]
[ ,18,  ,38,  ,  ,69,76,89,]

[1,  ,24,  ,48,  ,65,73,  ,]
[ ,14,  ,32,  ,53,  ,79,84,]
[8,17,  ,36,  ,58,  ,  ,86,]

[5,  ,20,  ,41,50,  ,  ,87,]
[9,10,  ,30,  ,  ,64,74,  ,]
[ ,19,  ,37,45,  ,66,78,  ,]

[ ,15,  ,33,46,55,  ,  ,80,]
[2,  ,27,  ,  ,59,  ,75,85,]
[6,16,  ,34,  ,  ,62,77,  ,]

[ ,11,23,  ,42,52,  ,  ,82,]
[ ,  ,  ,35,43,57,60,  ,83,]
[7,  ,26,  ,47,  ,63,70,  ,]

[ ,13,22,  ,40,  ,67,  ,81,]
[ ,  ,25,31,44,51,  ,  ,90,]
[3,  ,29,39,  ,  ,68,71,  ,]

[ ,16,  ,  ,44,51,  ,71,83,]
[4,17,20,  ,  ,  ,62,  ,87,]
[ ,  ,28,30,  ,54,65,79,  ,]

[3,  ,22,  ,42,  ,63,70,  ,]
[ ,15,  ,33,  ,52,  ,77,85,]
[8,18,  ,36,  ,58,  ,  ,88,]

[1,  ,27,  ,41,50,  ,  ,81,]
[5,11,  ,34,  ,  ,61,75,  ,]
[ ,19,  ,39,46,  ,67,78,  ,]

[ ,10,  ,32,49,53,  ,  ,80,]
[6,  ,23,  ,  ,59,  ,73,84,]
[7,12,  ,38,  ,  ,64,74,  ,]

[ ,14,21,  ,45,55,  ,  ,86,]
[ ,  ,  ,35,47,57,68,  ,90,]
[2,  ,26,  ,48,  ,69,72,  ,]

[ ,13,24,  ,40,  ,60,  ,82,]
[ ,  ,25,31,43,56,  ,  ,89,]
[9,  ,29,37,  ,  ,66,76,  ,]

[5,10,  ,  ,  ,54,66,71,  ,]
[ ,14,20,  ,48,  ,67,  ,81,]
[ ,  ,21,35,  ,56,  ,72,90,]

[4,  ,27,  ,41,  ,69,70,  ,]
[ ,11,  ,37,  ,50,  ,77,83,]
[6,18,  ,39,  ,57,  ,  ,85,]

[1,  ,22,  ,44,58,  ,  ,86,]
[3,12,  ,33,  ,  ,62,73,  ,]
[ ,16,  ,38,49,  ,63,75,  ,]

[ ,17,  ,31,46,53,  ,  ,84,]
[2,  ,28,  ,  ,59,  ,78,89,]
[8,19,  ,34,  ,  ,60,79,  ,]

[ ,13,23,  ,42,52,  ,  ,87,]
[ ,  ,  ,32,45,55,64,  ,88,]
[9,  ,29,  ,47,  ,68,74,  ,]

[ ,15,24,  ,40,  ,61,  ,80,]
[ ,  ,25,30,43,51,  ,  ,82,]
[7,  ,26,36,  ,  ,65,76,  ,]

[ ,  ,23,  ,48,54,62,74,  ,]
[8,10,26,  ,  ,  ,63,  ,81,]
[ ,16,  ,39,  ,57,  ,79,82,]

[3,  ,29,  ,41,  ,60,70,  ,]
[ ,13,  ,30,  ,50,  ,72,85,]
[6,14,  ,38,  ,59,  ,  ,87,]

[4,  ,21,  ,40,56,  ,  ,90,]
[7,15,  ,31,  ,  ,65,75,  ,]
[ ,17,  ,32,47,  ,67,76,  ,]

[ ,12,  ,35,42,51,  ,  ,80,]
[5,  ,24,  ,  ,55,  ,73,89,]
[9,18,  ,36,  ,  ,68,77,  ,]

[ ,11,20,  ,45,52,  ,  ,84,]
[ ,  ,  ,33,46,58,61,  ,88,]
[2,  ,25,  ,49,  ,64,71,  ,]

[ ,19,22,  ,43,  ,66,  ,83,]
[ ,  ,27,34,44,53,  ,  ,86,]
[1,  ,28,37,  ,  ,69,78,  ,]

[ ,  ,22,34,  ,50,  ,78,82,]
[ ,16,25,  ,42,51,66,  ,  ,]
[7,19,  ,  ,  ,  ,69,79,83,]

[3,  ,24,  ,40,  ,64,74,  ,]
[ ,17,  ,35,  ,56,  ,76,84,]
[4,18,  ,38,  ,59,  ,  ,87,]

[8,  ,26,  ,43,52,  ,  ,81,]
[9,11,  ,37,  ,  ,62,72,  ,]
[ ,15,  ,39,49,  ,65,73,  ,]

[ ,12,  ,32,47,55,  ,  ,86,]
[2,  ,28,  ,  ,58,  ,70,90,]
[5,14,  ,33,  ,  ,67,77,  ,]

[ ,10,20,  ,44,54,  ,  ,80,]
[ ,  ,  ,30,45,57,60,  ,89,]
[1,  ,21,  ,46,  ,68,75,  ,]

[ ,13,23,  ,41,  ,61,  ,85,]
[ ,  ,27,31,48,53,  ,  ,88,]
[6,  ,29,36,  ,  ,63,71,  ,]

[2,  ,27,  ,  ,50,63,70,  ,]
[ ,11,29,  ,41,59,  ,  ,83,]
[ ,13,  ,37,  ,  ,66,79,87,]

[4,  ,24,  ,40,  ,67,74,  ,]
[ ,18,  ,33,  ,53,  ,76,80,]
[7,19,  ,35,  ,57,  ,  ,82,]

[3,  ,28,  ,42,56,  ,  ,89,]
[6,10,  ,31,  ,  ,62,71,  ,]
[ ,12,  ,34,45,  ,68,73,  ,]

[ ,14,  ,30,47,52,  ,  ,88,]
[1,  ,23,  ,  ,54,  ,77,90,]
[9,17,  ,32,  ,  ,69,78,  ,]

[ ,15,21,  ,46,51,  ,  ,84,]
[ ,  ,  ,36,48,55,60,  ,85,]
[8,  ,22,  ,49,  ,61,75,  ,]

[ ,16,20,  ,43,  ,64,  ,81,]
[ ,  ,25,38,44,58,  ,  ,86,]
[5,  ,26,39,  ,  ,65,72,  ,]

[ ,  ,22,36,  ,  ,60,78,83,]
[4,10,23,  ,  ,52,  ,  ,84,]
[ ,13,  ,  ,42,59,61,79,  ,]

[1,  ,21,  ,48,  ,63,75,  ,]
[ ,11,  ,30,  ,50,  ,77,82,]
[3,15,  ,38,  ,55,  ,  ,86,]

[7,  ,28,  ,44,56,  ,  ,85,]
[9,16,  ,34,  ,  ,62,71,  ,]
[ ,18,  ,35,45,  ,64,72,  ,]

[ ,14,  ,33,46,51,  ,  ,80,]
[5,  ,29,  ,  ,54,  ,73,90,]
[6,17,  ,39,  ,  ,67,76,  ,]

[ ,19,20,  ,43,53,  ,  ,88,]
[ ,  ,  ,32,47,57,66,  ,89,]
[8,  ,27,  ,49,  ,68,74,  ,]

[ ,12,24,  ,40,  ,65,  ,81,]
[ ,  ,25,31,41,58,  ,  ,87,]
[2,  ,26,37,  ,  ,69,70,  ,]

[ ,  ,25,34,  ,  ,66,74,85,]
[ ,14,29,  ,46,50,  ,  ,87,]
[9,15,  ,  ,  ,58,67,77,  ,]

[6,  ,20,  ,45,  ,69,76,  ,]
[ ,12,  ,30,  ,52,  ,79,80,]
[8,16,  ,37,  ,53,  ,  ,89,]

[1,  ,28,  ,43,54,  ,  ,86,]
[2,18,  ,31,  ,  ,60,70,  ,]
[ ,19,  ,39,44,  ,63,71,  ,]

[ ,13,  ,36,48,51,  ,  ,84,]
[5,  ,24,  ,  ,55,  ,72,88,]
[7,17,  ,38,  ,  ,62,75,  ,]

[ ,10,23,  ,40,57,  ,  ,82,]
[ ,  ,  ,35,47,59,64,  ,90,]
[4,  ,26,  ,49,  ,68,78,  ,]

[ ,11,21,  ,41,  ,61,  ,81,]
[ ,  ,22,32,42,56,  ,  ,83,]
[3,  ,27,33,  ,  ,65,73,  ,]

[ ,  ,24,32,  ,  ,62,70,86,]
[1,15,29,  ,  ,51,64,  ,  ,]
[ ,19,  ,  ,41,57,  ,72,90,]

[6,  ,22,  ,46,  ,67,71,  ,]
[ ,16,  ,30,  ,50,  ,78,80,]
[7,18,  ,35,  ,55,  ,  ,84,]

[4,  ,21,  ,47,52,  ,  ,85,]
[5,10,  ,33,  ,  ,60,73,  ,]
[ ,12,  ,34,48,  ,66,76,  ,]

[ ,11,  ,36,42,53,  ,  ,82,]
[2,  ,26,  ,  ,56,  ,74,87,]
[9,13,  ,37,  ,  ,68,75,  ,]

[ ,14,23,  ,40,54,  ,  ,81,]
[ ,  ,  ,39,44,59,61,  ,83,]
[8,  ,25,  ,49,  ,65,79,  ,]

[ ,17,20,  ,43,  ,63,  ,88,]
[ ,  ,27,31,45,58,  ,  ,89,]
[3,  ,28,38,  ,  ,69,77,  ,]

[ ,  ,22,  ,42,54,  ,76,84,]
[6,10,23,  ,  ,  ,60,  ,89,]
[ ,13,  ,30,  ,56,62,79,  ,]

[8,  ,28,  ,40,  ,63,71,  ,]
[ ,12,  ,34,  ,51,  ,74,86,]
[9,17,  ,38,  ,53,  ,  ,87,]

[1,  ,27,  ,41,52,  ,  ,80,]
[7,11,  ,31,  ,  ,65,70,  ,]
[ ,19,  ,37,44,  ,68,72,  ,]

[ ,15,  ,33,45,50,  ,  ,82,]
[2,  ,25,  ,  ,55,  ,73,88,]
[4,18,  ,35,  ,  ,66,75,  ,]

[ ,16,24,  ,43,58,  ,  ,83,]
[ ,  ,  ,39,47,59,61,  ,85,]
[5,  ,29,  ,48,  ,69,77,  ,]

[ ,14,20,  ,46,  ,64,  ,81,]
[ ,  ,21,32,49,57,  ,  ,90,]
[3,  ,26,36,  ,  ,67,78,  ,]

[7,  ,20,  ,  ,  ,64,73,81,]
[ ,13,22,  ,46,54,  ,  ,83,]
[ ,15,  ,30,  ,55,66,74,  ,]

[5,  ,21,  ,42,  ,60,75,  ,]
[ ,11,  ,34,  ,50,  ,79,80,]
[6,17,  ,37,  ,53,  ,  ,86,]

[4,  ,24,  ,40,52,  ,  ,87,]
[9,14,  ,32,  ,  ,63,70,  ,]
[ ,18,  ,36,43,  ,68,76,  ,]

[ ,10,  ,33,49,56,  ,  ,82,]
[1,  ,25,  ,  ,59,  ,77,85,]
[2,12,  ,39,  ,  ,65,78,  ,]

[ ,16,26,  ,41,51,  ,  ,89,]
[ ,  ,  ,38,44,57,67,  ,90,]
[8,  ,27,  ,48,  ,69,72,  ,]

[ ,19,23,  ,45,  ,61,  ,84,]
[ ,  ,28,31,47,58,  ,  ,88,]
[3,  ,29,35,  ,  ,62,71,  ,]

[1,  ,24,  ,  ,  ,67,70,86,]
[ ,11,25,36,  ,53,69,  ,  ,]
[ ,13,  ,  ,48,55,  ,75,89,]

[6,  ,21,  ,42,  ,63,71,  ,]
[ ,10,  ,30,  ,50,  ,72,81,]
[7,17,  ,32,  ,51,  ,  ,82,]

[8,  ,28,  ,45,58,  ,  ,88,]
[9,16,  ,33,  ,  ,61,73,  ,]
[ ,18,  ,34,46,  ,62,79,  ,]

[ ,12,  ,35,44,52,  ,  ,80,]
[2,  ,23,  ,  ,57,  ,74,84,]
[4,19,  ,38,  ,  ,64,77,  ,]

[ ,14,22,  ,40,56,  ,  ,87,]
[ ,  ,  ,39,47,59,60,  ,90,]
[5,  ,27,  ,49,  ,65,76,  ,]

[ ,15,20,  ,41,  ,66,  ,83,]
[ ,  ,26,31,43,54,  ,  ,85,]
[3,  ,29,37,  ,  ,68,78,  ,]

[1,  ,26,  ,  ,  ,64,73,82,]
[ ,17,28,  ,41,50,  ,  ,86,]
[ ,19,  ,37,  ,53,65,76,  ,]

[2,  ,27,  ,49,  ,69,74,  ,]
[ ,12,  ,32,  ,51,  ,78,85,]
[7,16,  ,39,  ,59,  ,  ,90,]

[4,  ,23,  ,46,57,  ,  ,83,]
[9,14,  ,34,  ,  ,62,72,  ,]
[ ,18,  ,38,47,  ,66,75,  ,]

[ ,10,  ,35,44,54,  ,  ,87,]
[3,  ,29,  ,  ,58,  ,71,89,]
[5,13,  ,36,  ,  ,60,77,  ,]

[ ,11,20,  ,42,52,  ,  ,81,]
[ ,  ,  ,33,45,55,67,  ,88,]
[8,  ,24,  ,48,  ,68,70,  ,]

[ ,15,21,  ,40,  ,61,  ,80,]
[ ,  ,22,30,43,56,  ,  ,84,]
[6,  ,25,31,  ,  ,63,79,  ,]

[2,10,  ,  ,  ,  ,61,72,81,]
[ ,18,25,37,  ,51,67,  ,  ,]
[ ,  ,28,  ,42,57,  ,75,85,]

[1,  ,24,  ,41,  ,63,76,  ,]
[ ,14,  ,31,  ,52,  ,78,80,]
[4,15,  ,35,  ,54,  ,  ,88,]

[6,  ,21,  ,43,55,  ,  ,86,]
[8,12,  ,30,  ,  ,62,74,  ,]
[ ,13,  ,39,47,  ,68,79,  ,]

[ ,16,  ,32,46,50,  ,  ,82,]
[7,  ,22,  ,  ,59,  ,70,87,]
[9,19,  ,38,  ,  ,65,71,  ,]

[ ,17,23,  ,40,53,  ,  ,83,]
[ ,  ,  ,36,48,56,66,  ,89,]
[3,  ,26,  ,49,  ,69,77,  ,]

[ ,11,20,  ,44,  ,60,  ,84,]
[ ,  ,27,33,45,58,  ,  ,90,]
[5,  ,29,34,  ,  ,64,73,  ,]

[ ,10,  ,32,  ,54,  ,70,82,]
[ ,18,24,  ,44,  ,61,  ,88,]
[2,  ,25,  ,  ,58,66,78,  ,]

[3,  ,22,  ,40,  ,60,71,  ,]
[ ,15,  ,35,  ,55,  ,76,80,]
[7,16,  ,37,  ,59,  ,  ,85,]

[5,  ,26,  ,46,50,  ,  ,81,]
[9,11,  ,34,  ,  ,67,75,  ,]
[ ,14,  ,36,49,  ,68,77,  ,]

[ ,17,  ,30,47,53,  ,  ,83,]
[1,  ,21,  ,  ,57,  ,72,87,]
[8,19,  ,39,  ,  ,63,74,  ,]

[ ,12,20,  ,41,51,  ,  ,89,]
[ ,  ,  ,38,45,52,64,  ,90,]
[4,  ,27,  ,48,  ,65,79,  ,]

[ ,13,23,  ,42,  ,62,  ,84,]
[ ,  ,28,31,43,56,  ,  ,86,]
[6,  ,29,33,  ,  ,69,73,  ,]

[1,13,  ,  ,  ,54,64,77,  ,]
[ ,16,26,  ,49,55,  ,  ,87,]
[ ,  ,29,37,  ,  ,66,79,90,]

[4,  ,21,  ,45,  ,68,73,  ,]
[ ,11,  ,30,  ,51,  ,76,80,]
[6,15,  ,31,  ,57,  ,  ,83,]

[5,  ,22,  ,44,58,  ,  ,81,]
[7,12,  ,35,  ,  ,60,74,  ,]
[ ,14,  ,38,46,  ,61,75,  ,]

[ ,17,  ,36,47,52,  ,  ,86,]
[2,  ,25,  ,  ,59,  ,70,88,]
[3,18,  ,39,  ,  ,62,71,  ,]

[ ,19,20,  ,40,50,  ,  ,84,]
[ ,  ,  ,33,43,56,65,  ,89,]
[9,  ,28,  ,48,  ,69,72,  ,]

[ ,10,23,  ,41,  ,63,  ,82,]
[ ,  ,24,32,42,53,  ,  ,85,]
[8,  ,27,34,  ,  ,67,78,  ,]

[ ,13,  ,  ,46,  ,66,71,85,]
[4,14,25,  ,  ,51,  ,  ,90,]
[ ,  ,27,35,  ,54,68,73,  ,]

[1,  ,29,  ,44,  ,65,74,  ,]
[ ,11,  ,32,  ,50,  ,77,81,]
[7,19,  ,33,  ,58,  ,  ,87,]

[3,  ,20,  ,41,53,  ,  ,80,]
[8,12,  ,30,  ,  ,62,70,  ,]
[ ,18,  ,39,42,  ,67,79,  ,]

[ ,15,  ,31,40,52,  ,  ,82,]
[5,  ,22,  ,  ,57,  ,72,86,]
[6,17,  ,36,  ,  ,64,78,  ,]

[ ,10,26,  ,43,56,  ,  ,84,]
[ ,  ,  ,34,47,59,63,  ,89,]
[9,  ,28,  ,49,  ,69,76,  ,]

[ ,16,21,  ,45,  ,60,  ,83,]
[ ,  ,23,37,48,55,  ,  ,88,]
[2,  ,24,38,  ,  ,61,75,  ,]

[ ,  ,24,  ,44,54,61,70,  ,]
[ ,13,25,36,  ,  ,65,  ,80,]
[1,15,  ,  ,  ,58,  ,71,83,]

[5,  ,22,  ,41,  ,66,74,  ,]
[ ,12,  ,33,  ,51,  ,76,81,]
[9,18,  ,38,  ,59,  ,  ,88,]

[2,  ,29,  ,42,52,  ,  ,90,]
[7,10,  ,30,  ,  ,60,73,  ,]
[ ,19,  ,37,45,  ,64,75,  ,]

[ ,11,  ,32,47,53,  ,  ,82,]
[3,  ,21,  ,  ,57,  ,72,85,]
[4,16,  ,35,  ,  ,69,77,  ,]

[ ,17,20,  ,43,55,  ,  ,84,]
[ ,  ,  ,39,46,56,67,  ,86,]
[8,  ,26,  ,48,  ,68,79,  ,]

[ ,14,23,  ,40,  ,62,  ,87,]
[ ,  ,27,31,49,50,  ,  ,89,]
[6,  ,28,34,  ,  ,63,78,  ,]

[1,16,  ,  ,  ,52,  ,75,87,]
[ ,19,22,36,  ,56,63,  ,  ,]
[ ,  ,25,  ,47,  ,69,76,90,]

[3,  ,26,  ,46,  ,68,77,  ,]
[ ,10,  ,30,  ,50,  ,78,80,]
[7,13,  ,31,  ,54,  ,  ,85,]

[2,  ,20,  ,43,58,  ,  ,83,]
[6,12,  ,32,  ,  ,61,70,  ,]
[ ,18,  ,34,45,  ,64,73,  ,]

[ ,14,  ,37,40,57,  ,  ,81,]
[4,  ,27,  ,  ,59,  ,72,86,]
[8,17,  ,38,  ,  ,65,79,  ,]

[ ,15,24,  ,41,51,  ,  ,82,]
[ ,  ,  ,35,42,55,66,  ,88,]
[5,  ,28,  ,44,  ,67,74,  ,]

[ ,11,21,  ,48,  ,60,  ,84,]
[ ,  ,23,33,49,53,  ,  ,89,]
[9,  ,29,39,  ,  ,62,71,  ,]

[4,  ,20,  ,  ,51,  ,71,86,]
[ ,18,21,  ,44,54,61,  ,  ,]
[ ,19,  ,36,  ,  ,66,77,88,]

[1,  ,23,  ,45,  ,69,70,  ,]
[ ,10,  ,38,  ,55,  ,73,81,]
[5,15,  ,39,  ,56,  ,  ,85,]

[6,  ,26,  ,43,57,  ,  ,83,]
[9,11,  ,30,  ,  ,63,72,  ,]
[ ,16,  ,33,49,  ,67,75,  ,]

[ ,13,  ,34,47,50,  ,  ,87,]
[2,  ,27,  ,  ,58,  ,74,90,]
[8,17,  ,35,  ,  ,62,79,  ,]

[ ,14,22,  ,41,52,  ,  ,82,]
[ ,  ,  ,31,42,53,64,  ,89,]
[3,  ,24,  ,48,  ,68,78,  ,]

[ ,12,25,  ,40,  ,60,  ,80,]
[ ,  ,28,32,46,59,  ,  ,84,]
[7,  ,29,37,  ,  ,65,76,  ,]

[4,  ,24,  ,  ,55,  ,71,83,]
[ ,12,28,33,  ,57,61,  ,  ,]
[ ,13,  ,  ,48,  ,66,77,84,]

[2,  ,21,  ,42,  ,68,72,  ,]
[ ,11,  ,32,  ,51,  ,74,85,]
[7,15,  ,35,  ,52,  ,  ,89,]

[6,  ,25,  ,46,58,  ,  ,80,]
[9,14,  ,34,  ,  ,60,78,  ,]
[ ,17,  ,39,49,  ,69,79,  ,]

[ ,16,  ,37,45,50,  ,  ,82,]
[1,  ,20,  ,  ,54,  ,73,87,]
[3,18,  ,38,  ,  ,63,76,  ,]

[ ,19,26,  ,40,53,  ,  ,86,]
[ ,  ,  ,36,41,56,64,  ,90,]
[8,  ,27,  ,43,  ,65,75,  ,]

[ ,10,22,  ,44,  ,62,  ,81,]
[ ,  ,23,30,47,59,  ,  ,88,]
[5,  ,29,31,  ,  ,67,70,  ,]

[ ,  ,21,38,  ,52,65,75,  ,]
[5,10,25,  ,  ,  ,66,  ,81,]
[ ,16,  ,  ,47,58,  ,77,83,]

[3,  ,22,  ,40,  ,64,74,  ,]
[ ,14,  ,30,  ,53,  ,79,85,]
[8,18,  ,39,  ,57,  ,  ,88,]

[2,  ,28,  ,48,51,  ,  ,87,]
[9,13,  ,34,  ,  ,63,72,  ,]
[ ,15,  ,36,49,  ,69,78,  ,]

[ ,11,  ,32,44,50,  ,  ,82,]
[1,  ,20,  ,  ,54,  ,71,86,]
[6,12,  ,35,  ,  ,68,76,  ,]

[ ,17,26,  ,42,56,  ,  ,80,]
[ ,  ,  ,33,45,59,60,  ,84,]
[7,  ,29,  ,46,  ,62,73,  ,]

[ ,19,23,  ,41,  ,61,  ,89,]
[ ,  ,24,31,43,55,  ,  ,90,]
[4,  ,27,37,  ,  ,67,70,  ,]

[ ,12,  ,36,  ,51,63,72,  ,]
[ ,16,22,  ,45,  ,66,  ,84,]
[7,  ,27,  ,  ,55,  ,73,90,]

[1,  ,24,  ,47,  ,65,70,  ,]
[ ,14,  ,30,  ,54,  ,79,87,]
[9,18,  ,31,  ,58,  ,  ,89,]

[3,  ,20,  ,40,59,  ,  ,82,]
[5,13,  ,35,  ,  ,60,75,  ,]
[ ,17,  ,38,49,  ,62,76,  ,]

[ ,10,  ,32,46,53,  ,  ,80,]
[4,  ,29,  ,  ,56,  ,71,81,]
[8,15,  ,34,  ,  ,61,74,  ,]

[ ,11,21,  ,43,50,  ,  ,85,]
[ ,  ,  ,33,44,52,64,  ,88,]
[6,  ,28,  ,48,  ,67,78,  ,]

[ ,19,23,  ,41,  ,68,  ,83,]
[ ,  ,25,37,42,57,  ,  ,86,]
[2,  ,26,39,  ,  ,69,77,  ,]

[ ,10,  ,  ,45,57,66,73,  ,]
[7,16,24,  ,  ,  ,68,  ,82,]
[ ,  ,29,33,  ,58,  ,74,88,]

[2,  ,27,  ,43,  ,65,72,  ,]
[ ,13,  ,30,  ,52,  ,76,84,]
[3,14,  ,31,  ,56,  ,  ,89,]

[4,  ,22,  ,48,59,  ,  ,83,]
[5,12,  ,35,  ,  ,62,70,  ,]
[ ,15,  ,37,49,  ,67,78,  ,]

[ ,17,  ,32,47,53,  ,  ,81,]
[8,  ,23,  ,  ,54,  ,75,87,]
[9,19,  ,38,  ,  ,63,79,  ,]

[ ,11,20,  ,40,51,  ,  ,80,]
[ ,  ,  ,36,44,55,61,  ,85,]
[6,  ,21,  ,46,  ,64,77,  ,]

[ ,18,25,  ,41,  ,60,  ,86,]
[ ,  ,26,34,42,50,  ,  ,90,]
[1,  ,28,39,  ,  ,69,71,  ,]

[9,12,  ,  ,  ,52,63,73,  ,]
[ ,17,26,31,  ,  ,65,  ,84,]
[ ,  ,29,  ,42,56,  ,75,87,]

[4,  ,27,  ,40,  ,66,72,  ,]
[ ,13,  ,33,  ,50,  ,77,86,]
[8,18,  ,35,  ,53,  ,  ,88,]

[3,  ,23,  ,47,57,  ,  ,90,]
[7,11,  ,32,  ,  ,64,70,  ,]
[ ,19,  ,37,49,  ,67,78,  ,]

[ ,10,  ,30,41,51,  ,  ,81,]
[2,  ,24,  ,  ,54,  ,76,89,]
[5,15,  ,34,  ,  ,62,79,  ,]

[ ,14,20,  ,44,58,  ,  ,82,]
[ ,  ,  ,39,46,59,60,  ,85,]
[6,  ,28,  ,48,  ,61,71,  ,]

[ ,16,21,  ,43,  ,68,  ,80,]
[ ,  ,22,36,45,55,  ,  ,83,]
[1,  ,25,38,  ,  ,69,74,  ,]

[2,  ,20,  ,  ,50,  ,75,83,]
[ ,10,26,32,  ,51,65,  ,  ,]
[ ,16,  ,  ,45,  ,68,78,84,]

[1,  ,22,  ,46,  ,64,73,  ,]
[ ,11,  ,31,  ,54,  ,79,87,]
[6,14,  ,33,  ,59,  ,  ,89,]

[4,  ,23,  ,40,53,  ,  ,81,]
[5,15,  ,38,  ,  ,60,70,  ,]
[ ,18,  ,39,48,  ,63,71,  ,]

[ ,13,  ,30,43,55,  ,  ,85,]
[3,  ,29,  ,  ,58,  ,76,88,]
[8,17,  ,34,  ,  ,62,77,  ,]

[ ,12,25,  ,44,52,  ,  ,82,]
[ ,  ,  ,35,47,56,61,  ,90,]
[7,  ,27,  ,49,  ,69,74,  ,]

[ ,19,21,  ,41,  ,66,  ,80,]
[ ,  ,24,36,42,57,  ,  ,86,]
[9,  ,28,37,  ,  ,67,72,  ,]

[7,12,  ,  ,  ,  ,60,71,83,]
[ ,19,22,  ,48,57,62,  ,  ,]
[ ,  ,27,37,  ,58,  ,75,90,]

[2,  ,23,  ,45,  ,66,73,  ,]
[ ,14,  ,32,  ,50,  ,76,80,]
[6,16,  ,35,  ,54,  ,  ,81,]

[8,  ,24,  ,43,59,  ,  ,85,]
[9,17,  ,31,  ,  ,61,70,  ,]
[ ,18,  ,34,46,  ,63,79,  ,]

[ ,11,  ,33,44,53,  ,  ,88,]
[3,  ,28,  ,  ,56,  ,77,89,]
[4,13,  ,39,  ,  ,65,78,  ,]

[ ,15,25,  ,42,51,  ,  ,84,]
[ ,  ,  ,36,47,55,64,  ,87,]
[5,  ,29,  ,49,  ,69,74,  ,]

[ ,10,20,  ,40,  ,67,  ,82,]
[ ,  ,21,30,41,52,  ,  ,86,]
[1,  ,26,38,  ,  ,68,72,  ,]

[9,  ,27,  ,  ,50,67,78,  ,]
[ ,15,28,  ,47,  ,68,  ,80,]
[ ,17,  ,38,  ,54,  ,79,89,]

[2,  ,25,  ,40,  ,66,74,  ,]
[ ,12,  ,32,  ,52,  ,77,82,]
[4,19,  ,36,  ,58,  ,  ,83,]

[3,  ,23,  ,41,56,  ,  ,87,]
[5,10,  ,31,  ,  ,60,71,  ,]
[ ,14,  ,39,43,  ,69,72,  ,]

[ ,16,  ,34,49,53,  ,  ,84,]
[1,  ,22,  ,  ,55,  ,70,88,]
[6,18,  ,37,  ,  ,64,73,  ,]

[ ,13,20,  ,44,51,  ,  ,81,]
[ ,  ,  ,30,45,57,62,  ,85,]
[7,  ,26,  ,46,  ,63,75,  ,]

[ ,11,21,  ,42,  ,61,  ,86,]
[ ,  ,24,33,48,59,  ,  ,90,]
[8,  ,29,35,  ,  ,65,76,  ,]

[8,10,  ,  ,  ,  ,61,72,80,]
[ ,14,25,  ,48,56,  ,  ,84,]
[ ,  ,29,38,  ,59,63,76,  ,]

[1,  ,28,  ,45,  ,65,70,  ,]
[ ,16,  ,32,  ,53,  ,78,82,]
[2,17,  ,35,  ,54,  ,  ,85,]

[3,  ,22,  ,41,58,  ,  ,86,]
[6,11,  ,36,  ,  ,60,71,  ,]
[ ,19,  ,37,47,  ,67,73,  ,]

[ ,13,  ,33,43,51,  ,  ,88,]
[7,  ,21,  ,  ,57,  ,74,90,]
[9,15,  ,34,  ,  ,64,79,  ,]

[ ,12,24,  ,44,50,  ,  ,87,]
[ ,  ,  ,30,46,55,62,  ,89,]
[5,  ,26,  ,49,  ,69,77,  ,]

[ ,18,20,  ,40,  ,66,  ,81,]
[ ,  ,23,31,42,52,  ,  ,83,]
[4,  ,27,39,  ,  ,68,75,  ,]

[ ,  ,24,30,  ,56,  ,72,87,]
[ ,10,29,  ,49,58,63,  ,  ,]
[6,19,  ,  ,  ,  ,66,78,90,]

[3,  ,23,  ,47,  ,65,74,  ,]
[ ,11,  ,34,  ,53,  ,77,86,]
[5,12,  ,38,  ,55,  ,  ,88,]

[2,  ,28,  ,41,51,  ,  ,82,]
[8,13,  ,31,  ,  ,62,75,  ,]
[ ,14,  ,33,48,  ,67,76,  ,]

[ ,16,  ,35,42,52,  ,  ,84,]
[1,  ,25,  ,  ,59,  ,73,85,]
[7,18,  ,37,  ,  ,68,79,  ,]

[ ,15,22,  ,40,54,  ,  ,81,]
[ ,  ,  ,39,44,57,60,  ,83,]
[4,  ,27,  ,45,  ,64,71,  ,]

[ ,17,20,  ,43,  ,61,  ,80,]
[ ,  ,21,32,46,50,  ,  ,89,]
[9,  ,26,36,  ,  ,69,70,  ,]

[ ,15,  ,37,  ,  ,60,74,81,]
[5,19,20,  ,  ,52,  ,  ,83,]
[ ,  ,28,  ,42,53,65,76,  ,]

[2,  ,27,  ,44,  ,61,71,  ,]
[ ,14,  ,33,  ,51,  ,72,80,]
[4,18,  ,35,  ,55,  ,  ,89,]

[3,  ,23,  ,41,58,  ,  ,88,]
[8,12,  ,34,  ,  ,62,70,  ,]
[ ,16,  ,39,48,  ,64,79,  ,]

[ ,10,  ,30,43,54,  ,  ,84,]
[7,  ,25,  ,  ,56,  ,75,86,]
[9,17,  ,32,  ,  ,68,78,  ,]

[ ,11,21,  ,40,57,  ,  ,87,]
[ ,  ,  ,38,47,59,66,  ,90,]
[1,  ,26,  ,49,  ,67,77,  ,]

[ ,13,22,  ,45,  ,63,  ,82,]
[ ,  ,24,31,46,50,  ,  ,85,]
[6,  ,29,36,  ,  ,69,73,  ,]

[1,16,  ,  ,  ,52,  ,75,82,]
[ ,17,22,  ,40,53,64,  ,  ,]
[ ,  ,29,32,  ,  ,66,77,85,]

[4,  ,23,  ,46,  ,69,74,  ,]
[ ,11,  ,31,  ,58,  ,78,84,]
[5,19,  ,34,  ,59,  ,  ,87,]

[2,  ,24,  ,41,50,  ,  ,81,]
[3,12,  ,33,  ,  ,67,70,  ,]
[ ,13,  ,36,44,  ,68,73,  ,]

[ ,14,  ,30,45,51,  ,  ,80,]
[8,  ,26,  ,  ,57,  ,72,89,]
[9,15,  ,38,  ,  ,61,76,  ,]

[ ,18,21,  ,42,54,  ,  ,83,]
[ ,  ,  ,35,43,56,62,  ,88,]
[7,  ,27,  ,48,  ,63,71,  ,]

[ ,10,20,  ,47,  ,60,  ,86,]
[ ,  ,25,37,49,55,  ,  ,90,]
[6,  ,28,39,  ,  ,65,79,  ,]

[ ,11,  ,34,  ,51,63,71,  ,]
[ ,16,22,  ,40,52,  ,  ,82,]
[8,  ,27,  ,  ,  ,68,74,88,]

[5,  ,21,  ,48,  ,60,72,  ,]
[ ,10,  ,33,  ,53,  ,78,81,]
[7,13,  ,38,  ,54,  ,  ,86,]

[4,  ,28,  ,43,59,  ,  ,80,]
[6,14,  ,31,  ,  ,64,76,  ,]
[ ,15,  ,36,47,  ,66,77,  ,]

[ ,17,  ,30,46,50,  ,  ,87,]
[3,  ,26,  ,  ,55,  ,73,90,]
[9,18,  ,39,  ,  ,61,79,  ,]

[ ,12,23,  ,41,56,  ,  ,83,]
[ ,  ,  ,37,44,57,65,  ,89,]
[2,  ,24,  ,45,  ,67,70,  ,]

[ ,19,20,  ,42,  ,62,  ,84,]
[ ,  ,25,32,49,58,  ,  ,85,]
[1,  ,29,35,  ,  ,69,75,  ,]

[3,14,  ,  ,  ,57,  ,74,84,]
[ ,19,21,30,  ,  ,60,  ,85,]
[ ,  ,27,  ,47,59,61,79,  ,]

[1,  ,28,  ,43,  ,64,73,  ,]
[ ,12,  ,36,  ,50,  ,76,83,]
[6,16,  ,39,  ,51,  ,  ,90,]

[5,  ,29,  ,41,54,  ,  ,80,]
[7,11,  ,31,  ,  ,62,72,  ,]
[ ,13,  ,32,46,  ,65,75,  ,]

[ ,10,  ,33,49,55,  ,  ,82,]
[2,  ,22,  ,  ,56,  ,70,87,]
[9,17,  ,34,  ,  ,68,71,  ,]

[ ,15,20,  ,40,52,  ,  ,86,]
[ ,  ,  ,38,44,53,63,  ,88,]
[4,  ,24,  ,45,  ,66,77,  ,]

[ ,18,23,  ,42,  ,67,  ,81,]
[ ,  ,25,35,48,58,  ,  ,89,]
[8,  ,26,37,  ,  ,69,78,  ,]

[ ,11,  ,31,  ,  ,62,77,83,]
[ ,19,23,  ,40,51,  ,  ,84,]
[7,  ,26,  ,  ,59,64,78,  ,]

[5,  ,22,  ,43,  ,65,74,  ,]
[ ,15,  ,34,  ,50,  ,75,82,]
[9,17,  ,35,  ,58,  ,  ,89,]

[1,  ,29,  ,44,52,  ,  ,81,]
[2,10,  ,33,  ,  ,60,70,  ,]
[ ,18,  ,37,48,  ,69,72,  ,]

[ ,13,  ,36,41,53,  ,  ,86,]
[6,  ,24,  ,  ,56,  ,73,88,]
[8,16,  ,38,  ,  ,61,79,  ,]

[ ,12,21,  ,42,55,  ,  ,87,]
[ ,  ,  ,32,45,57,67,  ,90,]
[4,  ,27,  ,49,  ,68,76,  ,]

[ ,14,20,  ,46,  ,63,  ,80,]
[ ,  ,25,30,47,54,  ,  ,85,]
[3,  ,28,39,  ,  ,66,71,  ,]

[ ,  ,22,35,  ,52,61,70,  ,]
[3,15,23,  ,  ,58,  ,  ,82,]
[ ,16,  ,  ,47,  ,66,78,86,]

[2,  ,29,  ,48,  ,64,77,  ,]
[ ,14,  ,32,  ,56,  ,79,83,]
[8,17,  ,33,  ,59,  ,  ,84,]

[1,  ,24,  ,42,51,  ,  ,85,]
[7,12,  ,30,  ,  ,63,71,  ,]
[ ,13,  ,38,45,  ,65,74,  ,]

[ ,11,  ,31,49,54,  ,  ,80,]
[5,  ,25,  ,  ,57,  ,72,81,]
[9,18,  ,37,  ,  ,67,76,  ,]

[ ,10,20,  ,40,50,  ,  ,88,]
[ ,  ,  ,39,44,55,60,  ,90,]
[4,  ,26,  ,46,  ,68,73,  ,]

[ ,19,21,  ,41,  ,62,  ,87,]
[ ,  ,27,34,43,53,  ,  ,89,]
[6,  ,28,36,  ,  ,69,75,  ,]

[ ,15,  ,37,  ,53,  ,71,82,]
[ ,18,27,  ,40,  ,60,  ,85,]
[3,  ,29,  ,  ,59,62,77,  ,]

[5,  ,24,  ,45,  ,63,74,  ,]
[ ,10,  ,30,  ,51,  ,79,80,]
[7,16,  ,32,  ,56,  ,  ,86,]

[4,  ,25,  ,41,58,  ,  ,87,]
[8,11,  ,33,  ,  ,66,76,  ,]
[ ,12,  ,38,46,  ,67,78,  ,]

[ ,13,  ,34,49,54,  ,  ,81,]
[1,  ,23,  ,  ,57,  ,70,89,]
[9,19,  ,36,  ,  ,69,73,  ,]

[ ,14,21,  ,42,50,  ,  ,83,]
[ ,  ,  ,39,47,52,64,  ,84,]
[2,  ,26,  ,48,  ,68,75,  ,]

[ ,17,20,  ,43,  ,61,  ,88,]
[ ,  ,22,31,44,55,  ,  ,90,]
[6,  ,28,35,  ,  ,65,72,  ,]

[8,  ,21,  ,  ,  ,60,77,81,]
[ ,15,22,  ,48,50,  ,  ,90,]
[ ,17,  ,30,  ,59,64,78,  ,]

[5,  ,29,  ,46,  ,69,71,  ,]
[ ,10,  ,36,  ,51,  ,73,85,]
[9,14,  ,39,  ,52,  ,  ,89,]

[2,  ,25,  ,43,55,  ,  ,80,]
[6,11,  ,35,  ,  ,66,70,  ,]
[ ,12,  ,38,47,  ,67,79,  ,]

[ ,13,  ,31,42,53,  ,  ,82,]
[3,  ,28,  ,  ,54,  ,74,86,]
[4,16,  ,33,  ,  ,68,75,  ,]

[ ,19,20,  ,40,57,  ,  ,83,]
[ ,  ,  ,32,44,58,61,  ,87,]
[1,  ,27,  ,45,  ,63,72,  ,]

[ ,18,23,  ,41,  ,62,  ,84,]
[ ,  ,24,34,49,56,  ,  ,88,]
[7,  ,26,37,  ,  ,65,76,  ,]

[7,  ,21,  ,  ,  ,61,76,81,]
[ ,15,26,31,  ,52,63,  ,  ,]
[ ,18,  ,  ,45,56,  ,79,83,]

[3,  ,27,  ,43,  ,64,70,  ,]
[ ,10,  ,37,  ,51,  ,71,80,]
[4,19,  ,38,  ,54,  ,  ,89,]

[5,  ,29,  ,42,59,  ,  ,85,]
[6,13,  ,30,  ,  ,60,72,  ,]
[ ,14,  ,34,44,  ,65,78,  ,]

[ ,11,  ,32,40,55,  ,  ,84,]
[2,  ,20,  ,  ,58,  ,73,90,]
[9,12,  ,39,  ,  ,69,75,  ,]

[ ,17,22,  ,41,50,  ,  ,82,]
[ ,  ,  ,35,48,57,62,  ,87,]
[8,  ,23,  ,49,  ,66,74,  ,]

[ ,16,24,  ,46,  ,67,  ,86,]
[ ,  ,25,33,47,53,  ,  ,88,]
[1,  ,28,36,  ,  ,68,77,  ,]

[ ,11,  ,33,  ,56,  ,71,84,]
[2,16,21,  ,  ,  ,65,  ,88,]
[ ,  ,24,  ,47,57,68,73,  ,]

[5,  ,28,  ,41,  ,60,72,  ,]
[ ,17,  ,30,  ,50,  ,78,82,]
[6,18,  ,37,  ,54,  ,  ,86,]

[3,  ,27,  ,43,59,  ,  ,80,]
[9,12,  ,32,  ,  ,64,74,  ,]
[ ,14,  ,38,46,  ,67,76,  ,]

[ ,10,  ,31,45,51,  ,  ,87,]
[1,  ,26,  ,  ,58,  ,77,89,]
[7,19,  ,36,  ,  ,62,79,  ,]

[ ,15,22,  ,40,53,  ,  ,83,]
[ ,  ,  ,35,42,55,66,  ,90,]
[8,  ,23,  ,44,  ,69,70,  ,]

[ ,13,20,  ,48,  ,61,  ,81,]
[ ,  ,25,34,49,52,  ,  ,85,]
[4,  ,29,39,  ,  ,63,75,  ,]

[ ,  ,23,  ,40,52,  ,77,87,]
[9,10,27,  ,  ,  ,65,  ,88,]
[ ,11,  ,38,  ,56,67,78,  ,]

[3,  ,22,  ,48,  ,62,75,  ,]
[ ,13,  ,33,  ,55,  ,79,82,]
[5,16,  ,34,  ,57,  ,  ,89,]

[1,  ,29,  ,46,51,  ,  ,90,]
[6,15,  ,31,  ,  ,61,70,  ,]
[ ,17,  ,37,47,  ,69,74,  ,]

[ ,14,  ,32,42,53,  ,  ,81,]
[2,  ,21,  ,  ,58,  ,71,83,]
[4,19,  ,39,  ,  ,63,73,  ,]

[ ,18,24,  ,43,50,  ,  ,80,]
[ ,  ,  ,35,44,54,66,  ,86,]
[7,  ,26,  ,49,  ,68,76,  ,]

[ ,12,20,  ,41,  ,60,  ,84,]
[ ,  ,25,30,45,59,  ,  ,85,]
[8,  ,28,36,  ,  ,64,72,  ,]

[ ,  ,24,30,  ,  ,63,71,84,]
[8,10,28,  ,  ,53,  ,  ,85,]
[ ,17,  ,  ,44,54,69,78,  ,]

[4,  ,20,  ,45,  ,62,70,  ,]
[ ,15,  ,33,  ,55,  ,76,82,]
[6,19,  ,37,  ,58,  ,  ,89,]

[1,  ,23,  ,41,57,  ,  ,90,]
[2,12,  ,35,  ,  ,64,73,  ,]
[ ,14,  ,39,42,  ,67,79,  ,]

[ ,16,  ,34,47,52,  ,  ,80,]
[5,  ,21,  ,  ,56,  ,72,81,]
[9,18,  ,36,  ,  ,61,77,  ,]

[ ,11,22,  ,43,50,  ,  ,86,]
[ ,  ,  ,31,46,51,60,  ,87,]
[3,  ,26,  ,49,  ,66,75,  ,]

[ ,13,25,  ,40,  ,65,  ,83,]
[ ,  ,27,32,48,59,  ,  ,88,]
[7,  ,29,38,  ,  ,68,74,  ,]

[ ,15,  ,33,  ,51,  ,71,80,]
[7,19,20,  ,  ,  ,60,  ,85,]
[ ,  ,23,  ,47,53,67,73,  ,]

[5,  ,24,  ,48,  ,69,75,  ,]
[ ,14,  ,37,  ,50,  ,78,81,]
[6,17,  ,39,  ,54,  ,  ,88,]

[1,  ,25,  ,40,57,  ,  ,87,]
[2,13,  ,30,  ,  ,64,77,  ,]
[ ,18,  ,35,45,  ,68,79,  ,]

[ ,11,  ,32,46,52,  ,  ,82,]
[4,  ,27,  ,  ,55,  ,70,84,]
[8,12,  ,34,  ,  ,62,76,  ,]

[ ,10,26,  ,41,58,  ,  ,83,]
[ ,  ,  ,36,42,59,61,  ,86,]
[9,  ,28,  ,43,  ,66,74,  ,]

[ ,16,21,  ,44,  ,63,  ,89,]
[ ,  ,22,31,49,56,  ,  ,90,]
[3,  ,29,38,  ,  ,65,72,  ,]

[7,13,  ,  ,  ,55,61,71,  ,]
[ ,14,20,34,  ,56,  ,  ,81,]
[ ,  ,29,  ,43,  ,62,75,90,]

[1,  ,26,  ,41,  ,65,70,  ,]
[ ,11,  ,32,  ,54,  ,78,82,]
[6,17,  ,38,  ,59,  ,  ,83,]

[8,  ,27,  ,40,51,  ,  ,85,]
[9,12,  ,37,  ,  ,60,74,  ,]
[ ,15,  ,39,49,  ,69,76,  ,]

[ ,10,  ,33,47,50,  ,  ,88,]
[3,  ,21,  ,  ,58,  ,72,89,]
[4,16,  ,36,  ,  ,64,73,  ,]

[ ,18,23,  ,45,52,  ,  ,80,]
[ ,  ,  ,35,46,53,63,  ,84,]
[2,  ,28,  ,48,  ,68,79,  ,]

[ ,19,22,  ,42,  ,66,  ,86,]
[ ,  ,24,30,44,57,  ,  ,87,]
[5,  ,25,31,  ,  ,67,77,  ,]

[9,12,  ,  ,  ,53,  ,72,81,]
[ ,18,21,33,  ,  ,65,  ,90,]
[ ,  ,27,  ,41,59,66,79,  ,]

[5,  ,26,  ,40,  ,67,71,  ,]
[ ,10,  ,30,  ,52,  ,73,87,]
[8,11,  ,35,  ,58,  ,  ,89,]

[1,  ,28,  ,43,51,  ,  ,85,]
[7,13,  ,31,  ,  ,60,70,  ,]
[ ,14,  ,39,46,  ,61,75,  ,]

[ ,15,  ,36,49,55,  ,  ,80,]
[2,  ,24,  ,  ,57,  ,76,82,]
[6,19,  ,37,  ,  ,68,78,  ,]

[ ,16,20,  ,42,54,  ,  ,84,]
[ ,  ,  ,38,45,56,63,  ,86,]
[3,  ,29,  ,47,  ,64,74,  ,]

[ ,17,22,  ,44,  ,62,  ,83,]
[ ,  ,23,32,48,50,  ,  ,88,]
[4,  ,25,34,  ,  ,69,77,  ,]

[7,  ,22,  ,  ,56,64,74,  ,]
[ ,10,29,  ,47,  ,69,  ,89,]
[ ,16,  ,31,  ,57,  ,77,90,]

[1,  ,23,  ,41,  ,62,70,  ,]
[ ,14,  ,32,  ,51,  ,75,81,]
[4,19,  ,35,  ,52,  ,  ,85,]

[2,  ,27,  ,40,54,  ,  ,82,]
[5,12,  ,34,  ,  ,66,76,  ,]
[ ,15,  ,38,46,  ,67,79,  ,]

[ ,13,  ,33,48,50,  ,  ,80,]
[8,  ,20,  ,  ,55,  ,71,88,]
[9,18,  ,37,  ,  ,60,78,  ,]

[ ,17,26,  ,42,53,  ,  ,84,]
[ ,  ,  ,39,44,58,61,  ,87,]
[6,  ,28,  ,49,  ,65,72,  ,]

[ ,11,21,  ,43,  ,63,  ,83,]
[ ,  ,24,30,45,59,  ,  ,86,]
[3,  ,25,36,  ,  ,68,73,  ,]

[ ,  ,20,32,  ,53,61,73,  ,]
[6,13,23,  ,  ,  ,63,  ,85,]
[ ,14,  ,  ,45,56,  ,77,89,]

[2,  ,22,  ,44,  ,62,70,  ,]
[ ,16,  ,31,  ,55,  ,74,82,]
[8,17,  ,33,  ,59,  ,  ,90,]

[3,  ,27,  ,46,52,  ,  ,83,]
[7,15,  ,38,  ,  ,65,72,  ,]
[ ,19,  ,39,47,  ,68,76,  ,]

[ ,10,  ,34,48,50,  ,  ,87,]
[5,  ,26,  ,  ,58,  ,71,88,]
[9,18,  ,35,  ,  ,69,75,  ,]

[ ,11,21,  ,40,51,  ,  ,81,]
[ ,  ,  ,37,41,54,66,  ,84,]
[1,  ,24,  ,49,  ,67,79,  ,]

[ ,12,25,  ,42,  ,60,  ,80,]
[ ,  ,28,30,43,57,  ,  ,86,]
[4,  ,29,36,  ,  ,64,78,  ,]

[ ,  ,21,  ,44,52,  ,72,81,]
[ ,13,29,31,  ,  ,62,  ,87,]
[9,14,  ,  ,  ,59,64,73,  ,]

[4,  ,24,  ,49,  ,61,74,  ,]
[ ,10,  ,34,  ,50,  ,75,82,]
[5,18,  ,35,  ,56,  ,  ,90,]

[2,  ,22,  ,40,55,  ,  ,86,]
[3,16,  ,38,  ,  ,60,71,  ,]
[ ,19,  ,39,46,  ,65,78,  ,]

[ ,12,  ,33,41,54,  ,  ,83,]
[1,  ,20,  ,  ,58,  ,77,85,]
[6,17,  ,37,  ,  ,69,79,  ,]

[ ,11,26,  ,42,51,  ,  ,84,]
[ ,  ,  ,36,45,57,63,  ,89,]
[8,  ,27,  ,48,  ,67,70,  ,]

[ ,15,23,  ,43,  ,66,  ,80,]
[ ,  ,25,30,47,53,  ,  ,88,]
[7,  ,28,32,  ,  ,68,76,  ,]

[ ,  ,23,30,  ,52,  ,73,85,]
[9,10,27,  ,  ,  ,60,  ,89,]
[ ,11,  ,  ,40,55,61,74,  ,]

[1,  ,20,  ,42,  ,65,71,  ,]
[ ,15,  ,33,  ,53,  ,77,83,]
[8,19,  ,37,  ,56,  ,  ,86,]

[6,  ,21,  ,44,57,  ,  ,84,]
[7,14,  ,32,  ,  ,63,72,  ,]
[ ,18,  ,34,45,  ,66,79,  ,]

[ ,16,  ,31,47,51,  ,  ,80,]
[4,  ,29,  ,  ,59,  ,70,87,]
[5,17,  ,35,  ,  ,69,75,  ,]

[ ,12,22,  ,41,50,  ,  ,88,]
[ ,  ,  ,39,43,54,62,  ,90,]
[3,  ,26,  ,49,  ,64,78,  ,]

[ ,13,24,  ,46,  ,67,  ,81,]
[ ,  ,25,36,48,58,  ,  ,82,]
[2,  ,28,38,  ,  ,68,76,  ,]

[ ,16,  ,31,  ,56,  ,71,80,]
[ ,19,22,  ,48,58,68,  ,  ,]
[4,  ,27,  ,  ,  ,69,79,86,]

[2,  ,26,  ,41,  ,60,70,  ,]
[ ,10,  ,30,  ,50,  ,72,87,]
[8,18,  ,37,  ,54,  ,  ,88,]

[7,  ,21,  ,42,51,  ,  ,83,]
[9,14,  ,35,  ,  ,64,76,  ,]
[ ,15,  ,36,47,  ,65,77,  ,]

[ ,11,  ,33,43,52,  ,  ,81,]
[5,  ,23,  ,  ,53,  ,74,89,]
[6,17,  ,39,  ,  ,63,78,  ,]

[ ,12,24,  ,40,55,  ,  ,85,]
[ ,  ,  ,32,45,59,62,  ,90,]
[1,  ,25,  ,49,  ,66,75,  ,]

[ ,13,20,  ,44,  ,61,  ,82,]
[ ,  ,28,34,46,57,  ,  ,84,]
[3,  ,29,38,  ,  ,67,73,  ,]

[ ,17,  ,33,  ,  ,60,74,84,]
[ ,19,23,  ,43,55,  ,  ,88,]
[3,  ,26,  ,  ,56,68,79,  ,]

[1,  ,24,  ,41,  ,63,72,  ,]
[ ,10,  ,35,  ,54,  ,75,80,]
[5,18,  ,39,  ,58,  ,  ,86,]

[4,  ,28,  ,45,51,  ,  ,89,]
[7,12,  ,34,  ,  ,61,70,  ,]
[ ,14,  ,36,46,  ,66,76,  ,]

[ ,11,  ,30,44,52,  ,  ,85,]
[6,  ,22,  ,  ,57,  ,77,87,]
[8,16,  ,38,  ,  ,62,78,  ,]

[ ,15,25,  ,42,50,  ,  ,81,]
[ ,  ,  ,31,47,59,65,  ,83,]
[2,  ,29,  ,48,  ,67,71,  ,]

[ ,13,20,  ,40,  ,64,  ,82,]
[ ,  ,21,32,49,53,  ,  ,90,]
[9,  ,27,37,  ,  ,69,73,  ,]

[ ,  ,27,  ,45,52,  ,74,84,]
[ ,11,28,31,  ,  ,60,  ,89,]
[5,13,  ,  ,  ,56,63,77,  ,]

[3,  ,29,  ,49,  ,66,73,  ,]
[ ,14,  ,35,  ,51,  ,76,80,]
[9,17,  ,38,  ,53,  ,  ,86,]

[2,  ,26,  ,43,54,  ,  ,83,]
[4,15,  ,30,  ,  ,67,75,  ,]
[ ,19,  ,34,47,  ,69,79,  ,]

[ ,10,  ,33,46,50,  ,  ,85,]
[7,  ,20,  ,  ,57,  ,72,87,]
[8,12,  ,36,  ,  ,68,78,  ,]

[ ,16,23,  ,42,58,  ,  ,81,]
[ ,  ,  ,32,44,59,61,  ,82,]
[1,  ,25,  ,48,  ,62,71,  ,]

[ ,18,21,  ,40,  ,64,  ,88,]
[ ,  ,22,37,41,55,  ,  ,90,]
[6,  ,24,39,  ,  ,65,70,  ,]

[5,11,  ,  ,  ,  ,61,71,83,]
[ ,16,20,  ,48,52,68,  ,  ,]
[ ,  ,23,33,  ,54,  ,74,87,]

[4,  ,29,  ,49,  ,62,72,  ,]
[ ,17,  ,35,  ,57,  ,73,89,]
[9,19,  ,37,  ,59,  ,  ,90,]

[2,  ,26,  ,41,58,  ,  ,88,]
[6,13,  ,31,  ,  ,60,70,  ,]
[ ,15,  ,32,45,  ,65,77,  ,]

[ ,14,  ,36,47,50,  ,  ,81,]
[1,  ,25,  ,  ,53,  ,78,84,]
[7,18,  ,39,  ,  ,63,79,  ,]

[ ,10,24,  ,42,51,  ,  ,80,]
[ ,  ,  ,38,43,56,64,  ,85,]
[3,  ,28,  ,46,  ,69,75,  ,]

[ ,12,21,  ,40,  ,66,  ,82,]
[ ,  ,22,30,44,55,  ,  ,86,]
[8,  ,27,34,  ,  ,67,76,  ,]

[ ,  ,24,30,  ,  ,63,71,82,]
[ ,13,27,  ,40,52,65,  ,  ,]
[5,17,  ,  ,  ,57,  ,73,87,]

[7,  ,26,  ,47,  ,62,75,  ,]
[ ,10,  ,36,  ,50,  ,78,83,]
[8,18,  ,37,  ,58,  ,  ,85,]

[2,  ,29,  ,42,55,  ,  ,86,]
[3,14,  ,31,  ,  ,60,74,  ,]
[ ,19,  ,33,48,  ,68,76,  ,]

[ ,15,  ,32,41,53,  ,  ,80,]
[4,  ,28,  ,  ,59,  ,72,90,]
[6,16,  ,38,  ,  ,64,79,  ,]

[ ,12,20,  ,45,51,  ,  ,84,]
[ ,  ,  ,39,46,56,66,  ,88,]
[1,  ,21,  ,49,  ,67,77,  ,]

[ ,11,22,  ,43,  ,61,  ,81,]
[ ,  ,23,34,44,54,  ,  ,89,]
[9,  ,25,35,  ,  ,69,70,  ,]

[1,  ,21,  ,  ,57,62,72,  ,]
[ ,15,26,33,  ,  ,66,  ,85,]
[ ,18,  ,  ,47,58,  ,73,87,]

[4,  ,22,  ,42,  ,68,74,  ,]
[ ,10,  ,32,  ,50,  ,77,83,]
[6,19,  ,38,  ,56,  ,  ,84,]

[7,  ,20,  ,43,51,  ,  ,89,]
[8,14,  ,30,  ,  ,63,70,  ,]
[ ,17,  ,35,46,  ,65,76,  ,]

[ ,12,  ,31,48,54,  ,  ,80,]
[2,  ,25,  ,  ,55,  ,71,81,]
[5,13,  ,34,  ,  ,64,75,  ,]

[ ,16,28,  ,41,52,  ,  ,82,]
[ ,  ,  ,37,44,53,60,  ,88,]
[9,  ,29,  ,45,  ,61,79,  ,]

[ ,11,23,  ,40,  ,67,  ,86,]
[ ,  ,24,36,49,59,  ,  ,90,]
[3,  ,27,39,  ,  ,69,78,  ,]

[4,  ,21,  ,  ,  ,62,72,81,]
[ ,15,25,39,  ,50,66,  ,  ,]
[ ,16,  ,  ,49,51,  ,79,90,]

[6,  ,28,  ,41,  ,65,76,  ,]
[ ,14,  ,31,  ,54,  ,78,87,]
[9,18,  ,38,  ,57,  ,  ,88,]

[2,  ,24,  ,46,59,  ,  ,89,]
[7,11,  ,32,  ,  ,60,71,  ,]
[ ,19,  ,34,47,  ,68,75,  ,]

[ ,10,  ,35,48,52,  ,  ,80,]
[1,  ,26,  ,  ,55,  ,70,85,]
[5,12,  ,36,  ,  ,67,77,  ,]

[ ,17,23,  ,40,53,  ,  ,84,]
[ ,  ,  ,30,42,56,61,  ,86,]
[3,  ,29,  ,43,  ,63,74,  ,]

[ ,13,20,  ,44,  ,64,  ,82,]
[ ,  ,22,33,45,58,  ,  ,83,]
[8,  ,27,37,  ,  ,69,73,  ,]

[7,14,  ,  ,  ,52,  ,74,80,]
[ ,17,24,37,  ,58,60,  ,  ,]
[ ,  ,29,  ,45,  ,68,75,82,]

[3,  ,25,  ,46,  ,65,76,  ,]
[ ,12,  ,33,  ,51,  ,78,86,]
[8,18,  ,34,  ,59,  ,  ,89,]

[2,  ,23,  ,43,56,  ,  ,87,]
[4,13,  ,35,  ,  ,67,71,  ,]
[ ,19,  ,39,49,  ,69,73,  ,]

[ ,10,  ,30,41,55,  ,  ,81,]
[5,  ,22,  ,  ,57,  ,72,88,]
[9,15,  ,38,  ,  ,63,79,  ,]

[ ,16,21,  ,40,50,  ,  ,85,]
[ ,  ,  ,32,42,54,62,  ,90,]
[1,  ,26,  ,48,  ,64,77,  ,]

[ ,11,20,  ,44,  ,61,  ,83,]
[ ,  ,27,31,47,53,  ,  ,84,]
[6,  ,28,36,  ,  ,66,70,  ,]

[9,  ,23,  ,  ,54,  ,76,84,]
[ ,11,28,  ,42,59,67,  ,  ,]
[ ,14,  ,32,  ,  ,68,77,90,]

[6,  ,29,  ,40,  ,69,74,  ,]
[ ,12,  ,33,  ,57,  ,75,80,]
[7,18,  ,37,  ,58,  ,  ,81,]

[2,  ,22,  ,44,51,  ,  ,82,]
[3,10,  ,35,  ,  ,61,73,  ,]
[ ,16,  ,38,46,  ,64,79,  ,]

[ ,15,  ,30,43,52,  ,  ,85,]
[1,  ,27,  ,  ,56,  ,70,88,]
[4,19,  ,39,  ,  ,60,78,  ,]

[ ,17,24,  ,45,50,  ,  ,83,]
[ ,  ,  ,36,47,55,62,  ,89,]
[5,  ,26,  ,49,  ,66,72,  ,]

[ ,13,20,  ,41,  ,63,  ,86,]
[ ,  ,21,31,48,53,  ,  ,87,]
[8,  ,25,34,  ,  ,65,71,  ,]

[ ,  ,22,36,  ,54,65,73,  ,]
[ ,10,28,  ,43,  ,69,  ,84,]
[3,19,  ,  ,  ,55,  ,77,89,]

[4,  ,23,  ,47,  ,62,70,  ,]
[ ,13,  ,32,  ,53,  ,78,81,]
[9,14,  ,35,  ,56,  ,  ,88,]

[6,  ,29,  ,40,50,  ,  ,90,]
[8,12,  ,37,  ,  ,66,71,  ,]
[ ,16,  ,38,49,  ,68,72,  ,]

[ ,17,  ,30,42,57,  ,  ,83,]
[1,  ,26,  ,  ,58,  ,74,86,]
[7,18,  ,34,  ,  ,67,75,  ,]

[ ,15,21,  ,41,52,  ,  ,82,]
[ ,  ,  ,31,45,59,60,  ,85,]
[2,  ,24,  ,48,  ,64,76,  ,]

[ ,11,20,  ,44,  ,61,  ,80,]
[ ,  ,25,33,46,51,  ,  ,87,]
[5,  ,27,39,  ,  ,63,79,  ,]

[ ,16,  ,  ,43,53,  ,70,83,]
[6,17,28,  ,  ,  ,60,  ,88,]
[ ,  ,29,32,  ,57,67,75,  ,]

[3,  ,21,  ,49,  ,63,74,  ,]
[ ,14,  ,35,  ,51,  ,79,82,]
[9,15,  ,36,  ,54,  ,  ,84,]

[5,  ,25,  ,41,50,  ,  ,86,]
[7,10,  ,33,  ,  ,66,71,  ,]
[ ,12,  ,34,48,  ,69,72,  ,]

[ ,11,  ,37,42,56,  ,  ,81,]
[4,  ,22,  ,  ,58,  ,76,89,]
[8,18,  ,38,  ,  ,68,77,  ,]

[ ,13,23,  ,40,55,  ,  ,80,]
[ ,  ,  ,31,44,59,61,  ,90,]
[1,  ,26,  ,47,  ,62,78,  ,]

[ ,19,20,  ,45,  ,64,  ,85,]
[ ,  ,24,30,46,52,  ,  ,87,]
[2,  ,27,39,  ,  ,65,73,  ,]

[ ,14,  ,  ,40,  ,63,77,83,]
[ ,19,23,33,  ,53,  ,  ,86,]
[1,  ,24,  ,  ,54,66,78,  ,]

[2,  ,21,  ,41,  ,60,74,  ,]
[ ,16,  ,35,  ,52,  ,76,82,]
[4,18,  ,36,  ,55,  ,  ,89,]

[3,  ,29,  ,43,57,  ,  ,88,]
[8,12,  ,31,  ,  ,62,72,  ,]
[ ,15,  ,39,44,  ,65,79,  ,]

[ ,10,  ,34,42,51,  ,  ,80,]
[5,  ,27,  ,  ,59,  ,70,84,]
[6,13,  ,37,  ,  ,64,71,  ,]

[ ,17,25,  ,46,50,  ,  ,85,]
[ ,  ,  ,38,47,56,61,  ,90,]
[9,  ,28,  ,49,  ,69,73,  ,]

[ ,11,20,  ,45,  ,67,  ,81,]
[ ,  ,22,30,48,58,  ,  ,87,]
[7,  ,26,32,  ,  ,68,75,  ,]

[ ,11,  ,34,  ,50,  ,75,85,]
[ ,19,21,  ,43,  ,68,  ,87,]
[3,  ,27,  ,  ,56,69,79,  ,]

[1,  ,24,  ,47,  ,63,73,  ,]
[ ,12,  ,37,  ,54,  ,78,82,]
[9,14,  ,38,  ,55,  ,  ,83,]

[4,  ,25,  ,46,59,  ,  ,84,]
[8,13,  ,31,  ,  ,61,74,  ,]
[ ,15,  ,36,48,  ,65,76,  ,]

[ ,17,  ,32,44,52,  ,  ,81,]
[2,  ,23,  ,  ,53,  ,72,88,]
[5,18,  ,35,  ,  ,62,77,  ,]

[ ,16,28,  ,40,57,  ,  ,89,]
[ ,  ,  ,39,45,58,64,  ,90,]
[7,  ,29,  ,49,  ,66,71,  ,]

[ ,10,20,  ,41,  ,60,  ,80,]
[ ,  ,22,30,42,51,  ,  ,86,]
[6,  ,26,33,  ,  ,67,70,  ,]

[ ,12,  ,32,  ,50,60,71,  ,]
[9,17,22,  ,  ,51,  ,  ,84,]
[ ,  ,27,  ,41,  ,65,75,85,]

[3,  ,26,  ,40,  ,68,70,  ,]
[ ,10,  ,34,  ,52,  ,72,80,]
[6,11,  ,36,  ,53,  ,  ,90,]

[2,  ,23,  ,43,58,  ,  ,83,]
[7,16,  ,35,  ,  ,61,73,  ,]
[ ,19,  ,39,44,  ,66,77,  ,]

[ ,15,  ,37,48,56,  ,  ,86,]
[4,  ,25,  ,  ,59,  ,78,88,]
[5,18,  ,38,  ,  ,63,79,  ,]

[ ,13,21,  ,42,54,  ,  ,82,]
[ ,  ,  ,31,47,55,62,  ,87,]
[1,  ,29,  ,49,  ,69,76,  ,]

[ ,14,20,  ,45,  ,64,  ,81,]
[ ,  ,24,30,46,57,  ,  ,89,]
[8,  ,28,33,  ,  ,67,74,  ,]

[9,  ,21,  ,  ,  ,62,72,83,]
[ ,17,22,  ,42,55,66,  ,  ,]
[ ,19,  ,39,  ,59,  ,77,88,]

[2,  ,20,  ,45,  ,68,74,  ,]
[ ,12,  ,35,  ,53,  ,75,80,]
[8,14,  ,38,  ,58,  ,  ,89,]

[4,  ,29,  ,40,57,  ,  ,87,]
[6,13,  ,32,  ,  ,64,70,  ,]
[ ,15,  ,33,49,  ,65,78,  ,]

[ ,10,  ,30,41,51,  ,  ,82,]
[3,  ,23,  ,  ,54,  ,73,86,]
[5,18,  ,37,  ,  ,60,79,  ,]

[ ,16,25,  ,43,52,  ,  ,81,]
[ ,  ,  ,31,44,56,61,  ,90,]
[1,  ,26,  ,46,  ,69,71,  ,]

[ ,11,24,  ,47,  ,63,  ,84,]
[ ,  ,27,34,48,50,  ,  ,85,]
[7,  ,28,36,  ,  ,67,76,  ,]

[ ,  ,20,31,  ,51,  ,72,84,]
[ ,10,29,  ,48,53,60,  ,  ,]
[8,11,  ,  ,  ,  ,64,73,85,]

[5,  ,21,  ,40,  ,62,70,  ,]
[ ,13,  ,35,  ,50,  ,76,80,]
[6,14,  ,36,  ,55,  ,  ,88,]

[3,  ,25,  ,42,57,  ,  ,89,]
[4,16,  ,37,  ,  ,61,71,  ,]
[ ,18,  ,38,47,  ,67,78,  ,]

[ ,17,  ,30,46,58,  ,  ,83,]
[1,  ,24,  ,  ,59,  ,74,86,]
[2,19,  ,34,  ,  ,65,75,  ,]

[ ,12,22,  ,41,52,  ,  ,81,]
[ ,  ,  ,39,43,56,68,  ,90,]
[9,  ,27,  ,44,  ,69,77,  ,]

[ ,15,23,  ,45,  ,63,  ,82,]
[ ,  ,26,32,49,54,  ,  ,87,]
[7,  ,28,33,  ,  ,66,79,  ,]

[8,  ,20,  ,  ,  ,64,73,83,]
[ ,10,21,31,  ,53,  ,  ,90,]
[ ,16,  ,  ,49,54,69,74,  ,]

[2,  ,27,  ,47,  ,61,72,  ,]
[ ,14,  ,30,  ,55,  ,77,85,]
[3,18,  ,35,  ,57,  ,  ,87,]

[5,  ,25,  ,43,52,  ,  ,82,]
[7,15,  ,33,  ,  ,60,71,  ,]
[ ,17,  ,39,48,  ,66,79,  ,]

[ ,11,  ,34,41,58,  ,  ,81,]
[4,  ,22,  ,  ,59,  ,75,88,]
[6,19,  ,38,  ,  ,65,76,  ,]

[ ,13,23,  ,40,51,  ,  ,86,]
[ ,  ,  ,32,42,56,62,  ,89,]
[9,  ,24,  ,44,  ,67,78,  ,]

[ ,12,26,  ,45,  ,63,  ,80,]
[ ,  ,28,36,46,50,  ,  ,84,]
[1,  ,29,37,  ,  ,68,70,  ,]

[ ,12,  ,  ,44,  ,61,71,80,]
[ ,18,20,39,  ,53,  ,  ,85,]
[3,  ,29,  ,  ,55,67,76,  ,]

[1,  ,27,  ,40,  ,63,73,  ,]
[ ,14,  ,32,  ,51,  ,74,83,]
[4,17,  ,34,  ,56,  ,  ,89,]

[5,  ,21,  ,47,50,  ,  ,84,]
[8,13,  ,37,  ,  ,64,70,  ,]
[ ,16,  ,38,49,  ,66,75,  ,]

[ ,11,  ,33,42,52,  ,  ,87,]
[7,  ,24,  ,  ,58,  ,72,90,]
[9,15,  ,35,  ,  ,69,78,  ,]

[ ,19,22,  ,41,54,  ,  ,81,]
[ ,  ,  ,30,45,57,65,  ,82,]
[6,  ,25,  ,46,  ,68,79,  ,]

[ ,10,23,  ,43,  ,60,  ,86,]
[ ,  ,26,31,48,59,  ,  ,88,]
[2,  ,28,36,  ,  ,62,77,  ,]

[ ,  ,24,37,  ,51,63,75,  ,]
[6,12,26,  ,  ,  ,69,  ,80,]
[ ,14,  ,  ,43,52,  ,77,84,]

[3,  ,27,  ,47,  ,66,74,  ,]
[ ,13,  ,30,  ,58,  ,79,82,]
[8,17,  ,39,  ,59,  ,  ,87,]

[1,  ,28,  ,40,56,  ,  ,88,]
[2,18,  ,31,  ,  ,65,71,  ,]
[ ,19,  ,32,46,  ,68,76,  ,]

[ ,10,  ,33,41,50,  ,  ,81,]
[4,  ,23,  ,  ,57,  ,73,86,]
[9,11,  ,34,  ,  ,67,78,  ,]

[ ,15,21,  ,44,53,  ,  ,85,]
[ ,  ,  ,38,48,55,61,  ,90,]
[5,  ,29,  ,49,  ,62,72,  ,]

[ ,16,20,  ,42,  ,60,  ,83,]
[ ,  ,22,35,45,54,  ,  ,89,]
[7,  ,25,36,  ,  ,64,70,  ,]

[2,  ,21,  ,  ,51,60,70,  ,]
[ ,11,24,38,  ,56,  ,  ,82,]
[ ,15,  ,  ,45,  ,65,77,86,]

[3,  ,23,  ,41,  ,63,74,  ,]
[ ,10,  ,30,  ,50,  ,76,84,]
[7,12,  ,33,  ,53,  ,  ,90,]

[5,  ,28,  ,40,52,  ,  ,81,]
[8,16,  ,32,  ,  ,67,72,  ,]
[ ,17,  ,34,47,  ,68,78,  ,]

[ ,18,  ,35,42,54,  ,  ,88,]
[6,  ,22,  ,  ,58,  ,71,89,]
[9,19,  ,37,  ,  ,64,75,  ,]

[ ,13,25,  ,43,57,  ,  ,85,]
[ ,  ,  ,31,46,59,62,  ,87,]
[4,  ,27,  ,48,  ,66,73,  ,]

[ ,14,20,  ,44,  ,61,  ,80,]
[ ,  ,26,36,49,55,  ,  ,83,]
[1,  ,29,39,  ,  ,69,79,  ,]

[ ,14,  ,30,  ,51,62,72,  ,]
[ ,19,26,  ,42,  ,69,  ,85,]
[3,  ,29,  ,  ,59,  ,78,89,]

[4,  ,20,  ,41,  ,67,73,  ,]
[ ,10,  ,31,  ,50,  ,76,88,]
[8,13,  ,39,  ,54,  ,  ,90,]

[1,  ,22,  ,47,53,  ,  ,83,]
[2,12,  ,32,  ,  ,66,75,  ,]
[ ,15,  ,38,49,  ,68,79,  ,]

[ ,17,  ,34,46,52,  ,  ,81,]
[6,  ,28,  ,  ,56,  ,71,86,]
[9,18,  ,35,  ,  ,60,74,  ,]

[ ,11,24,  ,43,55,  ,  ,80,]
[ ,  ,  ,37,45,57,64,  ,87,]
[7,  ,25,  ,48,  ,65,77,  ,]

[ ,16,21,  ,40,  ,61,  ,82,]
[ ,  ,23,33,44,58,  ,  ,84,]
[5,  ,27,36,  ,  ,63,70,  ,]

[2,13,  ,  ,  ,52,  ,73,86,]
[ ,19,25,34,  ,  ,62,  ,89,]
[ ,  ,26,  ,45,56,66,77,  ,]

[6,  ,27,  ,40,  ,61,71,  ,]
[ ,12,  ,31,  ,55,  ,75,82,]
[7,14,  ,33,  ,59,  ,  ,87,]

[3,  ,23,  ,48,51,  ,  ,84,]
[8,15,  ,35,  ,  ,63,74,  ,]
[ ,16,  ,36,49,  ,64,79,  ,]

[ ,10,  ,30,46,54,  ,  ,85,]
[4,  ,20,  ,  ,57,  ,70,90,]
[9,18,  ,32,  ,  ,65,76,  ,]

[ ,17,22,  ,41,50,  ,  ,83,]
[ ,  ,  ,38,43,53,68,  ,88,]
[5,  ,28,  ,44,  ,69,72,  ,]

[ ,11,21,  ,42,  ,60,  ,80,]
[ ,  ,24,37,47,58,  ,  ,81,]
[1,  ,29,39,  ,  ,67,78,  ,]

[7,  ,23,  ,  ,58,  ,70,84,]
[ ,12,25,  ,41,  ,65,  ,85,]
[ ,18,  ,31,  ,59,66,71,  ,]

[1,  ,24,  ,42,  ,60,75,  ,]
[ ,13,  ,32,  ,53,  ,78,80,]
[9,17,  ,39,  ,57,  ,  ,82,]

[3,  ,26,  ,45,51,  ,  ,86,]
[6,10,  ,30,  ,  ,63,72,  ,]
[ ,11,  ,33,49,  ,64,79,  ,]

[ ,14,  ,34,48,54,  ,  ,88,]
[5,  ,20,  ,  ,56,  ,73,89,]
[8,16,  ,36,  ,  ,69,74,  ,]

[ ,19,21,  ,43,50,  ,  ,83,]
[ ,  ,  ,35,46,55,67,  ,87,]
[4,  ,22,  ,47,  ,68,76,  ,]

[ ,15,27,  ,40,  ,61,  ,81,]
[ ,  ,28,37,44,52,  ,  ,90,]
[2,  ,29,38,  ,  ,62,77,  ,]

[4,  ,27,  ,  ,  ,63,72,81,]
[ ,13,29,34,  ,51,65,  ,  ,]
[ ,17,  ,  ,45,53,  ,79,89,]

[1,  ,22,  ,47,  ,67,71,  ,]
[ ,10,  ,31,  ,52,  ,77,82,]
[7,12,  ,33,  ,54,  ,  ,85,]

[5,  ,23,  ,46,55,  ,  ,84,]
[9,15,  ,37,  ,  ,61,75,  ,]
[ ,16,  ,39,48,  ,64,78,  ,]

[ ,11,  ,32,42,50,  ,  ,87,]
[2,  ,21,  ,  ,59,  ,73,90,]
[8,14,  ,38,  ,  ,60,74,  ,]

[ ,19,24,  ,41,57,  ,  ,83,]
[ ,  ,  ,30,44,58,62,  ,88,]
[6,  ,28,  ,49,  ,68,70,  ,]

[ ,18,20,  ,40,  ,66,  ,80,]
[ ,  ,25,35,43,56,  ,  ,86,]
[3,  ,26,36,  ,  ,69,76,  ,]

[ ,11,  ,  ,41,56,63,72,  ,]
[ ,19,24,35,  ,  ,69,  ,86,]
[5,  ,26,  ,  ,59,  ,76,87,]

[8,  ,28,  ,43,  ,67,71,  ,]
[ ,13,  ,32,  ,52,  ,79,80,]
[9,18,  ,39,  ,55,  ,  ,90,]

[3,  ,21,  ,42,50,  ,  ,85,]
[7,12,  ,33,  ,  ,62,75,  ,]
[ ,16,  ,36,45,  ,65,77,  ,]

[ ,10,  ,30,49,53,  ,  ,82,]
[1,  ,25,  ,  ,54,  ,73,88,]
[2,15,  ,37,  ,  ,61,78,  ,]

[ ,14,22,  ,40,51,  ,  ,81,]
[ ,  ,  ,31,47,57,64,  ,89,]
[4,  ,23,  ,48,  ,66,74,  ,]

[ ,17,20,  ,44,  ,60,  ,83,]
[ ,  ,27,34,46,58,  ,  ,84,]
[6,  ,29,38,  ,  ,68,70,  ,]

[4,13,  ,  ,  ,50,  ,72,87,]
[ ,16,24,35,  ,  ,62,  ,88,]
[ ,  ,25,  ,49,53,64,75,  ,]

[3,  ,22,  ,43,  ,61,71,  ,]
[ ,11,  ,37,  ,57,  ,79,80,]
[5,12,  ,38,  ,58,  ,  ,86,]

[6,  ,21,  ,44,55,  ,  ,81,]
[9,17,  ,31,  ,  ,67,73,  ,]
[ ,19,  ,36,45,  ,69,78,  ,]

[ ,10,  ,33,41,51,  ,  ,82,]
[1,  ,26,  ,  ,52,  ,74,84,]
[8,14,  ,34,  ,  ,68,77,  ,]

[ ,18,20,  ,42,56,  ,  ,83,]
[ ,  ,  ,32,46,59,60,  ,85,]
[7,  ,27,  ,48,  ,66,70,  ,]

[ ,15,23,  ,40,  ,63,  ,89,]
[ ,  ,28,30,47,54,  ,  ,90,]
[2,  ,29,39,  ,  ,65,76,  ,]

[ ,  ,24,  ,43,58,61,72,  ,]
[ ,10,26,31,  ,59,  ,  ,88,]
[7,14,  ,  ,  ,  ,65,75,90,]

[1,  ,29,  ,40,  ,69,70,  ,]
[ ,13,  ,30,  ,55,  ,74,81,]
[2,15,  ,34,  ,57,  ,  ,82,]

[3,  ,23,  ,45,56,  ,  ,87,]
[5,11,  ,35,  ,  ,66,78,  ,]
[ ,19,  ,39,49,  ,68,79,  ,]

[ ,12,  ,33,44,50,  ,  ,83,]
[4,  ,25,  ,  ,54,  ,71,86,]
[8,16,  ,37,  ,  ,60,77,  ,]

[ ,18,27,  ,42,52,  ,  ,84,]
[ ,  ,  ,32,47,53,62,  ,89,]
[9,  ,28,  ,48,  ,67,73,  ,]

[ ,17,20,  ,41,  ,63,  ,80,]
[ ,  ,21,36,46,51,  ,  ,85,]
[6,  ,22,38,  ,  ,64,76,  ,]

[ ,  ,20,32,  ,53,61,71,  ,]
[ ,16,24,  ,47,  ,68,  ,81,]
[7,19,  ,  ,  ,57,  ,79,86,]

[3,  ,27,  ,48,  ,64,72,  ,]
[ ,11,  ,33,  ,50,  ,73,82,]
[9,13,  ,35,  ,55,  ,  ,84,]

[5,  ,23,  ,42,56,  ,  ,85,]
[6,12,  ,34,  ,  ,62,70,  ,]
[ ,18,  ,36,43,  ,66,78,  ,]

[ ,14,  ,31,44,54,  ,  ,87,]
[2,  ,21,  ,  ,59,  ,75,88,]
[4,17,  ,38,  ,  ,69,76,  ,]

[ ,10,26,  ,41,52,  ,  ,83,]
[ ,  ,  ,37,45,58,60,  ,89,]
[8,  ,28,  ,49,  ,63,74,  ,]

[ ,15,22,  ,40,  ,65,  ,80,]
[ ,  ,25,30,46,51,  ,  ,90,]
[1,  ,29,39,  ,  ,67,77,  ,]

[ ,14,  ,  ,42,50,  ,76,80,]
[2,16,25,  ,  ,  ,66,  ,87,]
[ ,  ,29,30,  ,58,68,79,  ,]

[1,  ,20,  ,44,  ,64,70,  ,]
[ ,11,  ,32,  ,52,  ,71,81,]
[8,17,  ,33,  ,57,  ,  ,89,]

[6,  ,28,  ,43,53,  ,  ,88,]
[7,10,  ,35,  ,  ,62,72,  ,]
[ ,12,  ,38,49,  ,63,75,  ,]

[ ,13,  ,31,47,51,  ,  ,83,]
[3,  ,21,  ,  ,54,  ,77,84,]
[5,18,  ,39,  ,  ,61,78,  ,]

[ ,19,22,  ,40,56,  ,  ,82,]
[ ,  ,  ,36,41,59,65,  ,90,]
[9,  ,26,  ,45,  ,67,74,  ,]

[ ,15,23,  ,46,  ,60,  ,85,]
[ ,  ,24,34,48,55,  ,  ,86,]
[4,  ,27,37,  ,  ,69,73,  ,]

[ ,10,  ,  ,48,54,63,71,  ,]
[2,19,27,  ,  ,58,  ,  ,80,]
[ ,  ,28,30,  ,  ,67,73,86,]

[4,  ,23,  ,47,  ,62,72,  ,]
[ ,13,  ,34,  ,50,  ,76,85,]
[9,14,  ,35,  ,56,  ,  ,90,]

[6,  ,24,  ,40,52,  ,  ,88,]
[7,15,  ,31,  ,  ,66,74,  ,]
[ ,16,  ,38,43,  ,69,77,  ,]

[ ,12,  ,33,49,55,  ,  ,83,]
[1,  ,25,  ,  ,57,  ,70,87,]
[8,17,  ,37,  ,  ,65,79,  ,]

[ ,18,20,  ,41,51,  ,  ,82,]
[ ,  ,  ,39,44,59,60,  ,84,]
[5,  ,21,  ,45,  ,68,78,  ,]

[ ,11,22,  ,42,  ,61,  ,81,]
[ ,  ,26,32,46,53,  ,  ,89,]
[3,  ,29,36,  ,  ,64,75,  ,]

[ ,  ,28,  ,42,51,61,75,  ,]
[5,14,29,  ,  ,  ,62,  ,81,]
[ ,19,  ,31,  ,53,  ,76,84,]

[1,  ,23,  ,44,  ,63,71,  ,]
[ ,11,  ,32,  ,57,  ,77,87,]
[6,16,  ,37,  ,59,  ,  ,90,]

[2,  ,21,  ,41,52,  ,  ,83,]
[3,12,  ,33,  ,  ,60,78,  ,]
[ ,15,  ,39,46,  ,66,79,  ,]

[ ,10,  ,30,45,50,  ,  ,88,]
[7,  ,22,  ,  ,56,  ,72,89,]
[8,17,  ,38,  ,  ,68,73,  ,]

[ ,13,25,  ,43,54,  ,  ,80,]
[ ,  ,  ,34,47,55,67,  ,85,]
[9,  ,27,  ,48,  ,69,74,  ,]

[ ,18,20,  ,40,  ,64,  ,82,]
[ ,  ,24,35,49,58,  ,  ,86,]
[4,  ,26,36,  ,  ,65,70,  ,]

[ ,  ,23,  ,46,  ,61,70,80,]
[ ,16,29,31,  ,55,64,  ,  ,]
[5,17,  ,  ,  ,56,  ,76,89,]

[4,  ,25,  ,41,  ,65,71,  ,]
[ ,11,  ,36,  ,52,  ,73,84,]
[8,15,  ,39,  ,59,  ,  ,86,]

[6,  ,21,  ,44,54,  ,  ,88,]
[9,12,  ,35,  ,  ,67,77,  ,]
[ ,14,  ,38,48,  ,68,78,  ,]

[ ,10,  ,30,43,51,  ,  ,81,]
[3,  ,22,  ,  ,53,  ,75,90,]
[7,13,  ,33,  ,  ,69,79,  ,]

[ ,18,24,  ,40,50,  ,  ,83,]
[ ,  ,  ,34,42,57,62,  ,87,]
[2,  ,26,  ,45,  ,66,72,  ,]

[ ,19,20,  ,47,  ,60,  ,82,]
[ ,  ,27,32,49,58,  ,  ,85,]
[1,  ,28,37,  ,  ,63,74,  ,]

[4,15,  ,  ,  ,56,  ,75,85,]
[ ,19,22,39,  ,  ,61,  ,88,]
[ ,  ,29,  ,46,59,68,79,  ,]

[5,  ,25,  ,45,  ,69,74,  ,]
[ ,10,  ,32,  ,50,  ,77,81,]
[7,18,  ,38,  ,55,  ,  ,84,]

[3,  ,20,  ,40,51,  ,  ,89,]
[8,12,  ,33,  ,  ,60,72,  ,]
[ ,14,  ,36,43,  ,65,76,  ,]

[ ,11,  ,30,44,52,  ,  ,87,]
[1,  ,28,  ,  ,54,  ,71,90,]
[6,16,  ,35,  ,  ,67,78,  ,]

[ ,13,23,  ,41,57,  ,  ,80,]
[ ,  ,  ,37,47,58,63,  ,86,]
[2,  ,27,  ,49,  ,64,70,  ,]

[ ,17,21,  ,42,  ,62,  ,82,]
[ ,  ,24,31,48,53,  ,  ,83,]
[9,  ,26,34,  ,  ,66,73,  ,]

[3,13,  ,  ,  ,  ,60,71,84,]
[ ,17,21,  ,42,51,65,  ,  ,]
[ ,  ,29,35,  ,56,  ,79,89,]

[2,  ,26,  ,46,  ,67,73,  ,]
[ ,12,  ,36,  ,54,  ,76,80,]
[8,15,  ,37,  ,58,  ,  ,83,]

[4,  ,22,  ,43,53,  ,  ,82,]
[9,11,  ,38,  ,  ,64,77,  ,]
[ ,14,  ,39,47,  ,69,78,  ,]

[ ,16,  ,33,41,50,  ,  ,85,]
[1,  ,20,  ,  ,55,  ,70,87,]
[6,18,  ,34,  ,  ,66,75,  ,]

[ ,19,27,  ,45,52,  ,  ,86,]
[ ,  ,  ,32,48,57,61,  ,88,]
[5,  ,28,  ,49,  ,63,72,  ,]

[ ,10,23,  ,40,  ,62,  ,81,]
[ ,  ,24,30,44,59,  ,  ,90,]
[7,  ,25,31,  ,  ,68,74,  ,]

[9,11,  ,  ,  ,50,63,70,  ,]
[ ,19,20,31,  ,  ,64,  ,84,]
[ ,  ,23,  ,46,56,  ,71,87,]

[2,  ,29,  ,45,  ,68,74,  ,]
[ ,14,  ,36,  ,53,  ,79,81,]
[7,15,  ,39,  ,57,  ,  ,85,]

[3,  ,27,  ,44,59,  ,  ,86,]
[5,16,  ,30,  ,  ,65,76,  ,]
[ ,17,  ,37,48,  ,67,77,  ,]

[ ,12,  ,32,41,51,  ,  ,89,]
[1,  ,28,  ,  ,58,  ,72,90,]
[8,18,  ,33,  ,  ,69,73,  ,]

[ ,13,22,  ,40,52,  ,  ,82,]
[ ,  ,  ,38,42,55,60,  ,83,]
[6,  ,25,  ,43,  ,62,78,  ,]

[ ,10,21,  ,47,  ,61,  ,80,]
[ ,  ,24,34,49,54,  ,  ,88,]
[4,  ,26,35,  ,  ,66,75,  ,]

[ ,16,  ,  ,41,57,63,70,  ,]
[2,18,27,  ,  ,58,  ,  ,83,]
[ ,  ,28,33,  ,  ,64,71,89,]

[4,  ,20,  ,45,  ,69,75,  ,]
[ ,12,  ,36,  ,52,  ,77,80,]
[8,19,  ,38,  ,54,  ,  ,82,]

[5,  ,29,  ,43,51,  ,  ,85,]
[9,14,  ,34,  ,  ,60,74,  ,]
[ ,15,  ,39,47,  ,67,78,  ,]

[ ,10,  ,31,48,56,  ,  ,87,]
[1,  ,25,  ,  ,59,  ,72,90,]
[7,17,  ,32,  ,  ,68,73,  ,]

[ ,13,24,  ,42,50,  ,  ,84,]
[ ,  ,  ,37,44,55,61,  ,88,]
[3,  ,26,  ,46,  ,65,79,  ,]

[ ,11,21,  ,40,  ,62,  ,81,]
[ ,  ,22,30,49,53,  ,  ,86,]
[6,  ,23,35,  ,  ,66,76,  ,]

[3,11,  ,  ,  ,56,60,74,  ,]
[ ,15,24,30,  ,  ,64,  ,84,]
[ ,  ,25,  ,44,57,  ,79,87,]

[6,  ,20,  ,47,  ,69,73,  ,]
[ ,17,  ,38,  ,55,  ,78,80,]
[9,18,  ,39,  ,59,  ,  ,82,]

[1,  ,27,  ,41,54,  ,  ,85,]
[5,12,  ,32,  ,  ,61,70,  ,]
[ ,13,  ,37,46,  ,62,76,  ,]

[ ,14,  ,35,45,50,  ,  ,88,]
[2,  ,26,  ,  ,53,  ,71,90,]
[8,19,  ,36,  ,  ,65,77,  ,]

[ ,16,21,  ,42,51,  ,  ,83,]
[ ,  ,  ,34,43,58,63,  ,86,]
[4,  ,23,  ,48,  ,67,75,  ,]

[ ,10,22,  ,40,  ,66,  ,81,]
[ ,  ,28,31,49,52,  ,  ,89,]
[7,  ,29,33,  ,  ,68,72,  ,]

[ ,  ,22,33,  ,  ,63,77,81,]
[ ,12,23,  ,44,52,64,  ,  ,]
[5,14,  ,  ,  ,57,  ,79,86,]

[1,  ,28,  ,40,  ,68,73,  ,]
[ ,17,  ,31,  ,53,  ,74,85,]
[3,19,  ,35,  ,56,  ,  ,87,]

[4,  ,25,  ,48,51,  ,  ,80,]
[6,15,  ,32,  ,  ,65,76,  ,]
[ ,18,  ,37,49,  ,69,78,  ,]

[ ,10,  ,30,46,55,  ,  ,89,]
[7,  ,29,  ,  ,58,  ,70,90,]
[8,13,  ,39,  ,  ,60,71,  ,]

[ ,11,21,  ,41,50,  ,  ,83,]
[ ,  ,  ,34,43,54,66,  ,88,]
[2,  ,27,  ,47,  ,67,72,  ,]

[ ,16,20,  ,42,  ,61,  ,82,]
[ ,  ,24,36,45,59,  ,  ,84,]
[9,  ,26,38,  ,  ,62,75,  ,]

[5,13,  ,  ,  ,53,  ,71,84,]
[ ,18,25,  ,49,56,62,  ,  ,]
[ ,  ,27,33,  ,  ,66,74,89,]

[1,  ,29,  ,42,  ,61,75,  ,]
[ ,12,  ,30,  ,52,  ,76,81,]
[9,14,  ,37,  ,55,  ,  ,86,]

[2,  ,20,  ,45,51,  ,  ,90,]
[7,10,  ,31,  ,  ,60,72,  ,]
[ ,15,  ,36,46,  ,64,77,  ,]

[ ,11,  ,32,43,50,  ,  ,80,]
[4,  ,28,  ,  ,59,  ,73,83,]
[8,16,  ,38,  ,  ,67,79,  ,]

[ ,17,21,  ,44,54,  ,  ,85,]
[ ,  ,  ,39,47,58,63,  ,87,]
[3,  ,22,  ,48,  ,69,70,  ,]

[ ,19,23,  ,40,  ,65,  ,82,]
[ ,  ,24,34,41,57,  ,  ,88,]
[6,  ,26,35,  ,  ,68,78,  ,]

[ ,  ,24,  ,42,58,  ,75,81,]
[1,11,26,  ,  ,  ,60,  ,89,]
[ ,17,  ,32,  ,59,68,76,  ,]

[2,  ,21,  ,49,  ,62,74,  ,]
[ ,10,  ,30,  ,50,  ,77,84,]
[4,12,  ,34,  ,56,  ,  ,88,]

[5,  ,25,  ,43,54,  ,  ,83,]
[7,16,  ,35,  ,  ,61,78,  ,]
[ ,19,  ,39,48,  ,63,79,  ,]

[ ,13,  ,33,45,52,  ,  ,87,]
[3,  ,23,  ,  ,55,  ,72,90,]
[6,18,  ,38,  ,  ,69,73,  ,]

[ ,14,22,  ,40,53,  ,  ,85,]
[ ,  ,  ,37,41,57,66,  ,86,]
[8,  ,27,  ,44,  ,67,70,  ,]

[ ,15,20,  ,46,  ,64,  ,80,]
[ ,  ,28,31,47,51,  ,  ,82,]
[9,  ,29,36,  ,  ,65,71,  ,]

[ ,  ,22,33,  ,  ,61,75,87,]
[ ,13,25,  ,49,50,67,  ,  ,]
[2,16,  ,  ,  ,51,  ,78,89,]

[3,  ,23,  ,43,  ,62,71,  ,]
[ ,11,  ,31,  ,53,  ,77,85,]
[5,15,  ,35,  ,56,  ,  ,90,]

[4,  ,24,  ,46,57,  ,  ,88,]
[8,14,  ,36,  ,  ,63,73,  ,]
[ ,18,  ,39,47,  ,64,74,  ,]

[ ,10,  ,34,42,54,  ,  ,83,]
[1,  ,29,  ,  ,55,  ,70,86,]
[6,19,  ,37,  ,  ,69,72,  ,]

[ ,12,20,  ,40,52,  ,  ,81,]
[ ,  ,  ,38,44,59,60,  ,84,]
[9,  ,27,  ,48,  ,66,76,  ,]

[ ,17,21,  ,41,  ,65,  ,80,]
[ ,  ,26,30,45,58,  ,  ,82,]
[7,  ,28,32,  ,  ,68,79,  ,]

[8,11,  ,  ,  ,54,  ,72,82,]
[ ,19,22,32,  ,59,61,  ,  ,]
[ ,  ,28,  ,43,  ,65,78,90,]

[5,  ,24,  ,47,  ,68,76,  ,]
[ ,10,  ,33,  ,52,  ,79,84,]
[9,13,  ,38,  ,57,  ,  ,89,]

[2,  ,23,  ,40,51,  ,  ,88,]
[6,14,  ,31,  ,  ,62,71,  ,]
[ ,16,  ,35,48,  ,63,77,  ,]

[ ,17,  ,36,46,50,  ,  ,80,]
[3,  ,29,  ,  ,55,  ,70,86,]
[4,18,  ,39,  ,  ,66,75,  ,]

[ ,15,21,  ,41,53,  ,  ,85,]
[ ,  ,  ,34,44,56,60,  ,87,]
[1,  ,25,  ,45,  ,64,73,  ,]

[ ,12,20,  ,42,  ,67,  ,81,]
[ ,  ,26,30,49,58,  ,  ,83,]
[7,  ,27,37,  ,  ,69,74,  ,]

[ ,  ,20,32,  ,50,61,78,  ,]
[5,12,24,  ,  ,56,  ,  ,83,]
[ ,17,  ,  ,49,  ,63,79,90,]

[4,  ,27,  ,40,  ,67,70,  ,]
[ ,14,  ,31,  ,52,  ,71,81,]
[7,19,  ,39,  ,59,  ,  ,84,]

[3,  ,21,  ,43,57,  ,  ,82,]
[6,15,  ,33,  ,  ,65,73,  ,]
[ ,18,  ,38,45,  ,68,75,  ,]

[ ,11,  ,34,41,51,  ,  ,85,]
[1,  ,29,  ,  ,55,  ,76,88,]
[8,16,  ,36,  ,  ,60,77,  ,]

[ ,13,22,  ,46,53,  ,  ,80,]
[ ,  ,  ,30,47,54,66,  ,89,]
[9,  ,28,  ,48,  ,69,72,  ,]

[ ,10,23,  ,42,  ,62,  ,86,]
[ ,  ,25,35,44,58,  ,  ,87,]
[2,  ,26,37,  ,  ,64,74,  ,]

[ ,11,  ,36,  ,50,  ,70,80,]
[6,13,20,  ,  ,  ,60,  ,87,]
[ ,  ,24,  ,41,59,65,78,  ,]

[2,  ,29,  ,47,  ,68,75,  ,]
[ ,10,  ,34,  ,54,  ,76,85,]
[7,12,  ,35,  ,55,  ,  ,88,]

[3,  ,21,  ,40,57,  ,  ,81,]
[8,14,  ,31,  ,  ,61,73,  ,]
[ ,19,  ,38,49,  ,66,77,  ,]

[ ,15,  ,37,46,53,  ,  ,84,]
[4,  ,23,  ,  ,58,  ,72,86,]
[9,17,  ,39,  ,  ,62,79,  ,]

[ ,16,22,  ,42,51,  ,  ,83,]
[ ,  ,  ,30,44,56,63,  ,89,]
[1,  ,25,  ,48,  ,64,71,  ,]

[ ,18,26,  ,43,  ,67,  ,82,]
[ ,  ,27,32,45,52,  ,  ,90,]
[5,  ,28,33,  ,  ,69,74,  ,]

[ ,  ,26,33,  ,55,  ,72,81,]
[ ,10,28,  ,48,58,64,  ,  ,]
[2,16,  ,  ,  ,  ,68,79,85,]

[3,  ,25,  ,42,  ,66,70,  ,]
[ ,13,  ,34,  ,53,  ,75,88,]
[6,17,  ,36,  ,54,  ,  ,89,]

[5,  ,21,  ,47,59,  ,  ,84,]
[9,12,  ,31,  ,  ,61,73,  ,]
[ ,14,  ,39,49,  ,63,74,  ,]

[ ,11,  ,30,40,51,  ,  ,80,]
[4,  ,23,  ,  ,57,  ,76,90,]
[7,18,  ,37,  ,  ,60,78,  ,]

[ ,19,22,  ,41,52,  ,  ,82,]
[ ,  ,  ,35,43,56,65,  ,83,]
[8,  ,29,  ,46,  ,69,77,  ,]

[ ,15,20,  ,44,  ,62,  ,86,]
[ ,  ,24,32,45,50,  ,  ,87,]
[1,  ,27,38,  ,  ,67,71,  ,]

[ ,  ,20,38,  ,  ,61,70,80,]
[ ,10,25,  ,44,50,  ,  ,85,]
[9,17,  ,  ,  ,51,66,73,  ,]

[2,  ,22,  ,41,  ,60,77,  ,]
[ ,12,  ,34,  ,54,  ,79,88,]
[5,16,  ,35,  ,55,  ,  ,89,]

[7,  ,26,  ,42,56,  ,  ,83,]
[8,11,  ,31,  ,  ,62,72,  ,]
[ ,14,  ,36,48,  ,69,78,  ,]

[ ,13,  ,30,49,53,  ,  ,81,]
[3,  ,23,  ,  ,57,  ,74,86,]
[6,15,  ,33,  ,  ,64,76,  ,]

[ ,19,27,  ,43,58,  ,  ,87,]
[ ,  ,  ,37,45,59,65,  ,90,]
[4,  ,29,  ,46,  ,68,75,  ,]

[ ,18,21,  ,40,  ,63,  ,82,]
[ ,  ,24,32,47,52,  ,  ,84,]
[1,  ,28,39,  ,  ,67,71,  ,]

[1,15,  ,  ,  ,54,66,75,  ,]
[ ,16,25,34,  ,  ,68,  ,83,]
[ ,  ,26,  ,49,56,  ,77,88,]

[3,  ,27,  ,44,  ,63,70,  ,]
[ ,11,  ,32,  ,51,  ,79,82,]
[9,13,  ,36,  ,58,  ,  ,85,]

[7,  ,29,  ,41,50,  ,  ,84,]
[8,14,  ,31,  ,  ,65,71,  ,]
[ ,18,  ,33,47,  ,69,72,  ,]

[ ,17,  ,30,40,52,  ,  ,86,]
[2,  ,21,  ,  ,53,  ,73,89,]
[6,19,  ,38,  ,  ,60,76,  ,]

[ ,10,23,  ,42,55,  ,  ,87,]
[ ,  ,  ,37,43,57,62,  ,90,]
[4,  ,28,  ,48,  ,64,74,  ,]

[ ,12,20,  ,45,  ,61,  ,80,]
[ ,  ,22,35,46,59,  ,  ,81,]
[5,  ,24,39,  ,  ,67,78,  ,]

[7,  ,24,  ,  ,51,65,77,  ,]
[ ,10,27,  ,46,56,  ,  ,83,]
[ ,17,  ,30,  ,  ,66,79,86,]

[2,  ,26,  ,48,  ,68,73,  ,]
[ ,14,  ,32,  ,50,  ,78,89,]
[8,18,  ,34,  ,59,  ,  ,90,]

[1,  ,20,  ,42,57,  ,  ,85,]
[3,12,  ,31,  ,  ,61,72,  ,]
[ ,19,  ,37,49,  ,64,76,  ,]

[ ,13,  ,35,44,54,  ,  ,81,]
[4,  ,22,  ,  ,58,  ,70,87,]
[9,15,  ,36,  ,  ,60,71,  ,]

[ ,11,21,  ,40,52,  ,  ,80,]
[ ,  ,  ,39,45,53,63,  ,84,]
[6,  ,23,  ,47,  ,67,74,  ,]

[ ,16,25,  ,41,  ,62,  ,82,]
[ ,  ,28,33,43,55,  ,  ,88,]
[5,  ,29,38,  ,  ,69,75,  ,]

[ ,12,  ,31,  ,  ,65,77,82,]
[ ,18,24,  ,42,54,68,  ,  ,]
[5,  ,27,  ,  ,57,  ,79,84,]

[6,  ,20,  ,45,  ,67,71,  ,]
[ ,14,  ,30,  ,50,  ,78,80,]
[7,19,  ,33,  ,55,  ,  ,81,]

[2,  ,29,  ,40,51,  ,  ,83,]
[3,10,  ,32,  ,  ,60,70,  ,]
[ ,11,  ,38,47,  ,62,74,  ,]

[ ,15,  ,34,46,53,  ,  ,87,]
[4,  ,28,  ,  ,58,  ,72,89,]
[8,17,  ,37,  ,  ,69,76,  ,]

[ ,13,22,  ,44,52,  ,  ,86,]
[ ,  ,  ,35,48,59,61,  ,90,]
[1,  ,23,  ,49,  ,64,73,  ,]

[ ,16,21,  ,41,  ,63,  ,85,]
[ ,  ,25,36,43,56,  ,  ,88,]
[9,  ,26,39,  ,  ,66,75,  ,]

[ ,  ,22,  ,42,56,65,71,  ,]
[ ,16,28,33,  ,57,  ,  ,85,]
[8,19,  ,  ,  ,  ,66,78,87,]

[1,  ,25,  ,48,  ,63,70,  ,]
[ ,12,  ,30,  ,53,  ,77,84,]
[2,15,  ,36,  ,54,  ,  ,90,]

[5,  ,21,  ,41,52,  ,  ,86,]
[9,11,  ,34,  ,  ,62,74,  ,]
[ ,13,  ,39,49,  ,68,75,  ,]

[ ,10,  ,31,46,50,  ,  ,83,]
[3,  ,29,  ,  ,58,  ,72,88,]
[4,17,  ,38,  ,  ,60,76,  ,]

[ ,14,20,  ,40,51,  ,  ,80,]
[ ,  ,  ,37,44,59,61,  ,89,]
[7,  ,23,  ,47,  ,64,79,  ,]

[ ,18,24,  ,43,  ,67,  ,81,]
[ ,  ,26,32,45,55,  ,  ,82,]
[6,  ,27,35,  ,  ,69,73,  ,]

[5,  ,24,  ,  ,51,67,74,  ,]
[ ,12,27,32,  ,56,  ,  ,81,]
[ ,19,  ,  ,40,  ,69,79,89,]

[3,  ,25,  ,42,  ,61,72,  ,]
[ ,10,  ,31,  ,52,  ,73,85,]
[7,11,  ,39,  ,54,  ,  ,90,]

[2,  ,29,  ,41,53,  ,  ,80,]
[6,15,  ,34,  ,  ,63,70,  ,]
[ ,16,  ,38,45,  ,64,75,  ,]

[ ,13,  ,36,46,57,  ,  ,86,]
[8,  ,23,  ,  ,58,  ,77,87,]
[9,14,  ,37,  ,  ,62,78,  ,]

[ ,17,26,  ,43,50,  ,  ,82,]
[ ,  ,  ,33,44,55,65,  ,88,]
[1,  ,28,  ,48,  ,68,71,  ,]

[ ,18,20,  ,47,  ,60,  ,83,]
[ ,  ,21,30,49,59,  ,  ,84,]
[4,  ,22,35,  ,  ,66,76,  ,]

[ ,10,  ,  ,41,52,60,72,  ,]
[ ,19,26,33,  ,  ,65,  ,88,]
[5,  ,29,  ,  ,59,  ,73,90,]

[6,  ,20,  ,44,  ,68,71,  ,]
[ ,13,  ,32,  ,56,  ,79,84,]
[8,18,  ,39,  ,57,  ,  ,87,]

[1,  ,25,  ,45,55,  ,  ,80,]
[7,12,  ,34,  ,  ,63,77,  ,]
[ ,16,  ,37,48,  ,64,78,  ,]

[ ,15,  ,30,42,51,  ,  ,85,]
[2,  ,22,  ,  ,53,  ,70,86,]
[4,17,  ,38,  ,  ,61,75,  ,]

[ ,14,23,  ,46,50,  ,  ,82,]
[ ,  ,  ,36,47,54,66,  ,83,]
[3,  ,27,  ,49,  ,69,76,  ,]

[ ,11,21,  ,40,  ,62,  ,81,]
[ ,  ,24,31,43,58,  ,  ,89,]
[9,  ,28,35,  ,  ,67,74,  ,]

[ ,11,  ,31,  ,53,60,74,  ,]
[ ,16,22,  ,42,56,  ,  ,82,]
[3,  ,23,  ,  ,  ,62,78,89,]

[2,  ,29,  ,45,  ,68,70,  ,]
[ ,13,  ,32,  ,51,  ,72,80,]
[5,15,  ,37,  ,54,  ,  ,87,]

[4,  ,21,  ,41,59,  ,  ,86,]
[7,10,  ,33,  ,  ,61,76,  ,]
[ ,14,  ,39,47,  ,69,77,  ,]

[ ,17,  ,35,43,50,  ,  ,81,]
[6,  ,26,  ,  ,55,  ,73,84,]
[9,19,  ,36,  ,  ,67,79,  ,]

[ ,18,25,  ,40,52,  ,  ,85,]
[ ,  ,  ,38,44,57,63,  ,90,]
[8,  ,28,  ,46,  ,64,75,  ,]

[ ,12,20,  ,48,  ,65,  ,83,]
[ ,  ,24,30,49,58,  ,  ,88,]
[1,  ,27,34,  ,  ,66,71,  ,]

[ ,  ,26,36,  ,  ,65,74,88,]
[ ,12,28,  ,44,53,  ,  ,90,]
[5,15,  ,  ,  ,54,67,75,  ,]

[1,  ,21,  ,47,  ,61,72,  ,]
[ ,13,  ,30,  ,50,  ,73,82,]
[6,19,  ,35,  ,51,  ,  ,83,]

[2,  ,23,  ,42,56,  ,  ,80,]
[4,11,  ,37,  ,  ,63,77,  ,]
[ ,17,  ,39,48,  ,66,78,  ,]

[ ,16,  ,31,49,52,  ,  ,81,]
[3,  ,29,  ,  ,55,  ,70,87,]
[7,18,  ,34,  ,  ,62,71,  ,]

[ ,14,22,  ,41,57,  ,  ,85,]
[ ,  ,  ,32,43,58,60,  ,89,]
[9,  ,27,  ,45,  ,69,79,  ,]

[ ,10,20,  ,40,  ,64,  ,84,]
[ ,  ,24,33,46,59,  ,  ,86,]
[8,  ,25,38,  ,  ,68,76,  ,]

[ ,12,  ,  ,41,52,  ,74,82,]
[6,17,23,  ,  ,59,60,  ,  ,]
[ ,  ,24,30,  ,  ,62,78,87,]

[4,  ,29,  ,43,  ,63,70,  ,]
[ ,11,  ,31,  ,51,  ,72,80,]
[5,18,  ,37,  ,56,  ,  ,84,]

[3,  ,22,  ,45,53,  ,  ,90,]
[9,10,  ,34,  ,  ,65,75,  ,]
[ ,14,  ,38,49,  ,67,77,  ,]

[ ,15,  ,32,40,55,  ,  ,81,]
[2,  ,20,  ,  ,57,  ,76,85,]
[7,16,  ,36,  ,  ,66,79,  ,]

[ ,19,21,  ,44,50,  ,  ,88,]
[ ,  ,  ,35,46,54,61,  ,89,]
[1,  ,25,  ,48,  ,68,71,  ,]

[ ,13,26,  ,42,  ,64,  ,83,]
[ ,  ,27,33,47,58,  ,  ,86,]
[8,  ,28,39,  ,  ,69,73,  ,]

[ ,  ,20,35,  ,50,64,75,  ,]
[ ,10,22,  ,49,  ,67,  ,80,]
[6,18,  ,  ,  ,51,  ,79,87,]

[2,  ,27,  ,42,  ,62,72,  ,]
[ ,14,  ,34,  ,55,  ,78,86,]
[9,15,  ,39,  ,56,  ,  ,89,]

[3,  ,28,  ,40,52,  ,  ,90,]
[7,12,  ,31,  ,  ,60,70,  ,]
[ ,16,  ,37,41,  ,69,77,  ,]

[ ,17,  ,30,47,53,  ,  ,81,]
[1,  ,29,  ,  ,54,  ,71,85,]
[8,19,  ,33,  ,  ,61,74,  ,]

[ ,11,23,  ,44,57,  ,  ,82,]
[ ,  ,  ,36,46,59,66,  ,84,]
[4,  ,25,  ,48,  ,68,76,  ,]

[ ,13,21,  ,43,  ,63,  ,83,]
[ ,  ,24,32,45,58,  ,  ,88,]
[5,  ,26,38,  ,  ,65,73,  ,]

[ ,  ,22,  ,41,51,63,75,  ,]
[ ,14,27,37,  ,56,  ,  ,88,]
[8,16,  ,  ,  ,  ,64,79,89,]

[3,  ,20,  ,44,  ,66,74,  ,]
[ ,17,  ,38,  ,53,  ,76,82,]
[7,18,  ,39,  ,58,  ,  ,86,]

[1,  ,24,  ,42,54,  ,  ,83,]
[9,10,  ,35,  ,  ,62,70,  ,]
[ ,15,  ,36,47,  ,67,71,  ,]

[ ,11,  ,30,48,50,  ,  ,84,]
[2,  ,21,  ,  ,52,  ,72,87,]
[4,19,  ,34,  ,  ,61,77,  ,]

[ ,12,23,  ,40,57,  ,  ,80,]
[ ,  ,  ,33,46,59,60,  ,81,]
[6,  ,25,  ,49,  ,69,78,  ,]

[ ,13,26,  ,43,  ,65,  ,85,]
[ ,  ,28,31,45,55,  ,  ,90,]
[5,  ,29,32,  ,  ,68,73,  ,]

[5,16,  ,  ,  ,50,64,77,  ,]
[ ,18,21,37,  ,  ,68,  ,80,]
[ ,  ,22,  ,46,58,  ,79,89,]

[2,  ,20,  ,43,  ,66,72,  ,]
[ ,11,  ,32,  ,56,  ,73,81,]
[9,13,  ,33,  ,57,  ,  ,88,]

[3,  ,23,  ,44,59,  ,  ,84,]
[4,12,  ,31,  ,  ,61,74,  ,]
[ ,14,  ,39,49,  ,67,76,  ,]

[ ,15,  ,34,41,53,  ,  ,85,]
[1,  ,28,  ,  ,54,  ,71,87,]
[8,19,  ,35,  ,  ,60,75,  ,]

[ ,10,24,  ,40,51,  ,  ,86,]
[ ,  ,  ,30,42,55,62,  ,90,]
[7,  ,29,  ,48,  ,63,70,  ,]

[ ,17,25,  ,45,  ,65,  ,82,]
[ ,  ,26,36,47,52,  ,  ,83,]
[6,  ,27,38,  ,  ,69,78,  ,]

[ ,13,  ,  ,49,55,  ,70,80,]
[ ,16,20,35,  ,  ,63,  ,87,]
[9,  ,22,  ,  ,56,65,79,  ,]

[4,  ,24,  ,43,  ,60,72,  ,]
[ ,18,  ,30,  ,53,  ,74,85,]
[7,19,  ,34,  ,57,  ,  ,86,]

[2,  ,21,  ,47,50,  ,  ,81,]
[6,11,  ,32,  ,  ,61,71,  ,]
[ ,12,  ,33,48,  ,69,76,  ,]

[ ,14,  ,38,40,54,  ,  ,83,]
[3,  ,27,  ,  ,58,  ,73,88,]
[8,15,  ,39,  ,  ,67,77,  ,]

[ ,10,23,  ,41,52,  ,  ,82,]
[ ,  ,  ,36,42,59,66,  ,90,]
[5,  ,29,  ,46,  ,68,75,  ,]

[ ,17,25,  ,44,  ,62,  ,84,]
[ ,  ,26,31,45,51,  ,  ,89,]
[1,  ,28,37,  ,  ,64,78,  ,]

[ ,  ,22,  ,48,50,  ,71,84,]
[ ,10,27,39,  ,59,63,  ,  ,]
[5,14,  ,  ,  ,  ,66,74,87,]

[6,  ,24,  ,47,  ,69,77,  ,]
[ ,16,  ,36,  ,53,  ,79,80,]
[9,18,  ,38,  ,56,  ,  ,90,]

[2,  ,20,  ,40,57,  ,  ,85,]
[7,12,  ,31,  ,  ,60,70,  ,]
[ ,15,  ,35,41,  ,65,76,  ,]

[ ,11,  ,33,44,55,  ,  ,86,]
[1,  ,26,  ,  ,58,  ,72,89,]
[3,19,  ,37,  ,  ,68,73,  ,]

[ ,17,21,  ,43,52,  ,  ,81,]
[ ,  ,  ,30,45,54,64,  ,82,]
[8,  ,25,  ,46,  ,67,78,  ,]

[ ,13,23,  ,42,  ,61,  ,83,]
[ ,  ,28,32,49,51,  ,  ,88,]
[4,  ,29,34,  ,  ,62,75,  ,]

[ ,  ,21,  ,43,51,  ,76,82,]
[5,15,26,  ,  ,  ,60,  ,85,]
[ ,16,  ,32,  ,58,62,77,  ,]

[3,  ,27,  ,40,  ,69,70,  ,]
[ ,10,  ,35,  ,52,  ,72,86,]
[8,12,  ,38,  ,59,  ,  ,89,]

[1,  ,28,  ,44,54,  ,  ,81,]
[4,14,  ,34,  ,  ,61,71,  ,]
[ ,19,  ,39,48,  ,68,73,  ,]

[ ,13,  ,30,41,50,  ,  ,83,]
[6,  ,22,  ,  ,55,  ,74,87,]
[9,18,  ,37,  ,  ,64,75,  ,]

[ ,17,23,  ,42,53,  ,  ,80,]
[ ,  ,  ,31,45,56,66,  ,90,]
[7,  ,29,  ,49,  ,67,79,  ,]

[ ,11,20,  ,46,  ,63,  ,84,]
[ ,  ,24,33,47,57,  ,  ,88,]
[2,  ,25,36,  ,  ,65,78,  ,]

[ ,13,  ,  ,42,  ,63,71,82,]
[ ,14,24,34,  ,52,  ,  ,84,]
[7,  ,27,  ,  ,56,68,72,  ,]

[3,  ,25,  ,44,  ,66,75,  ,]
[ ,11,  ,31,  ,50,  ,78,83,]
[9,16,  ,37,  ,58,  ,  ,85,]

[6,  ,28,  ,45,55,  ,  ,80,]
[8,10,  ,33,  ,  ,61,70,  ,]
[ ,18,  ,38,47,  ,65,79,  ,]

[ ,15,  ,32,41,53,  ,  ,88,]
[2,  ,29,  ,  ,57,  ,73,90,]
[5,17,  ,35,  ,  ,67,77,  ,]

[ ,19,21,  ,40,51,  ,  ,86,]
[ ,  ,  ,36,46,54,64,  ,87,]
[4,  ,22,  ,49,  ,69,74,  ,]

[ ,12,20,  ,43,  ,60,  ,81,]
[ ,  ,23,30,48,59,  ,  ,89,]
[1,  ,26,39,  ,  ,62,76,  ,]

[2,13,  ,  ,  ,  ,62,71,83,]
[ ,18,26,  ,41,51,67,  ,  ,]
[ ,  ,28,30,  ,55,  ,79,88,]

[4,  ,24,  ,44,  ,69,70,  ,]
[ ,10,  ,33,  ,50,  ,72,82,]
[8,12,  ,35,  ,57,  ,  ,87,]

[1,  ,20,  ,42,52,  ,  ,86,]
[5,11,  ,37,  ,  ,64,73,  ,]
[ ,15,  ,39,46,  ,65,77,  ,]

[ ,17,  ,36,49,56,  ,  ,85,]
[3,  ,25,  ,  ,58,  ,74,89,]
[7,19,  ,38,  ,  ,63,76,  ,]

[ ,16,22,  ,45,53,  ,  ,81,]
[ ,  ,  ,32,47,54,60,  ,84,]
[9,  ,29,  ,48,  ,66,78,  ,]

[ ,14,21,  ,40,  ,61,  ,80,]
[ ,  ,23,31,43,59,  ,  ,90,]
[6,  ,27,34,  ,  ,68,75,  ,]

[ ,  ,22,  ,48,54,  ,70,83,]
[ ,15,24,36,  ,58,60,  ,  ,]
[2,17,  ,  ,  ,  ,67,76,84,]

[6,  ,29,  ,41,  ,61,71,  ,]
[ ,11,  ,31,  ,57,  ,74,82,]
[8,18,  ,39,  ,59,  ,  ,89,]

[7,  ,25,  ,45,53,  ,  ,80,]
[9,16,  ,34,  ,  ,64,75,  ,]
[ ,19,  ,37,47,  ,68,79,  ,]

[ ,13,  ,32,40,52,  ,  ,88,]
[1,  ,21,  ,  ,55,  ,72,90,]
[3,14,  ,33,  ,  ,65,77,  ,]

[ ,12,23,  ,43,50,  ,  ,81,]
[ ,  ,  ,30,44,56,63,  ,86,]
[5,  ,27,  ,49,  ,66,78,  ,]

[ ,10,20,  ,42,  ,62,  ,85,]
[ ,  ,26,35,46,51,  ,  ,87,]
[4,  ,28,38,  ,  ,69,73,  ,]

[7,11,  ,  ,  ,  ,64,72,80,]
[ ,15,22,  ,42,57,65,  ,  ,]
[ ,  ,24,32,  ,58,  ,73,87,]

[3,  ,26,  ,47,  ,61,70,  ,]
[ ,16,  ,36,  ,51,  ,71,83,]
[6,19,  ,37,  ,55,  ,  ,89,]

[2,  ,29,  ,44,56,  ,  ,81,]
[8,13,  ,31,  ,  ,62,75,  ,]
[ ,18,  ,38,45,  ,66,78,  ,]

[ ,14,  ,33,48,50,  ,  ,84,]
[1,  ,27,  ,  ,59,  ,74,90,]
[4,17,  ,35,  ,  ,68,79,  ,]

[ ,10,21,  ,40,53,  ,  ,85,]
[ ,  ,  ,30,43,54,63,  ,86,]
[5,  ,28,  ,46,  ,67,76,  ,]

[ ,12,20,  ,41,  ,60,  ,82,]
[ ,  ,23,34,49,52,  ,  ,88,]
[9,  ,25,39,  ,  ,69,77,  ,]

[7,  ,25,  ,  ,53,61,71,  ,]
[ ,16,27,36,  ,59,  ,  ,83,]
[ ,17,  ,  ,42,  ,68,78,84,]

[3,  ,24,  ,45,  ,66,72,  ,]
[ ,10,  ,32,  ,52,  ,74,80,]
[9,12,  ,37,  ,56,  ,  ,81,]

[4,  ,21,  ,43,51,  ,  ,86,]
[6,18,  ,34,  ,  ,64,76,  ,]
[ ,19,  ,35,48,  ,65,77,  ,]

[ ,14,  ,31,44,50,  ,  ,87,]
[1,  ,22,  ,  ,54,  ,73,89,]
[5,15,  ,39,  ,  ,60,79,  ,]

[ ,11,23,  ,41,57,  ,  ,88,]
[ ,  ,  ,33,46,58,63,  ,90,]
[8,  ,26,  ,49,  ,69,70,  ,]

[ ,13,20,  ,40,  ,62,  ,82,]
[ ,  ,28,30,47,55,  ,  ,85,]
[2,  ,29,38,  ,  ,67,75,  ,]

[ ,11,  ,36,  ,53,  ,75,80,]
[9,16,27,  ,  ,  ,62,  ,85,]
[ ,  ,28,  ,45,55,66,76,  ,]

[1,  ,23,  ,48,  ,69,71,  ,]
[ ,10,  ,33,  ,52,  ,78,82,]
[8,19,  ,38,  ,57,  ,  ,89,]

[4,  ,24,  ,46,56,  ,  ,87,]
[7,15,  ,34,  ,  ,63,70,  ,]
[ ,18,  ,37,47,  ,67,77,  ,]

[ ,14,  ,35,44,51,  ,  ,81,]
[2,  ,21,  ,  ,58,  ,73,84,]
[6,17,  ,39,  ,  ,64,79,  ,]

[ ,12,26,  ,40,50,  ,  ,86,]
[ ,  ,  ,30,41,59,60,  ,90,]
[5,  ,29,  ,43,  ,65,72,  ,]

[ ,13,20,  ,42,  ,61,  ,83,]
[ ,  ,22,31,49,54,  ,  ,88,]
[3,  ,25,32,  ,  ,68,74,  ,]

[4,  ,27,  ,  ,55,  ,70,89,]
[ ,13,29,36,  ,  ,61,  ,90,]
[ ,17,  ,  ,43,57,68,75,  ,]

[7,  ,24,  ,46,  ,60,73,  ,]
[ ,15,  ,35,  ,50,  ,76,83,]
[9,18,  ,38,  ,59,  ,  ,88,]

[1,  ,22,  ,40,51,  ,  ,81,]
[8,11,  ,34,  ,  ,62,71,  ,]
[ ,14,  ,39,47,  ,65,72,  ,]

[ ,10,  ,30,41,52,  ,  ,82,]
[3,  ,23,  ,  ,53,  ,77,87,]
[6,16,  ,32,  ,  ,63,79,  ,]

[ ,19,20,  ,42,54,  ,  ,80,]
[ ,  ,  ,37,44,58,66,  ,84,]
[2,  ,21,  ,45,  ,69,74,  ,]

[ ,12,25,  ,48,  ,64,  ,85,]
[ ,  ,26,31,49,56,  ,  ,86,]
[5,  ,28,33,  ,  ,67,78,  ,]

[ ,11,  ,34,  ,52,68,71,  ,]
[ ,12,24,  ,49,54,  ,  ,80,]
[4,  ,28,  ,  ,  ,69,73,81,]

[2,  ,26,  ,47,  ,65,74,  ,]
[ ,14,  ,30,  ,53,  ,79,83,]
[6,19,  ,39,  ,59,  ,  ,86,]

[7,  ,27,  ,40,56,  ,  ,88,]
[9,10,  ,35,  ,  ,62,72,  ,]
[ ,13,  ,37,42,  ,63,75,  ,]

[ ,15,  ,33,43,50,  ,  ,82,]
[1,  ,21,  ,  ,55,  ,70,89,]
[8,18,  ,36,  ,  ,67,78,  ,]

[ ,16,25,  ,45,51,  ,  ,85,]
[ ,  ,  ,38,46,58,60,  ,87,]
[3,  ,29,  ,48,  ,61,77,  ,]

[ ,17,20,  ,41,  ,64,  ,84,]
[ ,  ,22,31,44,57,  ,  ,90,]
[5,  ,23,32,  ,  ,66,76,  ,]

[4,  ,23,  ,  ,  ,60,70,87,]
[ ,10,24,  ,49,50,  ,  ,90,]
[ ,16,  ,34,  ,54,63,77,  ,]

[3,  ,20,  ,43,  ,66,74,  ,]
[ ,12,  ,31,  ,53,  ,79,82,]
[8,13,  ,39,  ,59,  ,  ,84,]

[5,  ,26,  ,45,52,  ,  ,89,]
[7,15,  ,30,  ,  ,61,73,  ,]
[ ,19,  ,33,48,  ,68,78,  ,]

[ ,14,  ,32,41,51,  ,  ,81,]
[1,  ,28,  ,  ,57,  ,72,83,]
[6,17,  ,36,  ,  ,64,75,  ,]

[ ,18,22,  ,40,56,  ,  ,80,]
[ ,  ,  ,37,42,58,65,  ,88,]
[9,  ,25,  ,44,  ,67,76,  ,]

[ ,11,21,  ,46,  ,62,  ,85,]
[ ,  ,27,35,47,55,  ,  ,86,]
[2,  ,29,38,  ,  ,69,71,  ,]

[ ,  ,24,32,  ,55,62,73,  ,]
[2,15,26,  ,  ,58,  ,  ,82,]
[ ,16,  ,  ,44,  ,65,79,90,]

[5,  ,23,  ,46,  ,69,72,  ,]
[ ,11,  ,31,  ,51,  ,78,84,]
[8,13,  ,34,  ,52,  ,  ,85,]

[3,  ,25,  ,45,50,  ,  ,81,]
[6,10,  ,30,  ,  ,63,70,  ,]
[ ,19,  ,37,49,  ,64,71,  ,]

[ ,12,  ,36,47,57,  ,  ,87,]
[1,  ,27,  ,  ,59,  ,74,89,]
[9,18,  ,38,  ,  ,66,76,  ,]

[ ,17,22,  ,40,54,  ,  ,83,]
[ ,  ,  ,33,43,56,67,  ,86,]
[4,  ,28,  ,48,  ,68,77,  ,]

[ ,14,20,  ,41,  ,60,  ,80,]
[ ,  ,21,35,42,53,  ,  ,88,]
[7,  ,29,39,  ,  ,61,75,  ,]

[4,12,  ,  ,  ,  ,61,70,81,]
[ ,13,21,  ,44,56,  ,  ,82,]
[ ,  ,28,38,  ,58,65,74,  ,]

[1,  ,22,  ,47,  ,68,71,  ,]
[ ,15,  ,31,  ,53,  ,73,84,]
[6,18,  ,37,  ,54,  ,  ,86,]

[2,  ,23,  ,45,59,  ,  ,89,]
[7,11,  ,33,  ,  ,60,72,  ,]
[ ,17,  ,34,46,  ,67,76,  ,]

[ ,10,  ,35,43,52,  ,  ,87,]
[5,  ,24,  ,  ,55,  ,77,90,]
[9,16,  ,36,  ,  ,64,78,  ,]

[ ,19,20,  ,40,51,  ,  ,83,]
[ ,  ,  ,39,42,57,66,  ,85,]
[3,  ,29,  ,48,  ,69,75,  ,]

[ ,14,25,  ,41,  ,62,  ,80,]
[ ,  ,26,30,49,50,  ,  ,88,]
[8,  ,27,32,  ,  ,63,79,  ,]

[ ,  ,20,37,  ,53,  ,70,81,]
[5,17,25,  ,  ,58,65,  ,  ,]
[ ,18,  ,  ,49,  ,68,74,87,]

[1,  ,21,  ,47,  ,60,76,  ,]
[ ,12,  ,30,  ,51,  ,78,82,]
[7,16,  ,35,  ,55,  ,  ,83,]

[3,  ,28,  ,40,50,  ,  ,84,]
[8,11,  ,31,  ,  ,63,72,  ,]
[ ,14,  ,38,44,  ,66,77,  ,]

[ ,10,  ,34,45,56,  ,  ,89,]
[6,  ,22,  ,  ,57,  ,71,90,]
[9,15,  ,39,  ,  ,67,79,  ,]

[ ,13,24,  ,42,54,  ,  ,85,]
[ ,  ,  ,36,43,59,61,  ,88,]
[2,  ,29,  ,48,  ,64,75,  ,]

[ ,19,23,  ,41,  ,62,  ,80,]
[ ,  ,26,32,46,52,  ,  ,86,]
[4,  ,27,33,  ,  ,69,73,  ,]

[ ,12,  ,34,  ,51,60,78,  ,]
[ ,19,20,  ,46,55,  ,  ,80,]
[5,  ,26,  ,  ,  ,67,79,85,]

[7,  ,24,  ,47,  ,69,73,  ,]
[ ,10,  ,31,  ,53,  ,76,83,]
[9,13,  ,35,  ,57,  ,  ,87,]

[4,  ,23,  ,41,58,  ,  ,81,]
[8,14,  ,30,  ,  ,61,72,  ,]
[ ,17,  ,32,49,  ,63,75,  ,]

[ ,11,  ,36,48,52,  ,  ,84,]
[3,  ,21,  ,  ,56,  ,71,89,]
[6,18,  ,37,  ,  ,68,77,  ,]

[ ,15,25,  ,40,54,  ,  ,86,]
[ ,  ,  ,39,44,59,62,  ,88,]
[2,  ,29,  ,45,  ,64,74,  ,]

[ ,16,22,  ,42,  ,65,  ,82,]
[ ,  ,27,33,43,50,  ,  ,90,]
[1,  ,28,38,  ,  ,66,70,  ,]

[2,12,  ,  ,  ,  ,62,74,81,]
[ ,19,22,36,  ,50,67,  ,  ,]
[ ,  ,25,  ,49,53,  ,79,83,]

[4,  ,24,  ,48,  ,65,71,  ,]
[ ,11,  ,31,  ,56,  ,73,84,]
[9,18,  ,37,  ,58,  ,  ,85,]

[6,  ,28,  ,41,55,  ,  ,87,]
[7,10,  ,35,  ,  ,68,72,  ,]
[ ,16,  ,38,44,  ,69,78,  ,]

[ ,14,  ,32,45,52,  ,  ,80,]
[1,  ,20,  ,  ,54,  ,70,82,]
[8,15,  ,39,  ,  ,63,76,  ,]

[ ,17,27,  ,40,57,  ,  ,89,]
[ ,  ,  ,34,43,59,61,  ,90,]
[5,  ,29,  ,46,  ,66,77,  ,]

[ ,13,21,  ,42,  ,60,  ,86,]
[ ,  ,23,30,47,51,  ,  ,88,]
[3,  ,26,33,  ,  ,64,75,  ,]

[ ,  ,24,  ,43,51,  ,70,80,]
[ ,11,26,34,  ,  ,61,  ,89,]
[2,19,  ,  ,  ,56,66,73,  ,]

[1,  ,27,  ,46,  ,64,72,  ,]
[ ,10,  ,38,  ,50,  ,78,81,]
[7,13,  ,39,  ,57,  ,  ,83,]

[5,  ,22,  ,45,58,  ,  ,82,]
[6,15,  ,31,  ,  ,67,74,  ,]
[ ,17,  ,35,49,  ,69,77,  ,]

[ ,12,  ,30,47,52,  ,  ,85,]
[4,  ,28,  ,  ,54,  ,71,90,]
[8,16,  ,32,  ,  ,68,76,  ,]

[ ,18,25,  ,40,53,  ,  ,86,]
[ ,  ,  ,37,44,59,62,  ,88,]
[9,  ,29,  ,48,  ,63,79,  ,]

[ ,14,20,  ,41,  ,60,  ,84,]
[ ,  ,21,33,42,55,  ,  ,87,]
[3,  ,23,36,  ,  ,65,75,  ,]

[ ,12,  ,  ,49,50,65,75,  ,]
[4,14,22,  ,  ,  ,69,  ,82,]
[ ,  ,25,32,  ,54,  ,79,89,]

[7,  ,21,  ,42,  ,68,70,  ,]
[ ,11,  ,30,  ,51,  ,71,81,]
[9,19,  ,33,  ,52,  ,  ,87,]

[3,  ,24,  ,43,53,  ,  ,88,]
[6,16,  ,37,  ,  ,60,73,  ,]
[ ,18,  ,39,47,  ,63,77,  ,]

[ ,13,  ,34,44,56,  ,  ,80,]
[1,  ,20,  ,  ,58,  ,72,86,]
[2,15,  ,38,  ,  ,61,74,  ,]

[ ,10,23,  ,40,55,  ,  ,83,]
[ ,  ,  ,31,41,59,66,  ,84,]
[8,  ,27,  ,45,  ,67,76,  ,]

[ ,17,26,  ,46,  ,62,  ,85,]
[ ,  ,28,35,48,57,  ,  ,90,]
[5,  ,29,36,  ,  ,64,78,  ,]

[ ,10,  ,30,  ,51,64,73,  ,]
[ ,17,27,  ,48,58,  ,  ,86,]
[8,  ,28,  ,  ,  ,67,78,90,]

[2,  ,22,  ,43,  ,61,72,  ,]
[ ,11,  ,34,  ,55,  ,76,80,]
[7,14,  ,39,  ,56,  ,  ,82,]

[3,  ,25,  ,42,57,  ,  ,84,]
[9,16,  ,33,  ,  ,66,71,  ,]
[ ,18,  ,37,44,  ,69,79,  ,]

[ ,12,  ,32,46,52,  ,  ,81,]
[1,  ,23,  ,  ,54,  ,70,88,]
[4,15,  ,35,  ,  ,60,75,  ,]

[ ,13,21,  ,41,50,  ,  ,83,]
[ ,  ,  ,38,45,53,62,  ,87,]
[6,  ,26,  ,47,  ,63,74,  ,]

[ ,19,20,  ,40,  ,65,  ,85,]
[ ,  ,24,31,49,59,  ,  ,89,]
[5,  ,29,36,  ,  ,68,77,  ,]

[6,10,  ,  ,  ,52,  ,70,86,]
[ ,11,21,  ,40,55,60,  ,  ,]
[ ,  ,22,34,  ,  ,67,75,87,]

[2,  ,28,  ,46,  ,65,71,  ,]
[ ,13,  ,37,  ,51,  ,72,82,]
[5,19,  ,38,  ,58,  ,  ,88,]

[3,  ,24,  ,45,59,  ,  ,89,]
[4,14,  ,36,  ,  ,68,74,  ,]
[ ,17,  ,39,49,  ,69,78,  ,]

[ ,15,  ,32,48,50,  ,  ,84,]
[7,  ,23,  ,  ,53,  ,73,85,]
[9,16,  ,33,  ,  ,64,76,  ,]

[ ,12,25,  ,42,54,  ,  ,83,]
[ ,  ,  ,35,43,56,62,  ,90,]
[1,  ,26,  ,44,  ,63,79,  ,]

[ ,18,20,  ,41,  ,61,  ,80,]
[ ,  ,27,30,47,57,  ,  ,81,]
[8,  ,29,31,  ,  ,66,77,  ,]

[8,  ,20,  ,  ,50,61,72,  ,]
[ ,10,22,  ,43,58,  ,  ,80,]
[ ,13,  ,32,  ,  ,66,74,88,]

[1,  ,27,  ,45,  ,63,73,  ,]
[ ,11,  ,34,  ,55,  ,75,82,]
[2,14,  ,37,  ,56,  ,  ,90,]

[5,  ,26,  ,46,51,  ,  ,86,]
[6,16,  ,30,  ,  ,62,71,  ,]
[ ,19,  ,36,49,  ,67,77,  ,]

[ ,15,  ,33,41,54,  ,  ,81,]
[3,  ,24,  ,  ,59,  ,76,83,]
[4,17,  ,35,  ,  ,60,79,  ,]

[ ,18,23,  ,44,52,  ,  ,84,]
[ ,  ,  ,31,47,53,65,  ,85,]
[7,  ,29,  ,48,  ,69,78,  ,]

[ ,12,21,  ,40,  ,64,  ,87,]
[ ,  ,25,38,42,57,  ,  ,89,]
[9,  ,28,39,  ,  ,68,70,  ,]

[1,11,  ,  ,  ,50,63,72,  ,]
[ ,18,22,34,  ,55,  ,  ,81,]
[ ,  ,26,  ,48,  ,65,78,86,]

[4,  ,24,  ,43,  ,66,70,  ,]
[ ,16,  ,35,  ,53,  ,73,84,]
[7,17,  ,36,  ,59,  ,  ,88,]

[2,  ,28,  ,45,58,  ,  ,82,]
[3,10,  ,33,  ,  ,67,71,  ,]
[ ,12,  ,39,47,  ,68,75,  ,]

[ ,13,  ,32,49,51,  ,  ,80,]
[6,  ,23,  ,  ,54,  ,76,85,]
[9,19,  ,38,  ,  ,60,77,  ,]

[ ,14,20,  ,40,52,  ,  ,87,]
[ ,  ,  ,37,42,57,61,  ,89,]
[8,  ,29,  ,44,  ,69,74,  ,]

[ ,15,21,  ,41,  ,62,  ,83,]
[ ,  ,25,30,46,56,  ,  ,90,]
[5,  ,27,31,  ,  ,64,79,  ,]

[ ,  ,26,37,  ,50,65,72,  ,]
[ ,10,29,  ,43,58,  ,  ,82,]
[8,14,  ,  ,  ,  ,68,78,89,]

[1,  ,21,  ,44,  ,61,74,  ,]
[ ,13,  ,31,  ,51,  ,79,80,]
[7,18,  ,34,  ,57,  ,  ,81,]

[3,  ,20,  ,45,53,  ,  ,86,]
[9,15,  ,32,  ,  ,62,70,  ,]
[ ,17,  ,39,46,  ,69,77,  ,]

[ ,11,  ,30,49,52,  ,  ,83,]
[2,  ,22,  ,  ,56,  ,71,88,]
[5,16,  ,36,  ,  ,64,73,  ,]

[ ,19,27,  ,42,54,  ,  ,84,]
[ ,  ,  ,33,47,59,60,  ,90,]
[4,  ,28,  ,48,  ,63,76,  ,]

[ ,12,23,  ,40,  ,66,  ,85,]
[ ,  ,24,35,41,55,  ,  ,87,]
[6,  ,25,38,  ,  ,67,75,  ,]

[ ,  ,24,  ,42,  ,62,73,82,]
[3,13,27,  ,  ,56,  ,  ,85,]
[ ,15,  ,39,  ,58,65,79,  ,]

[2,  ,29,  ,46,  ,67,70,  ,]
[ ,10,  ,34,  ,50,  ,76,84,]
[9,14,  ,37,  ,53,  ,  ,89,]

[6,  ,22,  ,41,51,  ,  ,87,]
[7,16,  ,30,  ,  ,61,72,  ,]
[ ,17,  ,33,43,  ,63,78,  ,]

[ ,11,  ,36,48,54,  ,  ,81,]
[1,  ,26,  ,  ,55,  ,71,88,]
[5,18,  ,38,  ,  ,68,74,  ,]

[ ,19,21,  ,44,57,  ,  ,80,]
[ ,  ,  ,35,45,59,66,  ,90,]
[8,  ,25,  ,49,  ,69,77,  ,]

[ ,12,20,  ,40,  ,60,  ,83,]
[ ,  ,23,31,47,52,  ,  ,86,]
[4,  ,28,32,  ,  ,64,75,  ,]

[8,  ,24,  ,  ,50,  ,77,82,]
[ ,14,26,  ,42,  ,64,  ,90,]
[ ,15,  ,33,  ,56,67,78,  ,]

[5,  ,27,  ,46,  ,63,75,  ,]
[ ,12,  ,30,  ,53,  ,79,83,]
[6,18,  ,32,  ,59,  ,  ,87,]

[2,  ,20,  ,40,54,  ,  ,89,]
[9,11,  ,38,  ,  ,60,74,  ,]
[ ,16,  ,39,41,  ,66,76,  ,]

[ ,13,  ,31,45,55,  ,  ,80,]
[1,  ,25,  ,  ,58,  ,70,88,]
[4,17,  ,35,  ,  ,68,72,  ,]

[ ,19,22,  ,43,51,  ,  ,81,]
[ ,  ,  ,34,47,57,61,  ,85,]
[7,  ,29,  ,48,  ,69,73,  ,]

[ ,10,21,  ,44,  ,62,  ,84,]
[ ,  ,23,36,49,52,  ,  ,86,]
[3,  ,28,37,  ,  ,65,71,  ,]

[9,10,  ,  ,  ,54,  ,71,82,]
[ ,17,21,38,  ,  ,65,  ,90,]
[ ,  ,28,  ,44,57,66,74,  ,]

[4,  ,20,  ,49,  ,61,76,  ,]
[ ,16,  ,30,  ,53,  ,77,81,]
[6,19,  ,33,  ,59,  ,  ,89,]

[1,  ,29,  ,46,55,  ,  ,80,]
[5,13,  ,31,  ,  ,60,73,  ,]
[ ,14,  ,37,47,  ,63,79,  ,]

[ ,11,  ,34,45,51,  ,  ,84,]
[7,  ,23,  ,  ,52,  ,70,85,]
[8,12,  ,36,  ,  ,67,78,  ,]

[ ,15,24,  ,40,50,  ,  ,87,]
[ ,  ,  ,39,42,58,62,  ,88,]
[2,  ,25,  ,43,  ,69,72,  ,]

[ ,18,22,  ,41,  ,64,  ,83,]
[ ,  ,26,32,48,56,  ,  ,86,]
[3,  ,27,35,  ,  ,68,75,  ,]

[5,  ,21,  ,  ,55,61,72,  ,]
[ ,10,27,34,  ,57,  ,  ,81,]
[ ,13,  ,  ,49,  ,63,77,84,]

[6,  ,28,  ,42,  ,66,75,  ,]
[ ,12,  ,31,  ,50,  ,79,82,]
[7,15,  ,36,  ,51,  ,  ,83,]

[2,  ,29,  ,43,53,  ,  ,90,]
[9,11,  ,32,  ,  ,62,71,  ,]
[ ,18,  ,35,44,  ,64,73,  ,]

[ ,16,  ,38,40,52,  ,  ,86,]
[3,  ,26,  ,  ,59,  ,74,87,]
[4,19,  ,39,  ,  ,60,76,  ,]

[ ,14,20,  ,41,56,  ,  ,80,]
[ ,  ,  ,37,45,58,65,  ,88,]
[8,  ,22,  ,48,  ,69,70,  ,]

[ ,17,23,  ,46,  ,67,  ,85,]
[ ,  ,24,30,47,54,  ,  ,89,]
[1,  ,25,33,  ,  ,68,78,  ,]

[ ,10,  ,  ,49,56,  ,70,81,]
[7,17,23,  ,  ,  ,62,  ,84,]
[ ,  ,24,30,  ,59,67,75,  ,]

[1,  ,28,  ,40,  ,66,74,  ,]
[ ,14,  ,32,  ,54,  ,79,82,]
[2,16,  ,33,  ,57,  ,  ,90,]

[5,  ,29,  ,47,55,  ,  ,86,]
[6,13,  ,35,  ,  ,64,73,  ,]
[ ,19,  ,36,48,  ,69,76,  ,]

[ ,12,  ,38,46,50,  ,  ,85,]
[3,  ,27,  ,  ,51,  ,72,88,]
[8,15,  ,39,  ,  ,60,77,  ,]

[ ,11,21,  ,41,52,  ,  ,80,]
[ ,  ,  ,34,42,53,61,  ,87,]
[4,  ,22,  ,44,  ,65,71,  ,]

[ ,18,20,  ,43,  ,63,  ,83,]
[ ,  ,25,31,45,58,  ,  ,89,]
[9,  ,26,37,  ,  ,68,78,  ,]

[ ,10,  ,  ,40,  ,60,74,82,]
[6,15,21,  ,  ,56,  ,  ,90,]
[ ,  ,29,31,  ,58,61,78,  ,]

[2,  ,28,  ,47,  ,65,72,  ,]
[ ,16,  ,32,  ,50,  ,77,84,]
[8,17,  ,33,  ,52,  ,  ,86,]

[3,  ,25,  ,41,54,  ,  ,83,]
[7,11,  ,30,  ,  ,64,73,  ,]
[ ,19,  ,38,46,  ,69,79,  ,]

[ ,13,  ,34,42,51,  ,  ,81,]
[1,  ,22,  ,  ,55,  ,71,89,]
[5,14,  ,35,  ,  ,66,75,  ,]

[ ,18,20,  ,43,53,  ,  ,80,]
[ ,  ,  ,39,44,59,67,  ,88,]
[4,  ,23,  ,48,  ,68,70,  ,]

[ ,12,24,  ,45,  ,62,  ,85,]
[ ,  ,26,36,49,57,  ,  ,87,]
[9,  ,27,37,  ,  ,63,76,  ,]

[ ,13,  ,  ,49,50,60,75,  ,]
[2,16,20,  ,  ,59,  ,  ,81,]
[ ,  ,24,30,  ,  ,62,78,87,]

[8,  ,25,  ,40,  ,61,71,  ,]
[ ,14,  ,33,  ,51,  ,77,85,]
[9,19,  ,36,  ,55,  ,  ,89,]

[1,  ,26,  ,45,56,  ,  ,88,]
[5,15,  ,31,  ,  ,64,72,  ,]
[ ,18,  ,38,46,  ,66,79,  ,]

[ ,10,  ,35,42,54,  ,  ,82,]
[3,  ,28,  ,  ,57,  ,73,84,]
[6,11,  ,37,  ,  ,65,76,  ,]

[ ,17,23,  ,41,53,  ,  ,80,]
[ ,  ,  ,39,43,58,67,  ,86,]
[7,  ,27,  ,44,  ,69,74,  ,]

[ ,12,21,  ,47,  ,63,  ,83,]
[ ,  ,22,32,48,52,  ,  ,90,]
[4,  ,29,34,  ,  ,68,70,  ,]

[3,15,  ,  ,  ,54,  ,70,88,]
[ ,18,24,39,  ,57,62,  ,  ,]
[ ,  ,26,  ,40,  ,64,73,89,]

[5,  ,25,  ,43,  ,61,74,  ,]
[ ,11,  ,33,  ,52,  ,75,80,]
[8,19,  ,34,  ,59,  ,  ,87,]

[6,  ,20,  ,45,53,  ,  ,86,]
[9,13,  ,32,  ,  ,60,72,  ,]
[ ,16,  ,35,48,  ,68,79,  ,]

[ ,10,  ,30,44,55,  ,  ,83,]
[4,  ,27,  ,  ,58,  ,76,90,]
[7,17,  ,31,  ,  ,67,77,  ,]

[ ,14,22,  ,41,51,  ,  ,81,]
[ ,  ,  ,37,42,56,63,  ,84,]
[2,  ,29,  ,49,  ,69,78,  ,]

[ ,12,21,  ,46,  ,65,  ,82,]
[ ,  ,23,36,47,50,  ,  ,85,]
[1,  ,28,38,  ,  ,66,71,  ,]

[ ,  ,20,30,  ,  ,62,71,83,]
[2,15,23,  ,  ,52,67,  ,  ,]
[ ,17,  ,  ,49,58,  ,74,89,]

[4,  ,22,  ,46,  ,60,70,  ,]
[ ,11,  ,33,  ,50,  ,75,80,]
[6,16,  ,38,  ,57,  ,  ,86,]

[1,  ,24,  ,43,51,  ,  ,90,]
[9,12,  ,32,  ,  ,63,77,  ,]
[ ,13,  ,34,47,  ,65,79,  ,]

[ ,14,  ,37,40,54,  ,  ,84,]
[5,  ,21,  ,  ,59,  ,73,88,]
[8,18,  ,39,  ,  ,64,76,  ,]

[ ,10,25,  ,41,53,  ,  ,81,]
[ ,  ,  ,36,42,55,66,  ,87,]
[3,  ,26,  ,48,  ,68,72,  ,]

[ ,19,27,  ,44,  ,61,  ,82,]
[ ,  ,28,31,45,56,  ,  ,85,]
[7,  ,29,35,  ,  ,69,78,  ,]

[1,10,  ,  ,  ,55,64,74,  ,]
[ ,11,24,  ,44,  ,65,  ,83,]
[ ,  ,26,39,  ,58,  ,75,88,]

[2,  ,29,  ,41,  ,61,72,  ,]
[ ,16,  ,32,  ,51,  ,76,84,]
[7,17,  ,37,  ,57,  ,  ,89,]

[5,  ,27,  ,40,56,  ,  ,90,]
[9,15,  ,35,  ,  ,63,70,  ,]
[ ,19,  ,38,47,  ,66,79,  ,]

[ ,12,  ,31,42,53,  ,  ,80,]
[3,  ,22,  ,  ,54,  ,71,82,]
[8,13,  ,34,  ,  ,68,73,  ,]

[ ,18,21,  ,46,50,  ,  ,85,]
[ ,  ,  ,30,48,52,67,  ,87,]
[6,  ,23,  ,49,  ,69,78,  ,]

[ ,14,20,  ,43,  ,60,  ,81,]
[ ,  ,25,33,45,59,  ,  ,86,]
[4,  ,28,36,  ,  ,62,77,  ,]

[ ,  ,24,36,  ,54,  ,70,80,]
[3,13,28,  ,  ,  ,67,  ,85,]
[ ,15,  ,  ,44,55,68,76,  ,]

[1,  ,23,  ,43,  ,65,74,  ,]
[ ,12,  ,32,  ,58,  ,75,87,]
[6,17,  ,33,  ,59,  ,  ,88,]

[5,  ,25,  ,40,56,  ,  ,89,]
[7,14,  ,30,  ,  ,61,73,  ,]
[ ,18,  ,34,48,  ,69,79,  ,]

[ ,10,  ,37,45,51,  ,  ,82,]
[2,  ,21,  ,  ,52,  ,72,90,]
[9,16,  ,39,  ,  ,62,77,  ,]

[ ,19,22,  ,41,50,  ,  ,83,]
[ ,  ,  ,38,47,53,60,  ,84,]
[4,  ,26,  ,49,  ,66,78,  ,]

[ ,11,20,  ,42,  ,63,  ,81,]
[ ,  ,27,31,46,57,  ,  ,86,]
[8,  ,29,35,  ,  ,64,71,  ,]

[ ,13,  ,  ,40,55,67,71,  ,]
[ ,14,23,31,  ,  ,69,  ,86,]
[5,  ,28,  ,  ,56,  ,72,90,]

[1,  ,24,  ,43,  ,65,70,  ,]
[ ,11,  ,38,  ,50,  ,74,80,]
[6,15,  ,39,  ,59,  ,  ,82,]

[2,  ,21,  ,46,52,  ,  ,85,]
[4,10,  ,30,  ,  ,62,73,  ,]
[ ,16,  ,35,47,  ,64,79,  ,]

[ ,12,  ,33,45,53,  ,  ,83,]
[3,  ,20,  ,  ,58,  ,75,87,]
[9,17,  ,36,  ,  ,68,76,  ,]

[ ,18,22,  ,41,51,  ,  ,88,]
[ ,  ,  ,32,44,57,61,  ,89,]
[8,  ,27,  ,49,  ,66,78,  ,]

[ ,19,25,  ,42,  ,60,  ,81,]
[ ,  ,26,34,48,54,  ,  ,84,]
[7,  ,29,37,  ,  ,63,77,  ,]

[7,  ,25,  ,  ,55,66,75,  ,]
[ ,16,27,  ,44,56,  ,  ,89,]
[ ,17,  ,33,  ,  ,68,76,90,]

[1,  ,22,  ,42,  ,67,73,  ,]
[ ,12,  ,35,  ,52,  ,77,80,]
[2,13,  ,38,  ,59,  ,  ,84,]

[4,  ,29,  ,40,50,  ,  ,82,]
[6,10,  ,34,  ,  ,62,70,  ,]
[ ,15,  ,36,49,  ,63,72,  ,]

[ ,14,  ,32,45,54,  ,  ,87,]
[3,  ,20,  ,  ,58,  ,71,88,]
[5,19,  ,37,  ,  ,69,78,  ,]

[ ,18,23,  ,43,53,  ,  ,81,]
[ ,  ,  ,31,46,57,64,  ,83,]
[9,  ,26,  ,47,  ,65,79,  ,]

[ ,11,21,  ,41,  ,60,  ,85,]
[ ,  ,24,30,48,51,  ,  ,86,]
[8,  ,28,39,  ,  ,61,74,  ,]

[ ,13,  ,37,  ,57,64,74,  ,]
[9,16,21,  ,  ,59,  ,  ,81,]
[ ,  ,28,  ,48,  ,68,77,88,]

[2,  ,29,  ,49,  ,69,70,  ,]
[ ,12,  ,31,  ,50,  ,73,86,]
[7,14,  ,32,  ,53,  ,  ,89,]

[1,  ,23,  ,41,54,  ,  ,82,]
[8,11,  ,34,  ,  ,60,71,  ,]
[ ,17,  ,38,42,  ,63,75,  ,]

[ ,10,  ,33,44,51,  ,  ,80,]
[3,  ,22,  ,  ,55,  ,72,84,]
[4,15,  ,36,  ,  ,61,76,  ,]

[ ,19,24,  ,43,56,  ,  ,85,]
[ ,  ,  ,39,46,58,62,  ,87,]
[5,  ,27,  ,47,  ,65,78,  ,]

[ ,18,20,  ,40,  ,66,  ,83,]
[ ,  ,25,30,45,52,  ,  ,90,]
[6,  ,26,35,  ,  ,67,79,  ,]

[3,10,  ,  ,  ,55,  ,73,81,]
[ ,16,24,33,  ,58,61,  ,  ,]
[ ,  ,25,  ,41,  ,67,76,87,]

[2,  ,29,  ,44,  ,63,74,  ,]
[ ,11,  ,34,  ,50,  ,77,85,]
[4,13,  ,37,  ,53,  ,  ,90,]

[6,  ,28,  ,47,52,  ,  ,88,]
[9,15,  ,36,  ,  ,66,70,  ,]
[ ,17,  ,38,48,  ,69,72,  ,]

[ ,12,  ,31,42,57,  ,  ,83,]
[5,  ,21,  ,  ,59,  ,71,86,]
[8,18,  ,39,  ,  ,62,78,  ,]

[ ,19,26,  ,43,54,  ,  ,82,]
[ ,  ,  ,32,46,56,60,  ,89,]
[1,  ,27,  ,49,  ,64,79,  ,]

[ ,14,20,  ,40,  ,65,  ,80,]
[ ,  ,22,30,45,51,  ,  ,84,]
[7,  ,23,35,  ,  ,68,75,  ,]

[8,11,  ,  ,  ,  ,60,73,83,]
[ ,12,23,  ,49,50,  ,  ,85,]
[ ,  ,28,33,  ,56,61,79,  ,]

[5,  ,21,  ,45,  ,63,70,  ,]
[ ,16,  ,31,  ,55,  ,74,84,]
[6,18,  ,39,  ,58,  ,  ,88,]

[1,  ,27,  ,41,52,  ,  ,81,]
[2,10,  ,35,  ,  ,62,75,  ,]
[ ,17,  ,38,44,  ,65,76,  ,]

[ ,15,  ,32,43,51,  ,  ,87,]
[3,  ,25,  ,  ,59,  ,72,90,]
[9,19,  ,37,  ,  ,67,78,  ,]

[ ,13,20,  ,40,53,  ,  ,80,]
[ ,  ,  ,34,42,54,68,  ,86,]
[7,  ,29,  ,46,  ,69,71,  ,]

[ ,14,22,  ,47,  ,64,  ,82,]
[ ,  ,24,30,48,57,  ,  ,89,]
[4,  ,26,36,  ,  ,66,77,  ,]

[ ,10,  ,  ,43,50,64,73,  ,]
[ ,15,24,31,  ,  ,66,  ,85,]
[9,  ,27,  ,  ,56,  ,74,87,]

[1,  ,23,  ,40,  ,61,75,  ,]
[ ,12,  ,38,  ,51,  ,79,83,]
[3,19,  ,39,  ,54,  ,  ,84,]

[2,  ,26,  ,44,53,  ,  ,90,]
[4,11,  ,30,  ,  ,68,70,  ,]
[ ,13,  ,32,49,  ,69,72,  ,]

[ ,14,  ,35,42,57,  ,  ,88,]
[5,  ,28,  ,  ,58,  ,76,89,]
[7,18,  ,36,  ,  ,60,77,  ,]

[ ,17,25,  ,45,52,  ,  ,82,]
[ ,  ,  ,33,47,55,63,  ,86,]
[8,  ,29,  ,48,  ,65,78,  ,]

[ ,16,20,  ,41,  ,62,  ,80,]
[ ,  ,21,34,46,59,  ,  ,81,]
[6,  ,22,37,  ,  ,67,71,  ,]

[2,  ,26,  ,  ,51,  ,70,84,]
[ ,17,28,30,  ,54,65,  ,  ,]
[ ,18,  ,  ,45,  ,67,71,85,]

[1,  ,25,  ,47,  ,63,72,  ,]
[ ,11,  ,34,  ,50,  ,78,81,]
[9,19,  ,39,  ,52,  ,  ,86,]

[4,  ,24,  ,40,57,  ,  ,82,]
[7,12,  ,32,  ,  ,62,75,  ,]
[ ,14,  ,37,43,  ,68,76,  ,]

[ ,15,  ,35,44,56,  ,  ,87,]
[3,  ,29,  ,  ,58,  ,73,88,]
[6,16,  ,36,  ,  ,66,79,  ,]

[ ,10,20,  ,41,53,  ,  ,80,]
[ ,  ,  ,31,46,59,61,  ,90,]
[8,  ,22,  ,49,  ,69,77,  ,]

[ ,13,21,  ,42,  ,60,  ,83,]
[ ,  ,23,33,48,55,  ,  ,89,]
[5,  ,27,38,  ,  ,64,74,  ,]

[9,10,  ,  ,  ,54,65,76,  ,]
[ ,13,24,37,  ,59,  ,  ,82,]
[ ,  ,28,  ,49,  ,68,79,86,]

[5,  ,26,  ,48,  ,66,72,  ,]
[ ,12,  ,31,  ,56,  ,74,85,]
[7,14,  ,39,  ,57,  ,  ,89,]

[3,  ,22,  ,46,58,  ,  ,87,]
[8,11,  ,35,  ,  ,60,75,  ,]
[ ,16,  ,38,47,  ,69,77,  ,]

[ ,15,  ,33,44,50,  ,  ,88,]
[2,  ,27,  ,  ,51,  ,70,90,]
[4,18,  ,36,  ,  ,67,78,  ,]

[ ,19,21,  ,41,53,  ,  ,83,]
[ ,  ,  ,32,42,55,63,  ,84,]
[1,  ,29,  ,43,  ,64,73,  ,]

[ ,17,20,  ,40,  ,61,  ,80,]
[ ,  ,23,30,45,52,  ,  ,81,]
[6,  ,25,34,  ,  ,62,71,  ,]

[ ,11,  ,  ,42,53,  ,70,86,]
[ ,14,23,39,  ,58,60,  ,  ,]
[3,  ,28,  ,  ,  ,67,75,87,]

[4,  ,26,  ,49,  ,68,74,  ,]
[ ,17,  ,31,  ,50,  ,79,82,]
[8,18,  ,36,  ,51,  ,  ,85,]

[6,  ,21,  ,41,52,  ,  ,90,]
[7,12,  ,34,  ,  ,61,72,  ,]
[ ,16,  ,37,45,  ,63,73,  ,]

[ ,15,  ,30,46,54,  ,  ,80,]
[5,  ,24,  ,  ,56,  ,71,84,]
[9,19,  ,38,  ,  ,69,78,  ,]

[ ,13,22,  ,40,57,  ,  ,83,]
[ ,  ,  ,33,44,59,62,  ,89,]
[1,  ,27,  ,47,  ,65,76,  ,]

[ ,10,20,  ,43,  ,64,  ,81,]
[ ,  ,25,32,48,55,  ,  ,88,]
[2,  ,29,35,  ,  ,66,77,  ,]

[ ,14,  ,35,  ,  ,66,73,85,]
[ ,16,23,  ,45,56,  ,  ,86,]
[8,  ,28,  ,  ,59,67,78,  ,]

[2,  ,24,  ,44,  ,60,71,  ,]
[ ,12,  ,36,  ,50,  ,74,89,]
[4,13,  ,37,  ,51,  ,  ,90,]

[1,  ,26,  ,42,53,  ,  ,84,]
[5,18,  ,33,  ,  ,63,70,  ,]
[ ,19,  ,34,48,  ,68,72,  ,]

[ ,11,  ,32,49,54,  ,  ,80,]
[6,  ,27,  ,  ,58,  ,76,87,]
[7,15,  ,39,  ,  ,62,79,  ,]

[ ,17,22,  ,40,52,  ,  ,82,]
[ ,  ,  ,31,41,57,61,  ,83,]
[9,  ,25,  ,46,  ,69,75,  ,]

[ ,10,20,  ,43,  ,64,  ,81,]
[ ,  ,21,30,47,55,  ,  ,88,]
[3,  ,29,38,  ,  ,65,77,  ,]

[ ,  ,22,37,  ,53,  ,72,86,]
[6,17,25,  ,  ,54,60,  ,  ,]
[ ,19,  ,  ,47,  ,63,79,87,]

[1,  ,24,  ,42,  ,67,73,  ,]
[ ,13,  ,32,  ,51,  ,78,81,]
[5,18,  ,33,  ,55,  ,  ,90,]

[2,  ,27,  ,40,57,  ,  ,88,]
[4,11,  ,34,  ,  ,61,74,  ,]
[ ,15,  ,35,44,  ,69,76,  ,]

[ ,10,  ,31,45,56,  ,  ,84,]
[7,  ,21,  ,  ,59,  ,70,89,]
[8,12,  ,36,  ,  ,68,77,  ,]

[ ,14,23,  ,41,52,  ,  ,80,]
[ ,  ,  ,39,43,58,62,  ,83,]
[9,  ,28,  ,49,  ,65,75,  ,]

[ ,16,20,  ,46,  ,64,  ,82,]
[ ,  ,26,30,48,50,  ,  ,85,]
[3,  ,29,38,  ,  ,66,71,  ,]

[3,10,  ,  ,  ,56,  ,70,82,]
[ ,13,24,  ,40,  ,63,  ,88,]
[ ,  ,29,33,  ,57,64,74,  ,]

[1,  ,23,  ,44,  ,69,77,  ,]
[ ,16,  ,30,  ,54,  ,79,81,]
[4,18,  ,32,  ,58,  ,  ,86,]

[5,  ,22,  ,45,59,  ,  ,83,]
[8,11,  ,35,  ,  ,62,71,  ,]
[ ,15,  ,37,48,  ,67,73,  ,]

[ ,12,  ,34,41,51,  ,  ,85,]
[7,  ,27,  ,  ,53,  ,72,90,]
[9,17,  ,38,  ,  ,60,76,  ,]

[ ,14,21,  ,42,50,  ,  ,84,]
[ ,  ,  ,36,43,52,65,  ,87,]
[6,  ,28,  ,47,  ,68,78,  ,]

[ ,19,20,  ,46,  ,61,  ,80,]
[ ,  ,25,31,49,55,  ,  ,89,]
[2,  ,26,39,  ,  ,66,75,  ,]

[ ,12,  ,  ,40,  ,67,72,82,]
[2,16,20,  ,  ,52,68,  ,  ,]
[ ,  ,23,38,  ,55,  ,75,83,]

[3,  ,26,  ,45,  ,64,71,  ,]
[ ,11,  ,33,  ,50,  ,74,89,]
[7,18,  ,39,  ,54,  ,  ,90,]

[1,  ,25,  ,43,58,  ,  ,84,]
[8,15,  ,36,  ,  ,63,70,  ,]
[ ,19,  ,37,48,  ,69,76,  ,]

[ ,14,  ,30,46,51,  ,  ,80,]
[6,  ,28,  ,  ,57,  ,73,81,]
[9,17,  ,34,  ,  ,61,78,  ,]

[ ,10,24,  ,41,53,  ,  ,86,]
[ ,  ,  ,35,42,59,62,  ,87,]
[4,  ,27,  ,44,  ,66,79,  ,]

[ ,13,21,  ,47,  ,60,  ,85,]
[ ,  ,22,31,49,56,  ,  ,88,]
[5,  ,29,32,  ,  ,65,77,  ,]

[ ,10,  ,30,  ,54,  ,72,80,]
[ ,18,23,  ,47,55,60,  ,  ,]
[4,  ,24,  ,  ,  ,69,74,89,]

[7,  ,22,  ,44,  ,62,73,  ,]
[ ,11,  ,31,  ,50,  ,79,83,]
[8,15,  ,33,  ,57,  ,  ,88,]

[2,  ,21,  ,41,52,  ,  ,85,]
[6,14,  ,35,  ,  ,61,70,  ,]
[ ,16,  ,36,46,  ,63,71,  ,]

[ ,17,  ,32,43,51,  ,  ,84,]
[1,  ,29,  ,  ,53,  ,76,90,]
[5,19,  ,38,  ,  ,68,77,  ,]

[ ,12,26,  ,40,56,  ,  ,81,]
[ ,  ,  ,37,42,59,66,  ,82,]
[9,  ,27,  ,48,  ,67,78,  ,]

[ ,13,20,  ,45,  ,64,  ,86,]
[ ,  ,25,34,49,58,  ,  ,87,]
[3,  ,28,39,  ,  ,65,75,  ,]

[9,13,  ,  ,  ,53,67,72,  ,]
[ ,17,24,33,  ,59,  ,  ,82,]
[ ,  ,28,  ,45,  ,69,75,84,]

[3,  ,22,  ,48,  ,60,76,  ,]
[ ,12,  ,32,  ,51,  ,77,86,]
[6,19,  ,35,  ,52,  ,  ,89,]

[1,  ,26,  ,40,55,  ,  ,80,]
[8,10,  ,36,  ,  ,62,70,  ,]
[ ,15,  ,38,46,  ,66,78,  ,]

[ ,14,  ,30,44,56,  ,  ,83,]
[4,  ,21,  ,  ,57,  ,73,85,]
[7,16,  ,39,  ,  ,65,79,  ,]

[ ,11,27,  ,41,50,  ,  ,81,]
[ ,  ,  ,34,42,58,63,  ,90,]
[2,  ,29,  ,47,  ,68,71,  ,]

[ ,18,20,  ,43,  ,61,  ,87,]
[ ,  ,23,31,49,54,  ,  ,88,]
[5,  ,25,37,  ,  ,64,74,  ,]

[1,  ,20,  ,  ,56,  ,74,80,]
[ ,14,25,  ,48,  ,67,  ,89,]
[ ,17,  ,34,  ,59,69,75,  ,]

[3,  ,21,  ,46,  ,60,72,  ,]
[ ,13,  ,30,  ,55,  ,78,88,]
[7,18,  ,38,  ,58,  ,  ,90,]

[2,  ,28,  ,42,52,  ,  ,82,]
[8,10,  ,32,  ,  ,62,70,  ,]
[ ,19,  ,39,47,  ,63,79,  ,]

[ ,11,  ,33,49,53,  ,  ,86,]
[5,  ,29,  ,  ,57,  ,73,87,]
[6,15,  ,36,  ,  ,68,77,  ,]

[ ,12,24,  ,41,50,  ,  ,84,]
[ ,  ,  ,35,44,51,64,  ,85,]
[9,  ,27,  ,45,  ,66,71,  ,]

[ ,16,22,  ,40,  ,61,  ,81,]
[ ,  ,23,31,43,54,  ,  ,83,]
[4,  ,26,37,  ,  ,65,76,  ,]

[4,11,  ,  ,  ,54,  ,71,83,]
[ ,18,21,33,  ,  ,63,  ,89,]
[ ,  ,28,  ,42,58,65,76,  ,]

[2,  ,26,  ,43,  ,66,77,  ,]
[ ,13,  ,31,  ,50,  ,79,81,]
[5,19,  ,32,  ,52,  ,  ,88,]

[1,  ,20,  ,47,56,  ,  ,86,]
[8,16,  ,38,  ,  ,67,73,  ,]
[ ,17,  ,39,48,  ,68,78,  ,]

[ ,12,  ,35,44,53,  ,  ,80,]
[3,  ,23,  ,  ,57,  ,70,84,]
[9,15,  ,37,  ,  ,64,75,  ,]

[ ,10,22,  ,41,55,  ,  ,82,]
[ ,  ,  ,34,45,59,60,  ,90,]
[7,  ,27,  ,46,  ,69,74,  ,]

[ ,14,24,  ,40,  ,61,  ,85,]
[ ,  ,25,30,49,51,  ,  ,87,]
[6,  ,29,36,  ,  ,62,72,  ,]

[1,10,  ,  ,  ,50,60,74,  ,]
[ ,15,22,35,  ,  ,67,  ,83,]
[ ,  ,25,  ,49,53,  ,75,86,]

[2,  ,21,  ,45,  ,64,72,  ,]
[ ,12,  ,33,  ,51,  ,76,82,]
[7,14,  ,37,  ,54,  ,  ,87,]

[5,  ,26,  ,40,58,  ,  ,89,]
[6,11,  ,31,  ,  ,62,73,  ,]
[ ,18,  ,39,42,  ,69,79,  ,]

[ ,16,  ,32,44,52,  ,  ,84,]
[3,  ,20,  ,  ,57,  ,70,85,]
[9,19,  ,38,  ,  ,63,77,  ,]

[ ,13,27,  ,43,55,  ,  ,81,]
[ ,  ,  ,30,47,56,66,  ,90,]
[4,  ,29,  ,48,  ,68,78,  ,]

[ ,17,23,  ,41,  ,61,  ,80,]
[ ,  ,24,34,46,59,  ,  ,88,]
[8,  ,28,36,  ,  ,65,71,  ,]

[5,  ,20,  ,  ,57,60,74,  ,]
[ ,10,28,  ,49,  ,62,  ,83,]
[ ,12,  ,38,  ,59,  ,75,89,]

[6,  ,21,  ,47,  ,63,77,  ,]
[ ,16,  ,36,  ,50,  ,79,80,]
[8,19,  ,39,  ,55,  ,  ,84,]

[1,  ,24,  ,45,56,  ,  ,85,]
[7,14,  ,31,  ,  ,65,70,  ,]
[ ,17,  ,33,48,  ,68,72,  ,]

[ ,13,  ,30,44,51,  ,  ,86,]
[3,  ,25,  ,  ,52,  ,71,90,]
[9,15,  ,35,  ,  ,69,73,  ,]

[ ,18,26,  ,41,53,  ,  ,81,]
[ ,  ,  ,34,43,54,61,  ,82,]
[4,  ,29,  ,46,  ,67,76,  ,]

[ ,11,22,  ,40,  ,64,  ,87,]
[ ,  ,23,32,42,58,  ,  ,88,]
[2,  ,27,37,  ,  ,66,78,  ,]

[ ,  ,23,38,  ,  ,63,70,83,]
[ ,11,24,  ,46,55,66,  ,  ,]
[1,13,  ,  ,  ,59,  ,73,84,]

[5,  ,26,  ,45,  ,62,74,  ,]
[ ,14,  ,35,  ,54,  ,77,86,]
[6,19,  ,39,  ,56,  ,  ,89,]

[2,  ,22,  ,41,53,  ,  ,90,]
[9,15,  ,32,  ,  ,60,71,  ,]
[ ,16,  ,37,49,  ,67,79,  ,]

[ ,17,  ,31,43,51,  ,  ,81,]
[3,  ,29,  ,  ,57,  ,72,82,]
[4,18,  ,34,  ,  ,69,78,  ,]

[ ,10,21,  ,40,52,  ,  ,85,]
[ ,  ,  ,33,42,58,61,  ,88,]
[7,  ,27,  ,47,  ,64,75,  ,]

[ ,12,20,  ,44,  ,65,  ,80,]
[ ,  ,25,30,48,50,  ,  ,87,]
[8,  ,28,36,  ,  ,68,76,  ,]

[2,  ,21,  ,  ,52,  ,73,81,]
[ ,10,29,  ,45,  ,65,  ,85,]
[ ,17,  ,37,  ,57,69,77,  ,]

[3,  ,27,  ,40,  ,67,74,  ,]
[ ,14,  ,30,  ,53,  ,76,84,]
[7,16,  ,31,  ,55,  ,  ,90,]

[1,  ,22,  ,47,51,  ,  ,86,]
[6,18,  ,32,  ,  ,62,70,  ,]
[ ,19,  ,33,48,  ,64,79,  ,]

[ ,13,  ,35,42,56,  ,  ,82,]
[8,  ,24,  ,  ,59,  ,72,88,]
[9,15,  ,39,  ,  ,60,78,  ,]

[ ,11,25,  ,41,50,  ,  ,83,]
[ ,  ,  ,36,43,54,61,  ,87,]
[4,  ,28,  ,44,  ,66,71,  ,]

[ ,12,20,  ,46,  ,63,  ,80,]
[ ,  ,23,34,49,58,  ,  ,89,]
[5,  ,26,38,  ,  ,68,75,  ,]

[9,  ,26,  ,  ,50,  ,76,85,]
[ ,10,29,38,  ,51,60,  ,  ,]
[ ,17,  ,  ,45,  ,67,78,89,]

[3,  ,27,  ,44,  ,62,75,  ,]
[ ,11,  ,35,  ,52,  ,79,83,]
[6,13,  ,37,  ,53,  ,  ,86,]

[4,  ,23,  ,43,59,  ,  ,82,]
[7,12,  ,33,  ,  ,66,71,  ,]
[ ,14,  ,36,46,  ,69,73,  ,]

[ ,16,  ,30,47,54,  ,  ,81,]
[5,  ,20,  ,  ,58,  ,72,84,]
[8,19,  ,31,  ,  ,68,74,  ,]

[ ,15,21,  ,42,55,  ,  ,80,]
[ ,  ,  ,39,48,57,61,  ,88,]
[2,  ,22,  ,49,  ,65,77,  ,]

[ ,18,24,  ,40,  ,63,  ,87,]
[ ,  ,25,32,41,56,  ,  ,90,]
[1,  ,28,34,  ,  ,64,70,  ,]

[ ,  ,22,  ,49,  ,61,73,84,]
[ ,13,24,31,  ,51,  ,  ,86,]
[4,19,  ,  ,  ,52,67,75,  ,]

[8,  ,28,  ,47,  ,63,76,  ,]
[ ,11,  ,30,  ,54,  ,78,82,]
[9,15,  ,39,  ,59,  ,  ,87,]

[2,  ,27,  ,42,55,  ,  ,89,]
[7,10,  ,33,  ,  ,62,72,  ,]
[ ,14,  ,36,46,  ,64,77,  ,]

[ ,17,  ,34,44,50,  ,  ,81,]
[3,  ,21,  ,  ,58,  ,70,85,]
[6,18,  ,38,  ,  ,60,79,  ,]

[ ,12,20,  ,41,53,  ,  ,88,]
[ ,  ,  ,35,43,56,65,  ,90,]
[5,  ,23,  ,45,  ,68,71,  ,]

[ ,16,25,  ,40,  ,66,  ,80,]
[ ,  ,26,32,48,57,  ,  ,83,]
[1,  ,29,37,  ,  ,69,74,  ,]

[ ,10,  ,30,  ,51,61,70,  ,]
[2,18,22,  ,  ,  ,63,  ,81,]
[ ,  ,24,  ,42,53,  ,73,86,]

[4,  ,29,  ,46,  ,67,72,  ,]
[ ,15,  ,32,  ,55,  ,74,87,]
[8,17,  ,39,  ,57,  ,  ,89,]

[1,  ,21,  ,41,52,  ,  ,82,]
[6,13,  ,36,  ,  ,60,71,  ,]
[ ,14,  ,38,48,  ,65,79,  ,]

[ ,16,  ,33,43,50,  ,  ,80,]
[5,  ,20,  ,  ,59,  ,77,88,]
[7,19,  ,35,  ,  ,62,78,  ,]

[ ,12,23,  ,40,54,  ,  ,83,]
[ ,  ,  ,37,44,58,64,  ,85,]
[3,  ,27,  ,49,  ,69,75,  ,]

[ ,11,25,  ,45,  ,66,  ,84,]
[ ,  ,26,31,47,56,  ,  ,90,]
[9,  ,28,34,  ,  ,68,76,  ,]

[8,  ,22,  ,  ,52,62,75,  ,]
[ ,14,29,  ,47,56,  ,  ,80,]
[ ,18,  ,38,  ,  ,68,77,82,]

[1,  ,23,  ,44,  ,69,70,  ,]
[ ,15,  ,36,  ,55,  ,72,81,]
[7,17,  ,37,  ,59,  ,  ,88,]

[4,  ,24,  ,43,54,  ,  ,84,]
[6,11,  ,30,  ,  ,63,71,  ,]
[ ,13,  ,35,46,  ,67,73,  ,]

[ ,16,  ,32,42,53,  ,  ,86,]
[3,  ,28,  ,  ,58,  ,74,90,]
[9,19,  ,39,  ,  ,65,79,  ,]

[ ,10,20,  ,40,50,  ,  ,83,]
[ ,  ,  ,34,48,57,60,  ,85,]
[2,  ,27,  ,49,  ,64,78,  ,]

[ ,12,21,  ,41,  ,61,  ,87,]
[ ,  ,25,31,45,51,  ,  ,89,]
[5,  ,26,33,  ,  ,66,76,  ,]

[ ,11,  ,32,  ,53,62,74,  ,]
[ ,13,22,  ,49,59,  ,  ,83,]
[1,  ,24,  ,  ,  ,64,77,84,]

[3,  ,28,  ,43,  ,63,72,  ,]
[ ,17,  ,30,  ,56,  ,75,80,]
[6,19,  ,37,  ,58,  ,  ,85,]

[2,  ,23,  ,41,54,  ,  ,88,]
[5,10,  ,33,  ,  ,66,78,  ,]
[ ,18,  ,36,44,  ,67,79,  ,]

[ ,14,  ,31,47,51,  ,  ,86,]
[4,  ,26,  ,  ,52,  ,71,90,]
[9,15,  ,38,  ,  ,65,76,  ,]

[ ,12,25,  ,40,55,  ,  ,81,]
[ ,  ,  ,34,45,57,61,  ,89,]
[7,  ,27,  ,48,  ,69,70,  ,]

[ ,16,20,  ,42,  ,60,  ,82,]
[ ,  ,21,35,46,50,  ,  ,87,]
[8,  ,29,39,  ,  ,68,73,  ,]

[6,16,  ,  ,  ,  ,60,71,81,]
[ ,18,21,  ,44,56,62,  ,  ,]
[ ,  ,26,33,  ,57,  ,79,82,]

[7,  ,23,  ,49,  ,68,70,  ,]
[ ,11,  ,37,  ,50,  ,77,85,]
[8,15,  ,39,  ,52,  ,  ,87,]

[3,  ,29,  ,40,55,  ,  ,84,]
[5,17,  ,32,  ,  ,66,75,  ,]
[ ,19,  ,34,47,  ,69,78,  ,]

[ ,10,  ,30,42,53,  ,  ,89,]
[1,  ,24,  ,  ,54,  ,73,90,]
[2,13,  ,38,  ,  ,61,76,  ,]

[ ,12,25,  ,43,51,  ,  ,80,]
[ ,  ,  ,36,45,59,63,  ,86,]
[9,  ,27,  ,48,  ,65,72,  ,]

[ ,14,20,  ,41,  ,64,  ,83,]
[ ,  ,22,31,46,58,  ,  ,88,]
[4,  ,28,35,  ,  ,67,74,  ,]

[ ,15,  ,34,  ,52,60,74,  ,]
[ ,17,20,  ,47,57,  ,  ,80,]
[7,  ,24,  ,  ,  ,64,77,90,]

[1,  ,21,  ,44,  ,63,72,  ,]
[ ,13,  ,33,  ,50,  ,76,83,]
[3,14,  ,35,  ,54,  ,  ,86,]

[4,  ,29,  ,40,58,  ,  ,84,]
[8,10,  ,30,  ,  ,61,70,  ,]
[ ,19,  ,37,48,  ,69,79,  ,]

[ ,16,  ,36,49,55,  ,  ,81,]
[2,  ,27,  ,  ,59,  ,73,89,]
[6,18,  ,38,  ,  ,68,78,  ,]

[ ,11,23,  ,41,51,  ,  ,85,]
[ ,  ,  ,31,43,53,62,  ,87,]
[9,  ,26,  ,46,  ,66,75,  ,]

[ ,12,22,  ,42,  ,65,  ,82,]
[ ,  ,25,32,45,56,  ,  ,88,]
[5,  ,28,39,  ,  ,67,71,  ,]

[ ,  ,22,31,  ,50,  ,74,83,]
[5,11,26,  ,  ,58,61,  ,  ,]
[ ,14,  ,  ,43,  ,64,79,85,]

[7,  ,23,  ,45,  ,69,73,  ,]
[ ,13,  ,38,  ,53,  ,77,81,]
[9,15,  ,39,  ,55,  ,  ,82,]

[1,  ,20,  ,40,59,  ,  ,80,]
[2,17,  ,34,  ,  ,63,70,  ,]
[ ,19,  ,36,49,  ,67,71,  ,]

[ ,10,  ,30,46,52,  ,  ,84,]
[3,  ,24,  ,  ,54,  ,72,87,]
[8,12,  ,32,  ,  ,65,78,  ,]

[ ,18,25,  ,41,56,  ,  ,86,]
[ ,  ,  ,37,42,57,62,  ,88,]
[6,  ,27,  ,44,  ,66,76,  ,]

[ ,16,21,  ,47,  ,60,  ,89,]
[ ,  ,28,33,48,51,  ,  ,90,]
[4,  ,29,35,  ,  ,68,75,  ,]

[3,  ,23,  ,  ,54,66,76,  ,]
[ ,11,26,38,  ,58,  ,  ,86,]
[ ,17,  ,  ,48,  ,68,79,88,]

[1,  ,24,  ,47,  ,64,72,  ,]
[ ,18,  ,33,  ,50,  ,74,84,]
[8,19,  ,36,  ,52,  ,  ,87,]

[2,  ,22,  ,40,51,  ,  ,89,]
[5,10,  ,32,  ,  ,61,70,  ,]
[ ,14,  ,34,46,  ,67,75,  ,]

[ ,12,  ,31,41,55,  ,  ,82,]
[4,  ,27,  ,  ,59,  ,73,85,]
[9,13,  ,35,  ,  ,65,77,  ,]

[ ,16,21,  ,42,53,  ,  ,80,]
[ ,  ,  ,39,44,57,62,  ,83,]
[7,  ,28,  ,49,  ,63,78,  ,]

[ ,15,20,  ,43,  ,60,  ,81,]
[ ,  ,25,30,45,56,  ,  ,90,]
[6,  ,29,37,  ,  ,69,71,  ,]

[6,  ,20,  ,  ,  ,60,74,87,]
[ ,11,25,30,  ,55,  ,  ,89,]
[ ,15,  ,  ,40,58,66,76,  ,]

[4,  ,22,  ,42,  ,61,71,  ,]
[ ,18,  ,31,  ,53,  ,77,80,]
[9,19,  ,36,  ,57,  ,  ,85,]

[1,  ,24,  ,41,59,  ,  ,90,]
[8,12,  ,32,  ,  ,64,72,  ,]
[ ,14,  ,38,47,  ,68,79,  ,]

[ ,10,  ,37,46,52,  ,  ,82,]
[3,  ,21,  ,  ,56,  ,75,88,]
[7,13,  ,39,  ,  ,67,78,  ,]

[ ,16,26,  ,43,50,  ,  ,81,]
[ ,  ,  ,33,45,51,62,  ,86,]
[5,  ,27,  ,48,  ,69,73,  ,]

[ ,17,23,  ,44,  ,63,  ,83,]
[ ,  ,28,34,49,54,  ,  ,84,]
[2,  ,29,35,  ,  ,65,70,  ,]

[4,  ,26,  ,  ,53,  ,75,80,]
[ ,14,28,32,  ,  ,65,  ,83,]
[ ,17,  ,  ,48,56,68,76,  ,]

[2,  ,27,  ,47,  ,66,73,  ,]
[ ,11,  ,35,  ,51,  ,79,85,]
[3,12,  ,36,  ,59,  ,  ,88,]

[6,  ,21,  ,44,55,  ,  ,87,]
[8,10,  ,33,  ,  ,62,74,  ,]
[ ,18,  ,38,45,  ,63,77,  ,]

[ ,13,  ,31,49,54,  ,  ,84,]
[1,  ,22,  ,  ,58,  ,70,89,]
[5,16,  ,39,  ,  ,60,78,  ,]

[ ,19,23,  ,40,52,  ,  ,82,]
[ ,  ,  ,37,41,57,64,  ,90,]
[9,  ,25,  ,42,  ,67,72,  ,]

[ ,15,20,  ,43,  ,61,  ,81,]
[ ,  ,24,30,46,50,  ,  ,86,]
[7,  ,29,34,  ,  ,69,71,  ,]

[9,15,  ,  ,  ,  ,63,72,81,]
[ ,18,24,39,  ,51,67,  ,  ,]
[ ,  ,29,  ,48,57,  ,75,86,]

[3,  ,23,  ,44,  ,69,76,  ,]
[ ,11,  ,31,  ,50,  ,78,85,]
[8,13,  ,38,  ,52,  ,  ,90,]

[6,  ,20,  ,40,56,  ,  ,87,]
[7,10,  ,35,  ,  ,62,73,  ,]
[ ,12,  ,36,43,  ,64,77,  ,]

[ ,14,  ,30,42,54,  ,  ,80,]
[2,  ,21,  ,  ,58,  ,74,83,]
[5,19,  ,32,  ,  ,60,79,  ,]

[ ,17,26,  ,41,53,  ,  ,82,]
[ ,  ,  ,34,45,55,66,  ,88,]
[1,  ,27,  ,47,  ,68,70,  ,]

[ ,16,22,  ,46,  ,61,  ,84,]
[ ,  ,25,33,49,59,  ,  ,89,]
[4,  ,28,37,  ,  ,65,71,  ,]

[7,15,  ,  ,  ,55,61,74,  ,]
[ ,18,20,  ,49,57,  ,  ,87,]
[ ,  ,27,38,  ,  ,67,77,89,]

[2,  ,29,  ,40,  ,62,72,  ,]
[ ,13,  ,30,  ,50,  ,76,81,]
[9,17,  ,35,  ,59,  ,  ,86,]

[5,  ,25,  ,45,54,  ,  ,84,]
[6,14,  ,31,  ,  ,60,73,  ,]
[ ,16,  ,33,47,  ,63,75,  ,]

[ ,12,  ,32,41,52,  ,  ,83,]
[1,  ,24,  ,  ,53,  ,70,85,]
[3,19,  ,37,  ,  ,66,78,  ,]

[ ,11,22,  ,42,51,  ,  ,82,]
[ ,  ,  ,39,43,58,65,  ,90,]
[4,  ,28,  ,48,  ,69,79,  ,]

[ ,10,21,  ,44,  ,64,  ,80,]
[ ,  ,23,34,46,56,  ,  ,88,]
[8,  ,26,36,  ,  ,68,71,  ,]

[ ,  ,27,  ,49,53,63,73,  ,]
[ ,15,29,37,  ,  ,66,  ,81,]
[1,16,  ,  ,  ,58,  ,77,86,]

[4,  ,21,  ,44,  ,67,76,  ,]
[ ,10,  ,31,  ,55,  ,78,83,]
[5,17,  ,38,  ,59,  ,  ,84,]

[3,  ,26,  ,42,57,  ,  ,90,]
[9,12,  ,35,  ,  ,60,71,  ,]
[ ,19,  ,39,43,  ,62,75,  ,]

[ ,11,  ,30,46,52,  ,  ,80,]
[6,  ,25,  ,  ,56,  ,70,88,]
[8,13,  ,33,  ,  ,65,74,  ,]

[ ,18,20,  ,40,50,  ,  ,85,]
[ ,  ,  ,34,45,51,61,  ,89,]
[2,  ,28,  ,47,  ,68,72,  ,]

[ ,14,22,  ,41,  ,64,  ,82,]
[ ,  ,23,32,48,54,  ,  ,87,]
[7,  ,24,36,  ,  ,69,79,  ,]

[3,12,  ,  ,  ,50,62,73,  ,]
[ ,16,20,  ,42,57,  ,  ,80,]
[ ,  ,28,34,  ,  ,68,74,87,]

[7,  ,24,  ,49,  ,64,70,  ,]
[ ,14,  ,35,  ,51,  ,78,81,]
[9,19,  ,38,  ,59,  ,  ,86,]

[1,  ,25,  ,44,58,  ,  ,84,]
[4,11,  ,31,  ,  ,66,71,  ,]
[ ,15,  ,32,45,  ,69,75,  ,]

[ ,10,  ,36,48,52,  ,  ,88,]
[6,  ,26,  ,  ,55,  ,77,89,]
[8,18,  ,39,  ,  ,65,79,  ,]

[ ,17,23,  ,43,53,  ,  ,82,]
[ ,  ,  ,37,46,54,61,  ,85,]
[5,  ,27,  ,47,  ,63,76,  ,]

[ ,13,21,  ,40,  ,60,  ,83,]
[ ,  ,22,30,41,56,  ,  ,90,]
[2,  ,29,33,  ,  ,67,72,  ,]

[ ,15,  ,  ,46,53,68,71,  ,]
[ ,17,23,38,  ,55,  ,  ,84,]
[8,  ,27,  ,  ,  ,69,75,90,]

[2,  ,24,  ,49,  ,67,76,  ,]
[ ,18,  ,31,  ,51,  ,77,81,]
[9,19,  ,37,  ,56,  ,  ,87,]

[5,  ,25,  ,40,57,  ,  ,89,]
[7,11,  ,30,  ,  ,61,72,  ,]
[ ,14,  ,33,42,  ,63,74,  ,]

[ ,12,  ,32,43,50,  ,  ,82,]
[3,  ,26,  ,  ,58,  ,73,88,]
[6,16,  ,39,  ,  ,66,78,  ,]

[ ,10,21,  ,41,52,  ,  ,83,]
[ ,  ,  ,34,44,59,60,  ,86,]
[1,  ,28,  ,48,  ,65,79,  ,]

[ ,13,20,  ,45,  ,62,  ,80,]
[ ,  ,22,35,47,54,  ,  ,85,]
[4,  ,29,36,  ,  ,64,70,  ,]

[ ,15,  ,31,  ,51,  ,74,82,]
[ ,17,24,  ,49,57,61,  ,  ,]
[6,  ,26,  ,  ,  ,64,78,85,]

[4,  ,23,  ,47,  ,60,71,  ,]
[ ,14,  ,34,  ,52,  ,73,80,]
[9,18,  ,35,  ,56,  ,  ,86,]

[1,  ,29,  ,41,58,  ,  ,83,]
[8,13,  ,33,  ,  ,66,75,  ,]
[ ,16,  ,38,42,  ,68,79,  ,]

[ ,10,  ,36,40,53,  ,  ,84,]
[3,  ,28,  ,  ,55,  ,70,88,]
[7,12,  ,39,  ,  ,62,77,  ,]

[ ,11,20,  ,43,50,  ,  ,81,]
[ ,  ,  ,30,45,59,63,  ,87,]
[2,  ,22,  ,48,  ,67,76,  ,]

[ ,19,21,  ,44,  ,65,  ,89,]
[ ,  ,25,32,46,54,  ,  ,90,]
[5,  ,27,37,  ,  ,69,72,  ,]

[ ,  ,25,35,  ,51,  ,73,82,]
[9,14,28,  ,  ,55,62,  ,  ,]
[ ,17,  ,  ,49,  ,63,76,90,]

[3,  ,29,  ,41,  ,64,77,  ,]
[ ,11,  ,30,  ,50,  ,78,83,]
[8,12,  ,33,  ,58,  ,  ,89,]

[6,  ,24,  ,40,52,  ,  ,87,]
[7,10,  ,36,  ,  ,68,71,  ,]
[ ,13,  ,37,48,  ,69,79,  ,]

[ ,15,  ,38,47,56,  ,  ,81,]
[2,  ,20,  ,  ,57,  ,72,88,]
[5,16,  ,39,  ,  ,66,75,  ,]

[ ,19,21,  ,42,53,  ,  ,85,]
[ ,  ,  ,31,44,54,60,  ,86,]
[4,  ,22,  ,46,  ,61,74,  ,]

[ ,18,23,  ,43,  ,65,  ,80,]
[ ,  ,26,32,45,59,  ,  ,84,]
[1,  ,27,34,  ,  ,67,70,  ,]

[ ,12,  ,39,  ,  ,60,70,87,]
[ ,17,27,  ,48,52,  ,  ,88,]
[4,  ,29,  ,  ,57,65,78,  ,]

[5,  ,26,  ,42,  ,61,73,  ,]
[ ,11,  ,31,  ,51,  ,75,84,]
[8,14,  ,33,  ,54,  ,  ,90,]

[1,  ,22,  ,40,59,  ,  ,83,]
[7,10,  ,37,  ,  ,63,72,  ,]
[ ,13,  ,38,47,  ,64,79,  ,]

[ ,18,  ,32,46,53,  ,  ,80,]
[3,  ,28,  ,  ,55,  ,71,81,]
[6,19,  ,34,  ,  ,62,76,  ,]

[ ,15,20,  ,43,50,  ,  ,85,]
[ ,  ,  ,30,44,56,67,  ,86,]
[9,  ,24,  ,45,  ,68,77,  ,]

[ ,16,21,  ,41,  ,66,  ,82,]
[ ,  ,23,35,49,58,  ,  ,89,]
[2,  ,25,36,  ,  ,69,74,  ,]

[ ,13,  ,37,  ,50,60,70,  ,]
[ ,18,23,  ,48,  ,65,  ,87,]
[9,  ,26,  ,  ,52,  ,73,90,]

[1,  ,22,  ,45,  ,64,71,  ,]
[ ,12,  ,31,  ,51,  ,75,82,]
[6,17,  ,34,  ,55,  ,  ,85,]

[3,  ,20,  ,40,56,  ,  ,83,]
[8,11,  ,35,  ,  ,68,74,  ,]
[ ,14,  ,38,49,  ,69,79,  ,]

[ ,10,  ,32,41,54,  ,  ,84,]
[5,  ,21,  ,  ,57,  ,76,86,]
[7,16,  ,39,  ,  ,66,77,  ,]

[ ,15,28,  ,43,58,  ,  ,81,]
[ ,  ,  ,33,44,59,63,  ,89,]
[2,  ,29,  ,46,  ,67,72,  ,]

[ ,19,24,  ,42,  ,61,  ,80,]
[ ,  ,25,30,47,53,  ,  ,88,]
[4,  ,27,36,  ,  ,62,78,  ,]

[ ,  ,25,  ,48,52,62,71,  ,]
[ ,15,29,36,  ,56,  ,  ,80,]
[1,19,  ,  ,  ,  ,65,73,83,]

[7,  ,22,  ,49,  ,60,75,  ,]
[ ,17,  ,34,  ,51,  ,78,82,]
[8,18,  ,37,  ,59,  ,  ,88,]

[2,  ,21,  ,41,53,  ,  ,89,]
[3,13,  ,30,  ,  ,63,70,  ,]
[ ,16,  ,38,45,  ,67,76,  ,]

[ ,11,  ,32,46,50,  ,  ,85,]
[6,  ,23,  ,  ,57,  ,74,86,]
[9,14,  ,39,  ,  ,69,77,  ,]

[ ,10,20,  ,40,55,  ,  ,81,]
[ ,  ,  ,35,44,58,64,  ,84,]
[4,  ,27,  ,47,  ,66,72,  ,]

[ ,12,24,  ,42,  ,61,  ,87,]
[ ,  ,26,31,43,54,  ,  ,90,]
[5,  ,28,33,  ,  ,68,79,  ,]

[ ,11,  ,  ,49,54,  ,72,82,]
[ ,15,21,38,  ,55,64,  ,  ,]
[8,  ,28,  ,  ,  ,68,74,89,]

[3,  ,25,  ,42,  ,60,76,  ,]
[ ,12,  ,32,  ,52,  ,77,80,]
[7,19,  ,35,  ,53,  ,  ,84,]

[5,  ,24,  ,40,56,  ,  ,87,]
[9,13,  ,31,  ,  ,61,70,  ,]
[ ,18,  ,34,45,  ,63,78,  ,]

[ ,10,  ,36,46,51,  ,  ,85,]
[2,  ,23,  ,  ,58,  ,71,90,]
[6,16,  ,39,  ,  ,67,75,  ,]

[ ,14,20,  ,41,50,  ,  ,83,]
[ ,  ,  ,33,43,59,62,  ,88,]
[1,  ,27,  ,47,  ,66,79,  ,]

[ ,17,22,  ,44,  ,65,  ,81,]
[ ,  ,26,30,48,57,  ,  ,86,]
[4,  ,29,37,  ,  ,69,73,  ,]

[3,  ,21,  ,  ,  ,62,74,81,]
[ ,11,23,31,  ,51,68,  ,  ,]
[ ,12,  ,  ,44,53,  ,78,87,]

[4,  ,22,  ,47,  ,63,71,  ,]
[ ,13,  ,30,  ,54,  ,79,88,]
[7,17,  ,39,  ,58,  ,  ,90,]

[1,  ,28,  ,41,57,  ,  ,85,]
[2,10,  ,36,  ,  ,66,75,  ,]
[ ,18,  ,38,45,  ,69,76,  ,]

[ ,14,  ,32,46,52,  ,  ,82,]
[6,  ,26,  ,  ,59,  ,72,83,]
[9,15,  ,33,  ,  ,60,73,  ,]

[ ,19,25,  ,40,50,  ,  ,86,]
[ ,  ,  ,35,42,55,61,  ,89,]
[8,  ,29,  ,48,  ,65,70,  ,]

[ ,16,20,  ,43,  ,64,  ,80,]
[ ,  ,24,34,49,56,  ,  ,84,]
[5,  ,27,37,  ,  ,67,77,  ,]

[ ,13,  ,35,  ,51,66,75,  ,]
[ ,19,28,  ,40,  ,69,  ,87,]
[5,  ,29,  ,  ,59,  ,77,88,]

[7,  ,21,  ,47,  ,65,74,  ,]
[ ,10,  ,30,  ,53,  ,78,84,]
[9,15,  ,34,  ,57,  ,  ,86,]

[3,  ,25,  ,41,54,  ,  ,90,]
[6,12,  ,33,  ,  ,60,70,  ,]
[ ,17,  ,38,44,  ,61,71,  ,]

[ ,11,  ,37,49,52,  ,  ,80,]
[1,  ,23,  ,  ,58,  ,72,82,]
[8,16,  ,39,  ,  ,68,73,  ,]

[ ,18,26,  ,42,55,  ,  ,85,]
[ ,  ,  ,36,43,56,64,  ,89,]
[2,  ,27,  ,48,  ,67,76,  ,]

[ ,14,20,  ,45,  ,62,  ,81,]
[ ,  ,22,31,46,50,  ,  ,83,]
[4,  ,24,32,  ,  ,63,79,  ,]

[ ,17,  ,  ,47,  ,64,72,81,]
[ ,18,21,32,  ,53,69,  ,  ,]
[3,  ,29,  ,  ,54,  ,76,82,]

[4,  ,28,  ,43,  ,61,70,  ,]
[ ,16,  ,36,  ,52,  ,79,85,]
[7,19,  ,39,  ,59,  ,  ,88,]

[1,  ,27,  ,41,57,  ,  ,90,]
[8,10,  ,31,  ,  ,62,77,  ,]
[ ,15,  ,38,42,  ,65,78,  ,]

[ ,12,  ,30,46,51,  ,  ,83,]
[2,  ,22,  ,  ,56,  ,74,87,]
[6,13,  ,35,  ,  ,60,75,  ,]

[ ,14,24,  ,40,50,  ,  ,80,]
[ ,  ,  ,37,44,58,66,  ,86,]
[9,  ,26,  ,45,  ,67,73,  ,]

[ ,11,20,  ,48,  ,63,  ,84,]
[ ,  ,23,33,49,55,  ,  ,89,]
[5,  ,25,34,  ,  ,68,71,  ,]

[ ,15,  ,32,  ,53,62,72,  ,]
[ ,17,21,  ,45,  ,65,  ,86,]
[9,  ,23,  ,  ,56,  ,78,87,]

[3,  ,24,  ,48,  ,63,73,  ,]
[ ,10,  ,30,  ,51,  ,74,82,]
[7,19,  ,35,  ,57,  ,  ,83,]

[1,  ,20,  ,42,54,  ,  ,81,]
[5,11,  ,31,  ,  ,61,70,  ,]
[ ,14,  ,33,46,  ,64,75,  ,]

[ ,12,  ,37,40,50,  ,  ,84,]
[4,  ,25,  ,  ,55,  ,71,88,]
[6,18,  ,38,  ,  ,67,77,  ,]

[ ,13,26,  ,43,52,  ,  ,80,]
[ ,  ,  ,36,47,59,60,  ,90,]
[2,  ,29,  ,49,  ,69,79,  ,]

[ ,16,22,  ,41,  ,66,  ,85,]
[ ,  ,27,34,44,58,  ,  ,89,]
[8,  ,28,39,  ,  ,68,76,  ,]

[ ,12,  ,35,  ,  ,65,72,80,]
[ ,19,21,  ,45,50,66,  ,  ,]
[9,  ,24,  ,  ,59,  ,79,82,]

[5,  ,28,  ,44,  ,60,71,  ,]
[ ,14,  ,32,  ,51,  ,75,81,]
[6,15,  ,38,  ,57,  ,  ,84,]

[4,  ,20,  ,41,55,  ,  ,90,]
[7,11,  ,33,  ,  ,61,70,  ,]
[ ,16,  ,34,42,  ,63,74,  ,]

[ ,17,  ,30,48,53,  ,  ,86,]
[1,  ,25,  ,  ,56,  ,76,89,]
[2,18,  ,36,  ,  ,69,78,  ,]

[ ,10,22,  ,46,52,  ,  ,83,]
[ ,  ,  ,37,47,54,62,  ,88,]
[3,  ,27,  ,49,  ,64,73,  ,]

[ ,13,23,  ,40,  ,67,  ,85,]
[ ,  ,26,31,43,58,  ,  ,87,]
[8,  ,29,39,  ,  ,68,77,  ,]

[4,17,  ,  ,  ,50,64,73,  ,]
[ ,18,22,  ,47,  ,65,  ,86,]
[ ,  ,24,38,  ,52,  ,78,87,]

[3,  ,20,  ,48,  ,67,71,  ,]
[ ,13,  ,33,  ,53,  ,76,82,]
[9,15,  ,39,  ,55,  ,  ,90,]

[1,  ,25,  ,40,57,  ,  ,83,]
[7,10,  ,34,  ,  ,60,75,  ,]
[ ,16,  ,37,44,  ,69,77,  ,]

[ ,11,  ,32,42,54,  ,  ,80,]
[5,  ,28,  ,  ,58,  ,72,84,]
[6,14,  ,36,  ,  ,61,74,  ,]

[ ,12,21,  ,45,56,  ,  ,85,]
[ ,  ,  ,30,46,59,62,  ,88,]
[8,  ,27,  ,49,  ,66,70,  ,]

[ ,19,23,  ,41,  ,63,  ,81,]
[ ,  ,26,31,43,51,  ,  ,89,]
[2,  ,29,35,  ,  ,68,79,  ,]

[3,17,  ,  ,  ,50,  ,70,81,]
[ ,18,23,  ,46,52,62,  ,  ,]
[ ,  ,24,35,  ,  ,64,79,85,]

[4,  ,22,  ,47,  ,69,74,  ,]
[ ,10,  ,32,  ,53,  ,76,82,]
[6,19,  ,37,  ,54,  ,  ,87,]

[7,  ,25,  ,41,51,  ,  ,80,]
[9,11,  ,31,  ,  ,61,72,  ,]
[ ,14,  ,34,42,  ,63,77,  ,]

[ ,13,  ,38,48,55,  ,  ,88,]
[1,  ,29,  ,  ,58,  ,71,90,]
[5,15,  ,39,  ,  ,68,75,  ,]

[ ,12,21,  ,44,56,  ,  ,84,]
[ ,  ,  ,36,45,57,60,  ,89,]
[2,  ,26,  ,49,  ,67,73,  ,]

[ ,16,20,  ,40,  ,65,  ,83,]
[ ,  ,27,30,43,59,  ,  ,86,]
[8,  ,28,33,  ,  ,66,78,  ,]

[4,  ,22,  ,  ,50,62,70,  ,]
[ ,10,26,30,  ,  ,69,  ,85,]
[ ,16,  ,  ,42,52,  ,77,89,]

[5,  ,21,  ,40,  ,67,78,  ,]
[ ,12,  ,33,  ,55,  ,79,80,]
[7,13,  ,35,  ,59,  ,  ,83,]

[3,  ,23,  ,41,56,  ,  ,82,]
[8,17,  ,34,  ,  ,64,71,  ,]
[ ,18,  ,36,43,  ,68,73,  ,]

[ ,11,  ,32,47,51,  ,  ,86,]
[1,  ,20,  ,  ,54,  ,72,90,]
[9,19,  ,39,  ,  ,66,75,  ,]

[ ,14,24,  ,44,53,  ,  ,84,]
[ ,  ,  ,38,45,57,61,  ,88,]
[2,  ,27,  ,46,  ,63,76,  ,]

[ ,15,25,  ,48,  ,60,  ,81,]
[ ,  ,28,31,49,58,  ,  ,87,]
[6,  ,29,37,  ,  ,65,74,  ,]

[ ,  ,20,38,  ,55,60,72,  ,]
[ ,13,29,  ,44,56,  ,  ,81,]
[2,19,  ,  ,  ,  ,64,76,82,]

[8,  ,27,  ,45,  ,65,77,  ,]
[ ,17,  ,30,  ,50,  ,79,85,]
[9,18,  ,32,  ,53,  ,  ,89,]

[3,  ,25,  ,41,52,  ,  ,84,]
[5,11,  ,33,  ,  ,61,71,  ,]
[ ,14,  ,36,47,  ,62,78,  ,]

[ ,10,  ,31,43,57,  ,  ,86,]
[4,  ,28,  ,  ,59,  ,70,88,]
[6,12,  ,39,  ,  ,63,75,  ,]

[ ,16,23,  ,42,51,  ,  ,80,]
[ ,  ,  ,35,46,54,66,  ,90,]
[1,  ,26,  ,49,  ,69,74,  ,]

[ ,15,21,  ,40,  ,67,  ,83,]
[ ,  ,22,34,48,58,  ,  ,87,]
[7,  ,24,37,  ,  ,68,73,  ,]

[ ,13,  ,37,  ,  ,63,71,85,]
[ ,16,22,  ,40,51,65,  ,  ,]
[2,  ,26,  ,  ,52,  ,78,90,]

[8,  ,24,  ,49,  ,68,74,  ,]
[ ,11,  ,34,  ,57,  ,75,80,]
[9,12,  ,36,  ,58,  ,  ,88,]

[1,  ,21,  ,41,50,  ,  ,83,]
[6,14,  ,31,  ,  ,60,72,  ,]
[ ,17,  ,32,43,  ,66,73,  ,]

[ ,10,  ,30,48,54,  ,  ,82,]
[3,  ,25,  ,  ,56,  ,70,84,]
[4,15,  ,38,  ,  ,61,79,  ,]

[ ,18,20,  ,42,53,  ,  ,81,]
[ ,  ,  ,33,45,59,67,  ,87,]
[7,  ,27,  ,47,  ,69,77,  ,]

[ ,19,23,  ,44,  ,62,  ,86,]
[ ,  ,28,35,46,55,  ,  ,89,]
[5,  ,29,39,  ,  ,64,76,  ,]

[ ,  ,20,  ,47,55,62,75,  ,]
[6,14,22,  ,  ,  ,65,  ,83,]
[ ,16,  ,33,  ,58,  ,76,87,]

[2,  ,29,  ,44,  ,66,70,  ,]
[ ,10,  ,32,  ,54,  ,73,84,]
[3,15,  ,38,  ,59,  ,  ,85,]

[5,  ,28,  ,41,56,  ,  ,80,]
[7,12,  ,31,  ,  ,60,71,  ,]
[ ,17,  ,37,46,  ,69,72,  ,]

[ ,11,  ,34,45,50,  ,  ,81,]
[8,  ,25,  ,  ,53,  ,77,82,]
[9,19,  ,35,  ,  ,67,78,  ,]

[ ,13,26,  ,40,51,  ,  ,86,]
[ ,  ,  ,36,48,57,63,  ,90,]
[4,  ,27,  ,49,  ,64,79,  ,]

[ ,18,21,  ,42,  ,61,  ,88,]
[ ,  ,23,30,43,52,  ,  ,89,]
[1,  ,24,39,  ,  ,68,74,  ,]

[ ,  ,20,35,  ,52,  ,72,80,]
[9,10,24,  ,  ,  ,60,  ,85,]
[ ,11,  ,  ,49,58,68,75,  ,]

[3,  ,21,  ,44,  ,62,77,  ,]
[ ,16,  ,37,  ,53,  ,79,88,]
[4,18,  ,39,  ,59,  ,  ,89,]

[1,  ,25,  ,46,51,  ,  ,84,]
[5,13,  ,34,  ,  ,61,76,  ,]
[ ,19,  ,36,47,  ,67,78,  ,]

[ ,15,  ,32,42,54,  ,  ,86,]
[6,  ,29,  ,  ,56,  ,70,90,]
[8,17,  ,38,  ,  ,69,74,  ,]

[ ,12,23,  ,41,55,  ,  ,83,]
[ ,  ,  ,33,43,57,63,  ,87,]
[7,  ,28,  ,48,  ,66,73,  ,]

[ ,14,22,  ,40,  ,64,  ,81,]
[ ,  ,26,30,45,50,  ,  ,82,]
[2,  ,27,31,  ,  ,65,71,  ,]

[ ,  ,20,35,  ,52,65,74,  ,]
[4,10,24,  ,  ,54,  ,  ,80,]
[ ,15,  ,  ,46,  ,69,75,84,]

[8,  ,27,  ,40,  ,68,70,  ,]
[ ,12,  ,31,  ,50,  ,73,85,]
[9,18,  ,38,  ,55,  ,  ,86,]

[5,  ,25,  ,44,57,  ,  ,90,]
[6,11,  ,32,  ,  ,62,77,  ,]
[ ,16,  ,39,47,  ,64,79,  ,]

[ ,13,  ,34,41,51,  ,  ,87,]
[1,  ,23,  ,  ,59,  ,71,89,]
[3,14,  ,37,  ,  ,61,78,  ,]

[ ,19,22,  ,42,56,  ,  ,81,]
[ ,  ,  ,33,43,58,66,  ,83,]
[2,  ,26,  ,45,  ,67,72,  ,]

[ ,17,21,  ,48,  ,60,  ,82,]
[ ,  ,28,30,49,53,  ,  ,88,]
[7,  ,29,36,  ,  ,63,76,  ,]

[ ,  ,26,  ,45,  ,65,74,82,]
[9,12,28,  ,  ,52,  ,  ,83,]
[ ,18,  ,33,  ,53,68,75,  ,]

[2,  ,23,  ,46,  ,61,71,  ,]
[ ,11,  ,36,  ,54,  ,79,85,]
[8,17,  ,38,  ,56,  ,  ,86,]

[5,  ,22,  ,43,57,  ,  ,87,]
[7,10,  ,30,  ,  ,67,72,  ,]
[ ,19,  ,31,49,  ,69,77,  ,]

[ ,14,  ,32,41,51,  ,  ,84,]
[3,  ,24,  ,  ,55,  ,70,88,]
[4,16,  ,39,  ,  ,64,73,  ,]

[ ,15,21,  ,42,50,  ,  ,81,]
[ ,  ,  ,34,44,59,62,  ,89,]
[6,  ,29,  ,47,  ,66,76,  ,]

[ ,13,20,  ,40,  ,60,  ,80,]
[ ,  ,25,35,48,58,  ,  ,90,]
[1,  ,27,37,  ,  ,63,78,  ,]

[6,10,  ,  ,  ,  ,67,72,81,]
[ ,14,26,  ,43,51,68,  ,  ,]
[ ,  ,29,30,  ,58,  ,74,87,]

[2,  ,22,  ,46,  ,66,70,  ,]
[ ,12,  ,37,  ,53,  ,73,85,]
[3,17,  ,38,  ,54,  ,  ,89,]

[5,  ,24,  ,44,56,  ,  ,84,]
[9,13,  ,34,  ,  ,65,76,  ,]
[ ,15,  ,36,49,  ,69,77,  ,]

[ ,16,  ,33,42,55,  ,  ,83,]
[1,  ,23,  ,  ,59,  ,71,88,]
[7,19,  ,39,  ,  ,60,75,  ,]

[ ,11,20,  ,40,50,  ,  ,80,]
[ ,  ,  ,35,47,57,63,  ,90,]
[8,  ,21,  ,48,  ,64,78,  ,]

[ ,18,25,  ,41,  ,61,  ,82,]
[ ,  ,27,31,45,52,  ,  ,86,]
[4,  ,28,32,  ,  ,62,79,  ,]

[ ,16,  ,31,  ,51,  ,74,81,]
[4,17,20,  ,  ,  ,65,  ,84,]
[ ,  ,24,  ,41,58,69,79,  ,]

[5,  ,28,  ,42,  ,66,70,  ,]
[ ,13,  ,32,  ,57,  ,71,80,]
[8,18,  ,38,  ,59,  ,  ,88,]

[3,  ,22,  ,40,53,  ,  ,82,]
[6,12,  ,33,  ,  ,60,72,  ,]
[ ,14,  ,39,47,  ,61,75,  ,]

[ ,15,  ,35,46,50,  ,  ,83,]
[7,  ,26,  ,  ,54,  ,76,87,]
[9,19,  ,37,  ,  ,64,77,  ,]

[ ,10,25,  ,44,55,  ,  ,86,]
[ ,  ,  ,30,45,56,62,  ,90,]
[1,  ,27,  ,48,  ,68,78,  ,]

[ ,11,21,  ,43,  ,63,  ,85,]
[ ,  ,23,34,49,52,  ,  ,89,]
[2,  ,29,36,  ,  ,67,73,  ,]

[7,  ,22,  ,  ,  ,65,70,84,]
[ ,14,28,  ,48,52,  ,  ,88,]
[ ,16,  ,36,  ,56,66,73,  ,]

[5,  ,20,  ,40,  ,62,71,  ,]
[ ,12,  ,34,  ,55,  ,77,80,]
[6,13,  ,38,  ,58,  ,  ,87,]

[1,  ,25,  ,45,54,  ,  ,89,]
[9,10,  ,30,  ,  ,61,72,  ,]
[ ,19,  ,35,47,  ,68,74,  ,]

[ ,11,  ,31,44,50,  ,  ,83,]
[2,  ,21,  ,  ,53,  ,76,90,]
[4,18,  ,39,  ,  ,64,79,  ,]

[ ,15,27,  ,41,51,  ,  ,81,]
[ ,  ,  ,32,42,59,67,  ,85,]
[3,  ,29,  ,46,  ,69,75,  ,]

[ ,17,23,  ,43,  ,60,  ,82,]
[ ,  ,24,33,49,57,  ,  ,86,]
[8,  ,26,37,  ,  ,63,78,  ,]

[1,12,  ,  ,  ,  ,62,70,81,]
[ ,18,26,  ,45,52,  ,  ,89,]
[ ,  ,29,37,  ,58,68,78,  ,]

[6,  ,22,  ,44,  ,60,71,  ,]
[ ,10,  ,33,  ,55,  ,79,83,]
[8,17,  ,34,  ,56,  ,  ,85,]

[7,  ,20,  ,43,54,  ,  ,82,]
[9,13,  ,32,  ,  ,65,74,  ,]
[ ,19,  ,36,46,  ,66,77,  ,]

[ ,14,  ,30,42,57,  ,  ,87,]
[2,  ,25,  ,  ,59,  ,73,88,]
[5,15,  ,31,  ,  ,69,76,  ,]

[ ,11,23,  ,41,50,  ,  ,86,]
[ ,  ,  ,38,47,53,61,  ,90,]
[4,  ,24,  ,49,  ,63,75,  ,]

[ ,16,21,  ,40,  ,64,  ,80,]
[ ,  ,27,35,48,51,  ,  ,84,]
[3,  ,28,39,  ,  ,67,72,  ,]

[5,10,  ,  ,  ,57,  ,71,81,]
[ ,18,20,  ,42,59,62,  ,  ,]
[ ,  ,22,30,  ,  ,65,75,89,]

[1,  ,29,  ,43,  ,67,73,  ,]
[ ,14,  ,33,  ,55,  ,74,83,]
[6,17,  ,34,  ,58,  ,  ,90,]

[3,  ,27,  ,44,56,  ,  ,87,]
[9,11,  ,31,  ,  ,60,72,  ,]
[ ,15,  ,37,45,  ,68,78,  ,]

[ ,12,  ,32,47,50,  ,  ,82,]
[2,  ,21,  ,  ,51,  ,70,84,]
[4,16,  ,39,  ,  ,64,77,  ,]

[ ,13,26,  ,40,52,  ,  ,86,]
[ ,  ,  ,38,41,53,66,  ,88,]
[7,  ,28,  ,49,  ,69,76,  ,]

[ ,19,23,  ,46,  ,61,  ,80,]
[ ,  ,24,35,48,54,  ,  ,85,]
[8,  ,25,36,  ,  ,63,79,  ,]

[8,  ,20,  ,  ,50,68,70,  ,]
[ ,10,24,33,  ,55,  ,  ,83,]
[ ,14,  ,  ,47,  ,69,76,85,]

[1,  ,21,  ,45,  ,62,75,  ,]
[ ,11,  ,30,  ,53,  ,78,84,]
[7,19,  ,34,  ,58,  ,  ,89,]

[2,  ,22,  ,42,51,  ,  ,81,]
[6,13,  ,31,  ,  ,60,74,  ,]
[ ,16,  ,39,46,  ,65,77,  ,]

[ ,12,  ,32,49,57,  ,  ,86,]
[3,  ,26,  ,  ,59,  ,72,88,]
[9,15,  ,36,  ,  ,61,73,  ,]

[ ,17,23,  ,43,52,  ,  ,80,]
[ ,  ,  ,35,44,56,63,  ,90,]
[4,  ,25,  ,48,  ,67,79,  ,]

[ ,18,27,  ,40,  ,64,  ,82,]
[ ,  ,28,37,41,54,  ,  ,87,]
[5,  ,29,38,  ,  ,66,71,  ,]

[9,  ,20,  ,  ,55,  ,74,82,]
[ ,14,23,37,  ,  ,62,  ,89,]
[ ,15,  ,  ,48,58,69,77,  ,]

[4,  ,29,  ,45,  ,65,70,  ,]
[ ,11,  ,36,  ,56,  ,73,86,]
[6,18,  ,38,  ,57,  ,  ,90,]

[1,  ,25,  ,43,59,  ,  ,88,]
[5,12,  ,31,  ,  ,67,72,  ,]
[ ,13,  ,33,46,  ,68,75,  ,]

[ ,16,  ,34,41,51,  ,  ,83,]
[2,  ,24,  ,  ,52,  ,76,84,]
[7,17,  ,35,  ,  ,63,79,  ,]

[ ,19,21,  ,40,50,  ,  ,80,]
[ ,  ,  ,32,42,53,60,  ,87,]
[3,  ,27,  ,47,  ,64,71,  ,]

[ ,10,22,  ,44,  ,61,  ,81,]
[ ,  ,26,30,49,54,  ,  ,85,]
[8,  ,28,39,  ,  ,66,78,  ,]

[ ,11,  ,38,  ,53,67,72,  ,]
[ ,18,22,  ,49,  ,68,  ,80,]
[3,  ,24,  ,  ,56,  ,75,90,]

[1,  ,27,  ,43,  ,63,76,  ,]
[ ,10,  ,31,  ,57,  ,79,84,]
[8,19,  ,35,  ,58,  ,  ,85,]

[4,  ,29,  ,44,51,  ,  ,87,]
[9,12,  ,36,  ,  ,65,74,  ,]
[ ,17,  ,37,45,  ,69,78,  ,]

[ ,15,  ,32,41,50,  ,  ,83,]
[6,  ,28,  ,  ,55,  ,73,88,]
[7,16,  ,34,  ,  ,64,77,  ,]

[ ,14,21,  ,40,52,  ,  ,81,]
[ ,  ,  ,39,42,54,60,  ,86,]
[5,  ,25,  ,46,  ,66,70,  ,]

[ ,13,20,  ,47,  ,61,  ,82,]
[ ,  ,23,30,48,59,  ,  ,89,]
[2,  ,26,33,  ,  ,62,71,  ,]

[2,  ,20,  ,  ,51,60,71,  ,]
[ ,12,27,35,  ,59,  ,  ,87,]
[ ,16,  ,  ,49,  ,61,74,90,]

[6,  ,25,  ,44,  ,66,70,  ,]
[ ,11,  ,32,  ,52,  ,79,83,]
[7,18,  ,37,  ,58,  ,  ,88,]

[1,  ,23,  ,42,56,  ,  ,86,]
[9,13,  ,34,  ,  ,63,75,  ,]
[ ,15,  ,36,47,  ,65,77,  ,]

[ ,10,  ,31,40,50,  ,  ,82,]
[3,  ,26,  ,  ,57,  ,73,84,]
[8,19,  ,38,  ,  ,68,76,  ,]

[ ,14,22,  ,41,54,  ,  ,81,]
[ ,  ,  ,30,45,55,62,  ,85,]
[5,  ,28,  ,48,  ,67,72,  ,]

[ ,17,21,  ,43,  ,64,  ,80,]
[ ,  ,24,33,46,53,  ,  ,89,]
[4,  ,29,39,  ,  ,69,78,  ,]

[9,  ,21,  ,  ,55,  ,70,82,]
[ ,16,24,  ,46,  ,62,  ,89,]
[ ,17,  ,30,  ,56,67,72,  ,]

[2,  ,22,  ,48,  ,64,71,  ,]
[ ,12,  ,31,  ,50,  ,78,83,]
[3,19,  ,36,  ,53,  ,  ,85,]

[4,  ,29,  ,43,52,  ,  ,80,]
[7,10,  ,32,  ,  ,61,77,  ,]
[ ,15,  ,35,47,  ,65,79,  ,]

[ ,13,  ,33,40,58,  ,  ,86,]
[5,  ,28,  ,  ,59,  ,74,90,]
[8,14,  ,38,  ,  ,68,75,  ,]

[ ,18,20,  ,41,51,  ,  ,81,]
[ ,  ,  ,37,42,57,60,  ,87,]
[1,  ,25,  ,45,  ,69,76,  ,]

[ ,11,23,  ,44,  ,63,  ,84,]
[ ,  ,26,34,49,54,  ,  ,88,]
[6,  ,27,39,  ,  ,66,73,  ,]

[3,  ,21,  ,  ,  ,62,71,81,]
[ ,12,24,  ,43,56,  ,  ,90,]
[ ,19,  ,37,  ,58,66,73,  ,]

[6,  ,29,  ,40,  ,67,70,  ,]
[ ,10,  ,35,  ,50,  ,72,83,]
[7,16,  ,39,  ,55,  ,  ,84,]

[5,  ,25,  ,41,54,  ,  ,82,]
[9,13,  ,31,  ,  ,61,75,  ,]
[ ,14,  ,33,44,  ,68,78,  ,]

[ ,15,  ,34,46,53,  ,  ,85,]
[1,  ,20,  ,  ,57,  ,74,88,]
[2,18,  ,38,  ,  ,63,76,  ,]

[ ,11,27,  ,42,52,  ,  ,86,]
[ ,  ,  ,32,47,59,64,  ,87,]
[4,  ,28,  ,49,  ,65,77,  ,]

[ ,17,22,  ,45,  ,60,  ,80,]
[ ,  ,23,30,48,51,  ,  ,89,]
[8,  ,26,36,  ,  ,69,79,  ,]

[ ,11,  ,  ,40,53,61,75,  ,]
[ ,14,20,33,  ,58,  ,  ,83,]
[5,  ,22,  ,  ,  ,62,77,90,]

[2,  ,29,  ,46,  ,67,73,  ,]
[ ,10,  ,37,  ,51,  ,78,82,]
[4,16,  ,38,  ,57,  ,  ,89,]

[1,  ,28,  ,45,54,  ,  ,81,]
[6,12,  ,31,  ,  ,66,71,  ,]
[ ,19,  ,39,48,  ,68,79,  ,]

[ ,13,  ,32,43,50,  ,  ,84,]
[7,  ,21,  ,  ,55,  ,72,85,]
[8,17,  ,34,  ,  ,65,76,  ,]

[ ,15,23,  ,41,52,  ,  ,86,]
[ ,  ,  ,36,47,56,64,  ,88,]
[3,  ,25,  ,49,  ,69,74,  ,]

[ ,18,24,  ,42,  ,60,  ,80,]
[ ,  ,26,30,44,59,  ,  ,87,]
[9,  ,27,35,  ,  ,63,70,  ,]

[ ,  ,22,  ,43,54,  ,72,82,]
[ ,10,28,32,  ,  ,60,  ,89,]
[2,17,  ,  ,  ,58,68,74,  ,]

[7,  ,27,  ,47,  ,65,75,  ,]
[ ,12,  ,35,  ,51,  ,76,85,]
[8,19,  ,39,  ,53,  ,  ,90,]

[4,  ,25,  ,41,50,  ,  ,84,]
[5,14,  ,30,  ,  ,61,78,  ,]
[ ,16,  ,31,44,  ,69,79,  ,]

[ ,13,  ,37,49,52,  ,  ,80,]
[1,  ,26,  ,  ,57,  ,73,86,]
[6,18,  ,38,  ,  ,67,77,  ,]

[ ,11,21,  ,42,55,  ,  ,81,]
[ ,  ,  ,36,45,56,62,  ,83,]
[3,  ,24,  ,48,  ,63,70,  ,]

[ ,15,20,  ,40,  ,64,  ,87,]
[ ,  ,23,33,46,59,  ,  ,88,]
[9,  ,29,34,  ,  ,66,71,  ,]

[8,  ,24,  ,  ,  ,63,72,81,]
[ ,10,26,  ,49,53,  ,  ,89,]
[ ,16,  ,37,  ,56,66,74,  ,]

[4,  ,29,  ,40,  ,65,71,  ,]
[ ,11,  ,36,  ,50,  ,73,84,]
[9,18,  ,38,  ,58,  ,  ,85,]

[2,  ,28,  ,42,59,  ,  ,83,]
[5,12,  ,30,  ,  ,61,75,  ,]
[ ,14,  ,33,44,  ,68,79,  ,]

[ ,13,  ,31,46,52,  ,  ,80,]
[3,  ,21,  ,  ,55,  ,70,90,]
[7,17,  ,34,  ,  ,69,78,  ,]

[ ,15,20,  ,43,51,  ,  ,86,]
[ ,  ,  ,32,45,57,62,  ,88,]
[1,  ,27,  ,47,  ,67,76,  ,]

[ ,19,22,  ,41,  ,60,  ,82,]
[ ,  ,23,35,48,54,  ,  ,87,]
[6,  ,25,39,  ,  ,64,77,  ,]

[ ,  ,24,33,  ,  ,64,70,80,]
[ ,14,29,  ,43,54,  ,  ,89,]
[8,16,  ,  ,  ,55,67,72,  ,]

[4,  ,27,  ,46,  ,63,74,  ,]
[ ,11,  ,31,  ,57,  ,76,83,]
[7,17,  ,36,  ,58,  ,  ,88,]

[2,  ,21,  ,45,56,  ,  ,81,]
[6,12,  ,37,  ,  ,61,71,  ,]
[ ,15,  ,38,48,  ,62,78,  ,]

[ ,10,  ,32,44,51,  ,  ,82,]
[5,  ,20,  ,  ,59,  ,73,85,]
[9,13,  ,39,  ,  ,66,79,  ,]

[ ,18,22,  ,41,50,  ,  ,86,]
[ ,  ,  ,35,42,52,60,  ,87,]
[1,  ,28,  ,49,  ,69,77,  ,]

[ ,19,23,  ,40,  ,65,  ,84,]
[ ,  ,25,30,47,53,  ,  ,90,]
[3,  ,26,34,  ,  ,68,75,  ,]

[9,  ,21,  ,  ,53,67,70,  ,]
[ ,10,24,36,  ,56,  ,  ,85,]
[ ,13,  ,  ,45,  ,68,72,88,]

[2,  ,20,  ,46,  ,64,74,  ,]
[ ,14,  ,35,  ,54,  ,75,87,]
[3,19,  ,39,  ,58,  ,  ,90,]

[7,  ,25,  ,40,57,  ,  ,80,]
[8,12,  ,32,  ,  ,66,73,  ,]
[ ,18,  ,33,41,  ,69,76,  ,]

[ ,16,  ,37,49,51,  ,  ,86,]
[4,  ,23,  ,  ,52,  ,71,89,]
[6,17,  ,38,  ,  ,60,77,  ,]

[ ,15,27,  ,43,50,  ,  ,82,]
[ ,  ,  ,31,47,59,61,  ,83,]
[1,  ,29,  ,48,  ,65,79,  ,]

[ ,11,22,  ,42,  ,62,  ,81,]
[ ,  ,26,30,44,55,  ,  ,84,]
[5,  ,28,34,  ,  ,63,78,  ,]

[ ,  ,23,  ,47,52,62,75,  ,]
[9,18,26,  ,  ,  ,65,  ,80,]
[ ,19,  ,33,  ,59,  ,79,89,]

[2,  ,21,  ,41,  ,66,73,  ,]
[ ,12,  ,31,  ,51,  ,77,82,]
[8,13,  ,32,  ,57,  ,  ,88,]

[6,  ,29,  ,40,55,  ,  ,87,]
[7,14,  ,35,  ,  ,60,70,  ,]
[ ,17,  ,37,45,  ,67,78,  ,]

[ ,10,  ,38,46,50,  ,  ,83,]
[1,  ,27,  ,  ,56,  ,71,85,]
[5,16,  ,39,  ,  ,64,74,  ,]

[ ,11,20,  ,43,53,  ,  ,84,]
[ ,  ,  ,36,44,54,68,  ,90,]
[3,  ,25,  ,48,  ,69,72,  ,]

[ ,15,22,  ,42,  ,61,  ,81,]
[ ,  ,24,30,49,58,  ,  ,86,]
[4,  ,28,34,  ,  ,63,76,  ,]

[ ,18,  ,35,  ,  ,64,70,82,]
[3,19,20,  ,  ,55,  ,  ,83,]
[ ,  ,23,  ,43,57,69,71,  ,]

[4,  ,24,  ,40,  ,62,72,  ,]
[ ,10,  ,36,  ,54,  ,73,80,]
[7,11,  ,37,  ,59,  ,  ,84,]

[2,  ,26,  ,41,52,  ,  ,88,]
[8,12,  ,30,  ,  ,60,74,  ,]
[ ,13,  ,31,42,  ,68,77,  ,]

[ ,14,  ,33,49,51,  ,  ,81,]
[5,  ,21,  ,  ,56,  ,75,86,]
[6,15,  ,34,  ,  ,65,79,  ,]

[ ,16,22,  ,44,50,  ,  ,89,]
[ ,  ,  ,38,45,53,61,  ,90,]
[9,  ,25,  ,48,  ,67,76,  ,]

[ ,17,27,  ,46,  ,63,  ,85,]
[ ,  ,28,32,47,58,  ,  ,87,]
[1,  ,29,39,  ,  ,66,78,  ,]

[ ,  ,21,39,  ,52,  ,73,82,]
[ ,13,25,  ,45,55,60,  ,  ,]
[4,16,  ,  ,  ,  ,62,76,84,]

[3,  ,26,  ,46,  ,69,71,  ,]
[ ,14,  ,30,  ,51,  ,78,81,]
[6,18,  ,34,  ,57,  ,  ,83,]

[5,  ,22,  ,44,53,  ,  ,89,]
[7,11,  ,33,  ,  ,65,70,  ,]
[ ,15,  ,38,47,  ,68,72,  ,]

[ ,10,  ,36,41,56,  ,  ,87,]
[8,  ,23,  ,  ,59,  ,77,90,]
[9,12,  ,37,  ,  ,63,79,  ,]

[ ,17,20,  ,43,54,  ,  ,80,]
[ ,  ,  ,32,48,58,61,  ,86,]
[1,  ,29,  ,49,  ,66,75,  ,]

[ ,19,24,  ,40,  ,64,  ,85,]
[ ,  ,27,31,42,50,  ,  ,88,]
[2,  ,28,35,  ,  ,67,74,  ,]

[ ,11,  ,  ,48,56,  ,76,86,]
[ ,14,24,39,  ,57,63,  ,  ,]
[7,  ,27,  ,  ,  ,65,79,88,]

[1,  ,23,  ,43,  ,66,74,  ,]
[ ,17,  ,31,  ,53,  ,78,89,]
[5,19,  ,34,  ,58,  ,  ,90,]

[2,  ,29,  ,42,55,  ,  ,81,]
[6,12,  ,32,  ,  ,64,70,  ,]
[ ,18,  ,33,46,  ,68,75,  ,]

[ ,13,  ,37,49,50,  ,  ,83,]
[4,  ,22,  ,  ,52,  ,73,85,]
[9,16,  ,38,  ,  ,61,77,  ,]

[ ,15,20,  ,40,51,  ,  ,82,]
[ ,  ,  ,30,41,59,67,  ,84,]
[8,  ,26,  ,47,  ,69,71,  ,]

[ ,10,21,  ,44,  ,60,  ,80,]
[ ,  ,25,35,45,54,  ,  ,87,]
[3,  ,28,36,  ,  ,62,72,  ,]

[4,  ,27,  ,  ,52,61,74,  ,]
[ ,12,28,  ,41,  ,62,  ,81,]
[ ,18,  ,37,  ,55,  ,75,84,]

[3,  ,29,  ,46,  ,68,71,  ,]
[ ,11,  ,30,  ,50,  ,78,83,]
[9,16,  ,31,  ,53,  ,  ,85,]

[1,  ,25,  ,40,59,  ,  ,88,]
[7,13,  ,34,  ,  ,65,70,  ,]
[ ,19,  ,36,44,  ,67,77,  ,]

[ ,14,  ,33,45,54,  ,  ,82,]
[5,  ,22,  ,  ,56,  ,73,89,]
[8,15,  ,35,  ,  ,69,76,  ,]

[ ,10,20,  ,42,51,  ,  ,87,]
[ ,  ,  ,32,47,58,60,  ,90,]
[2,  ,26,  ,48,  ,63,79,  ,]

[ ,17,21,  ,43,  ,64,  ,80,]
[ ,  ,23,38,49,57,  ,  ,86,]
[6,  ,24,39,  ,  ,66,72,  ,]

[9,10,  ,  ,  ,56,62,73,  ,]
[ ,19,22,  ,44,  ,63,  ,80,]
[ ,  ,26,31,  ,58,  ,79,87,]

[2,  ,23,  ,45,  ,61,74,  ,]
[ ,13,  ,36,  ,52,  ,77,82,]
[5,14,  ,39,  ,54,  ,  ,88,]

[4,  ,28,  ,40,57,  ,  ,83,]
[6,16,  ,34,  ,  ,67,70,  ,]
[ ,17,  ,37,49,  ,69,71,  ,]

[ ,11,  ,33,42,50,  ,  ,81,]
[7,  ,27,  ,  ,59,  ,72,85,]
[8,15,  ,35,  ,  ,65,76,  ,]

[ ,12,21,  ,43,51,  ,  ,84,]
[ ,  ,  ,30,47,55,64,  ,90,]
[3,  ,25,  ,48,  ,68,75,  ,]

[ ,18,20,  ,41,  ,60,  ,86,]
[ ,  ,24,32,46,53,  ,  ,89,]
[1,  ,29,38,  ,  ,66,78,  ,]

[3,  ,25,  ,  ,55,  ,72,84,]
[ ,11,28,33,  ,  ,60,  ,89,]
[ ,17,  ,  ,47,58,63,76,  ,]

[8,  ,29,  ,44,  ,64,71,  ,]
[ ,14,  ,34,  ,50,  ,75,88,]
[9,15,  ,38,  ,56,  ,  ,90,]

[1,  ,27,  ,41,52,  ,  ,83,]
[5,12,  ,35,  ,  ,65,70,  ,]
[ ,19,  ,39,48,  ,68,79,  ,]

[ ,13,  ,30,46,53,  ,  ,80,]
[6,  ,20,  ,  ,59,  ,73,85,]
[7,16,  ,31,  ,  ,67,77,  ,]

[ ,10,24,  ,40,51,  ,  ,82,]
[ ,  ,  ,36,45,54,62,  ,87,]
[2,  ,26,  ,49,  ,66,78,  ,]

[ ,18,21,  ,42,  ,61,  ,81,]
[ ,  ,22,32,43,57,  ,  ,86,]
[4,  ,23,37,  ,  ,69,74,  ,]

[ ,10,  ,  ,49,  ,63,73,84,]
[1,18,20,  ,  ,53,69,  ,  ,]
[ ,  ,21,36,  ,57,  ,77,86,]

[3,  ,26,  ,46,  ,64,70,  ,]
[ ,12,  ,32,  ,50,  ,71,80,]
[7,19,  ,35,  ,54,  ,  ,81,]

[4,  ,25,  ,41,56,  ,  ,90,]
[8,11,  ,30,  ,  ,60,72,  ,]
[ ,16,  ,33,42,  ,61,74,  ,]

[ ,15,  ,31,47,58,  ,  ,83,]
[5,  ,24,  ,  ,59,  ,76,87,]
[6,17,  ,34,  ,  ,67,78,  ,]

[ ,14,23,  ,43,52,  ,  ,82,]
[ ,  ,  ,37,45,55,66,  ,89,]
[9,  ,29,  ,48,  ,68,75,  ,]

[ ,13,22,  ,40,  ,62,  ,85,]
[ ,  ,27,38,44,51,  ,  ,88,]
[2,  ,28,39,  ,  ,65,79,  ,]

[4,  ,20,  ,  ,51,  ,71,84,]
[ ,10,25,  ,44,  ,64,  ,85,]
[ ,15,  ,33,  ,56,67,75,  ,]

[3,  ,29,  ,41,  ,66,77,  ,]
[ ,11,  ,30,  ,50,  ,78,82,]
[5,12,  ,37,  ,52,  ,  ,90,]

[2,  ,24,  ,42,53,  ,  ,80,]
[7,14,  ,31,  ,  ,62,72,  ,]
[ ,18,  ,39,49,  ,68,76,  ,]

[ ,16,  ,32,40,55,  ,  ,87,]
[1,  ,22,  ,  ,59,  ,70,88,]
[6,17,  ,38,  ,  ,69,79,  ,]

[ ,19,26,  ,43,54,  ,  ,81,]
[ ,  ,  ,36,45,57,61,  ,83,]
[8,  ,28,  ,48,  ,63,74,  ,]

[ ,13,21,  ,46,  ,60,  ,86,]
[ ,  ,23,34,47,58,  ,  ,89,]
[9,  ,27,35,  ,  ,65,73,  ,]

[ ,16,  ,  ,43,  ,64,74,84,]
[ ,18,20,39,  ,54,  ,  ,90,]
[6,  ,22,  ,  ,58,68,77,  ,]

[1,  ,26,  ,42,  ,63,75,  ,]
[ ,15,  ,31,  ,51,  ,79,81,]
[4,19,  ,37,  ,52,  ,  ,87,]

[3,  ,25,  ,44,59,  ,  ,82,]
[9,11,  ,33,  ,  ,61,72,  ,]
[ ,14,  ,35,49,  ,62,78,  ,]

[ ,12,  ,30,46,55,  ,  ,88,]
[2,  ,23,  ,  ,57,  ,73,89,]
[8,13,  ,38,  ,  ,67,76,  ,]

[ ,10,21,  ,40,50,  ,  ,80,]
[ ,  ,  ,32,45,56,65,  ,83,]
[7,  ,27,  ,47,  ,69,70,  ,]

[ ,17,24,  ,41,  ,60,  ,85,]
[ ,  ,28,34,48,53,  ,  ,86,]
[5,  ,29,36,  ,  ,66,71,  ,]

[ ,  ,23,  ,44,55,  ,74,84,]
[9,10,28,  ,  ,  ,64,  ,89,]
[ ,19,  ,36,  ,58,65,78,  ,]

[3,  ,20,  ,48,  ,63,71,  ,]
[ ,13,  ,30,  ,56,  ,72,83,]
[5,18,  ,38,  ,59,  ,  ,86,]

[4,  ,29,  ,42,52,  ,  ,90,]
[6,12,  ,33,  ,  ,60,73,  ,]
[ ,17,  ,39,47,  ,62,77,  ,]

[ ,11,  ,31,45,54,  ,  ,81,]
[7,  ,22,  ,  ,57,  ,75,87,]
[8,15,  ,35,  ,  ,66,76,  ,]

[ ,14,24,  ,41,50,  ,  ,80,]
[ ,  ,  ,34,43,51,67,  ,88,]
[1,  ,26,  ,49,  ,68,79,  ,]

[ ,16,21,  ,40,  ,61,  ,82,]
[ ,  ,25,32,46,53,  ,  ,85,]
[2,  ,27,37,  ,  ,69,70,  ,]

[8,  ,21,  ,  ,50,63,72,  ,]
[ ,13,24,30,  ,  ,65,  ,87,]
[ ,19,  ,  ,42,58,  ,77,89,]

[1,  ,28,  ,43,  ,64,73,  ,]
[ ,15,  ,32,  ,52,  ,74,82,]
[4,16,  ,34,  ,56,  ,  ,88,]

[3,  ,27,  ,44,51,  ,  ,86,]
[9,17,  ,38,  ,  ,66,70,  ,]
[ ,18,  ,39,48,  ,69,71,  ,]

[ ,12,  ,31,41,55,  ,  ,83,]
[2,  ,26,  ,  ,59,  ,75,84,]
[5,14,  ,33,  ,  ,61,76,  ,]

[ ,11,22,  ,40,54,  ,  ,81,]
[ ,  ,  ,35,45,57,62,  ,85,]
[6,  ,23,  ,49,  ,67,79,  ,]

[ ,10,20,  ,46,  ,60,  ,80,]
[ ,  ,25,36,47,53,  ,  ,90,]
[7,  ,29,37,  ,  ,68,78,  ,]

[5,  ,20,  ,  ,54,60,74,  ,]
[ ,16,29,  ,45,  ,61,  ,80,]
[ ,17,  ,37,  ,56,  ,77,86,]

[4,  ,21,  ,43,  ,68,72,  ,]
[ ,10,  ,33,  ,53,  ,75,87,]
[8,11,  ,38,  ,55,  ,  ,88,]

[3,  ,28,  ,42,59,  ,  ,84,]
[7,14,  ,30,  ,  ,65,73,  ,]
[ ,19,  ,32,47,  ,67,79,  ,]

[ ,15,  ,31,49,50,  ,  ,82,]
[2,  ,25,  ,  ,51,  ,70,89,]
[9,18,  ,39,  ,  ,69,76,  ,]

[ ,13,24,  ,40,57,  ,  ,85,]
[ ,  ,  ,34,41,58,62,  ,90,]
[6,  ,26,  ,44,  ,66,78,  ,]

[ ,12,22,  ,46,  ,63,  ,81,]
[ ,  ,23,35,48,52,  ,  ,83,]
[1,  ,27,36,  ,  ,64,71,  ,]

[ ,11,  ,35,  ,53,60,70,  ,]
[ ,18,22,  ,44,  ,68,  ,80,]
[6,  ,26,  ,  ,56,  ,79,81,]

[4,  ,23,  ,46,  ,69,77,  ,]
[ ,14,  ,32,  ,51,  ,78,82,]
[7,19,  ,39,  ,55,  ,  ,85,]

[5,  ,24,  ,40,52,  ,  ,86,]
[8,12,  ,33,  ,  ,63,72,  ,]
[ ,17,  ,37,41,  ,64,73,  ,]

[ ,10,  ,31,45,54,  ,  ,87,]
[1,  ,27,  ,  ,57,  ,71,89,]
[9,13,  ,34,  ,  ,65,75,  ,]

[ ,16,25,  ,42,50,  ,  ,83,]
[ ,  ,  ,38,47,59,61,  ,84,]
[2,  ,28,  ,49,  ,67,74,  ,]

[ ,15,20,  ,43,  ,62,  ,88,]
[ ,  ,21,30,48,58,  ,  ,90,]
[3,  ,29,36,  ,  ,66,76,  ,]

[ ,16,  ,  ,45,  ,64,75,85,]
[ ,19,22,38,  ,51,  ,  ,87,]
[6,  ,27,  ,  ,55,66,79,  ,]

[1,  ,20,  ,47,  ,65,70,  ,]
[ ,10,  ,30,  ,56,  ,78,86,]
[9,17,  ,33,  ,57,  ,  ,90,]

[5,  ,25,  ,43,53,  ,  ,88,]
[8,13,  ,32,  ,  ,61,71,  ,]
[ ,15,  ,37,49,  ,68,76,  ,]

[ ,14,  ,31,41,50,  ,  ,84,]
[3,  ,24,  ,  ,59,  ,72,89,]
[7,18,  ,34,  ,  ,62,74,  ,]

[ ,12,23,  ,40,52,  ,  ,80,]
[ ,  ,  ,35,42,54,63,  ,83,]
[4,  ,29,  ,46,  ,69,77,  ,]

[ ,11,21,  ,44,  ,60,  ,81,]
[ ,  ,26,36,48,58,  ,  ,82,]
[2,  ,28,39,  ,  ,67,73,  ,]

[ ,  ,21,38,  ,51,  ,71,82,]
[5,10,29,  ,  ,  ,61,  ,90,]
[ ,15,  ,  ,45,59,65,73,  ,]

[3,  ,28,  ,46,  ,64,74,  ,]
[ ,14,  ,34,  ,53,  ,77,87,]
[9,18,  ,35,  ,56,  ,  ,88,]

[2,  ,26,  ,43,58,  ,  ,83,]
[8,13,  ,33,  ,  ,66,70,  ,]
[ ,17,  ,39,47,  ,67,78,  ,]

[ ,12,  ,31,48,52,  ,  ,80,]
[1,  ,23,  ,  ,57,  ,72,89,]
[4,19,  ,37,  ,  ,63,79,  ,]

[ ,16,20,  ,40,50,  ,  ,81,]
[ ,  ,  ,36,41,55,62,  ,84,]
[6,  ,24,  ,44,  ,68,76,  ,]

[ ,11,22,  ,42,  ,60,  ,85,]
[ ,  ,25,30,49,54,  ,  ,86,]
[7,  ,27,32,  ,  ,69,75,  ,]

[ ,14,  ,32,  ,51,  ,71,85,]
[9,17,22,  ,  ,  ,61,  ,87,]
[ ,  ,28,  ,44,55,68,77,  ,]

[2,  ,24,  ,48,  ,63,70,  ,]
[ ,10,  ,31,  ,50,  ,78,81,]
[3,16,  ,36,  ,56,  ,  ,90,]

[6,  ,26,  ,41,58,  ,  ,84,]
[7,11,  ,35,  ,  ,62,76,  ,]
[ ,19,  ,38,45,  ,64,79,  ,]

[ ,12,  ,33,46,53,  ,  ,80,]
[1,  ,27,  ,  ,54,  ,73,83,]
[4,18,  ,39,  ,  ,69,75,  ,]

[ ,15,23,  ,40,52,  ,  ,82,]
[ ,  ,  ,30,47,59,60,  ,88,]
[5,  ,29,  ,49,  ,65,72,  ,]

[ ,13,20,  ,42,  ,66,  ,86,]
[ ,  ,21,34,43,57,  ,  ,89,]
[8,  ,25,37,  ,  ,67,74,  ,]

[9,  ,20,  ,  ,  ,60,71,80,]
[ ,15,25,  ,44,53,  ,  ,86,]
[ ,18,  ,30,  ,58,64,75,  ,]

[2,  ,27,  ,47,  ,63,73,  ,]
[ ,10,  ,33,  ,52,  ,78,81,]
[8,16,  ,38,  ,54,  ,  ,82,]

[3,  ,23,  ,48,59,  ,  ,85,]
[6,12,  ,35,  ,  ,66,74,  ,]
[ ,17,  ,39,49,  ,69,76,  ,]

[ ,13,  ,32,42,55,  ,  ,83,]
[1,  ,26,  ,  ,57,  ,70,89,]
[7,14,  ,36,  ,  ,65,77,  ,]

[ ,11,21,  ,40,50,  ,  ,84,]
[ ,  ,  ,31,41,51,61,  ,88,]
[5,  ,29,  ,45,  ,67,79,  ,]

[ ,19,22,  ,43,  ,62,  ,87,]
[ ,  ,24,34,46,56,  ,  ,90,]
[4,  ,28,37,  ,  ,68,72,  ,]

[8,  ,26,  ,  ,55,  ,70,81,]
[ ,11,28,  ,43,  ,62,  ,90,]
[ ,16,  ,37,  ,59,69,71,  ,]

[2,  ,25,  ,44,  ,65,73,  ,]
[ ,15,  ,31,  ,52,  ,77,80,]
[5,17,  ,34,  ,54,  ,  ,88,]

[3,  ,29,  ,40,57,  ,  ,89,]
[7,13,  ,32,  ,  ,64,74,  ,]
[ ,18,  ,35,47,  ,67,78,  ,]

[ ,12,  ,33,42,56,  ,  ,84,]
[1,  ,20,  ,  ,58,  ,72,85,]
[6,14,  ,36,  ,  ,68,76,  ,]

[ ,10,21,  ,45,50,  ,  ,83,]
[ ,  ,  ,30,46,51,60,  ,87,]
[9,  ,27,  ,48,  ,61,79,  ,]

[ ,19,22,  ,41,  ,63,  ,82,]
[ ,  ,23,38,49,53,  ,  ,86,]
[4,  ,24,39,  ,  ,66,75,  ,]

[ ,  ,23,  ,49,54,64,76,  ,]
[ ,11,26,34,  ,58,  ,  ,83,]
[4,13,  ,  ,  ,  ,65,78,89,]

[1,  ,21,  ,45,  ,67,73,  ,]
[ ,14,  ,31,  ,50,  ,77,80,]
[7,17,  ,39,  ,56,  ,  ,88,]

[2,  ,27,  ,41,55,  ,  ,90,]
[8,10,  ,35,  ,  ,61,70,  ,]
[ ,12,  ,36,43,  ,68,71,  ,]

[ ,18,  ,32,44,51,  ,  ,85,]
[5,  ,20,  ,  ,53,  ,72,86,]
[6,19,  ,33,  ,  ,62,74,  ,]

[ ,16,25,  ,40,57,  ,  ,82,]
[ ,  ,  ,38,42,59,60,  ,87,]
[3,  ,29,  ,48,  ,69,75,  ,]

[ ,15,22,  ,46,  ,63,  ,81,]
[ ,  ,24,30,47,52,  ,  ,84,]
[9,  ,28,37,  ,  ,66,79,  ,]

[8,14,  ,  ,  ,51,63,76,  ,]
[ ,15,20,37,  ,58,  ,  ,81,]
[ ,  ,27,  ,48,  ,65,77,89,]

[2,  ,26,  ,49,  ,62,70,  ,]
[ ,11,  ,32,  ,53,  ,78,87,]
[7,18,  ,39,  ,57,  ,  ,90,]

[1,  ,25,  ,43,52,  ,  ,82,]
[3,13,  ,31,  ,  ,60,72,  ,]
[ ,19,  ,38,45,  ,69,74,  ,]

[ ,12,  ,33,46,55,  ,  ,83,]
[5,  ,29,  ,  ,56,  ,73,88,]
[6,16,  ,35,  ,  ,67,75,  ,]

[ ,10,21,  ,41,50,  ,  ,80,]
[ ,  ,  ,34,42,59,61,  ,84,]
[4,  ,23,  ,47,  ,64,79,  ,]

[ ,17,22,  ,40,  ,66,  ,85,]
[ ,  ,24,30,44,54,  ,  ,86,]
[9,  ,28,36,  ,  ,68,71,  ,]

[ ,15,  ,32,  ,57,  ,71,81,]
[ ,17,27,  ,45,  ,64,  ,84,]
[8,  ,29,  ,  ,59,66,78,  ,]

[4,  ,23,  ,48,  ,68,75,  ,]
[ ,10,  ,37,  ,53,  ,76,86,]
[6,11,  ,39,  ,56,  ,  ,89,]

[1,  ,24,  ,41,54,  ,  ,83,]
[9,14,  ,34,  ,  ,62,70,  ,]
[ ,18,  ,38,42,  ,69,74,  ,]

[ ,12,  ,31,43,50,  ,  ,85,]
[2,  ,28,  ,  ,58,  ,72,88,]
[5,19,  ,33,  ,  ,63,79,  ,]

[ ,13,21,  ,46,51,  ,  ,80,]
[ ,  ,  ,36,47,52,60,  ,90,]
[3,  ,22,  ,49,  ,61,73,  ,]

[ ,16,20,  ,40,  ,65,  ,82,]
[ ,  ,25,30,44,55,  ,  ,87,]
[7,  ,26,35,  ,  ,67,77,  ,]

[3,  ,27,  ,  ,50,64,72,  ,]
[ ,10,28,37,  ,54,  ,  ,83,]
[ ,17,  ,  ,45,  ,65,77,88,]

[8,  ,29,  ,46,  ,60,70,  ,]
[ ,13,  ,30,  ,51,  ,73,80,]
[9,14,  ,32,  ,57,  ,  ,89,]

[1,  ,24,  ,47,53,  ,  ,82,]
[6,12,  ,31,  ,  ,67,78,  ,]
[ ,18,  ,39,49,  ,68,79,  ,]

[ ,11,  ,34,43,52,  ,  ,84,]
[4,  ,25,  ,  ,59,  ,71,87,]
[5,19,  ,38,  ,  ,66,75,  ,]

[ ,16,21,  ,42,55,  ,  ,86,]
[ ,  ,  ,36,44,58,61,  ,90,]
[2,  ,23,  ,48,  ,62,76,  ,]

[ ,15,20,  ,40,  ,63,  ,81,]
[ ,  ,22,33,41,56,  ,  ,85,]
[7,  ,26,35,  ,  ,69,74,  ,]

[ ,  ,21,  ,48,50,67,70,  ,]
[2,13,26,  ,  ,  ,68,  ,84,]
[ ,16,  ,32,  ,51,  ,76,89,]

[1,  ,25,  ,40,  ,66,71,  ,]
[ ,12,  ,30,  ,52,  ,77,80,]
[8,17,  ,39,  ,59,  ,  ,88,]

[4,  ,27,  ,43,57,  ,  ,83,]
[5,10,  ,31,  ,  ,60,75,  ,]
[ ,14,  ,33,44,  ,69,79,  ,]

[ ,11,  ,34,42,54,  ,  ,86,]
[6,  ,29,  ,  ,56,  ,73,87,]
[7,18,  ,38,  ,  ,63,74,  ,]

[ ,19,22,  ,41,53,  ,  ,85,]
[ ,  ,  ,36,45,58,62,  ,90,]
[9,  ,24,  ,47,  ,64,72,  ,]

[ ,15,20,  ,46,  ,61,  ,81,]
[ ,  ,23,35,49,55,  ,  ,82,]
[3,  ,28,37,  ,  ,65,78,  ,]

[ ,18,  ,  ,47,56,  ,74,80,]
[2,19,20,  ,  ,  ,63,  ,84,]
[ ,  ,28,35,  ,57,65,75,  ,]

[5,  ,22,  ,45,  ,68,76,  ,]
[ ,15,  ,32,  ,52,  ,78,82,]
[9,16,  ,33,  ,53,  ,  ,90,]

[4,  ,25,  ,40,59,  ,  ,87,]
[8,12,  ,30,  ,  ,64,73,  ,]
[ ,14,  ,39,42,  ,66,79,  ,]

[ ,11,  ,34,48,51,  ,  ,81,]
[3,  ,23,  ,  ,58,  ,71,86,]
[7,13,  ,37,  ,  ,62,72,  ,]

[ ,10,26,  ,41,50,  ,  ,85,]
[ ,  ,  ,38,44,55,60,  ,88,]
[6,  ,27,  ,49,  ,61,70,  ,]

[ ,17,21,  ,43,  ,67,  ,83,]
[ ,  ,24,31,46,54,  ,  ,89,]
[1,  ,29,36,  ,  ,69,77,  ,]

[ ,  ,22,  ,48,51,  ,75,85,]
[ ,10,26,32,  ,54,61,  ,  ,]
[3,19,  ,  ,  ,  ,68,77,89,]

[7,  ,24,  ,43,  ,65,78,  ,]
[ ,15,  ,34,  ,56,  ,79,83,]
[9,17,  ,39,  ,58,  ,  ,88,]

[1,  ,29,  ,44,57,  ,  ,87,]
[5,13,  ,35,  ,  ,60,70,  ,]
[ ,16,  ,36,46,  ,64,73,  ,]

[ ,11,  ,31,47,50,  ,  ,84,]
[2,  ,27,  ,  ,52,  ,72,90,]
[6,12,  ,37,  ,  ,63,76,  ,]

[ ,18,20,  ,41,53,  ,  ,80,]
[ ,  ,  ,30,42,55,66,  ,82,]
[8,  ,21,  ,49,  ,67,74,  ,]

[ ,14,23,  ,40,  ,62,  ,81,]
[ ,  ,25,33,45,59,  ,  ,86,]
[4,  ,28,38,  ,  ,69,71,  ,]

[ ,  ,22,30,  ,57,  ,73,83,]
[4,12,29,  ,  ,59,67,  ,  ,]
[ ,17,  ,  ,41,  ,68,79,85,]

[1,  ,21,  ,47,  ,66,71,  ,]
[ ,16,  ,33,  ,51,  ,75,84,]
[2,19,  ,34,  ,53,  ,  ,90,]

[3,  ,25,  ,43,58,  ,  ,87,]
[6,10,  ,32,  ,  ,62,76,  ,]
[ ,14,  ,35,44,  ,69,77,  ,]

[ ,11,  ,37,45,50,  ,  ,81,]
[5,  ,20,  ,  ,52,  ,70,82,]
[7,18,  ,38,  ,  ,61,74,  ,]

[ ,15,27,  ,40,55,  ,  ,80,]
[ ,  ,  ,31,46,56,60,  ,88,]
[9,  ,28,  ,48,  ,65,78,  ,]

[ ,13,23,  ,42,  ,63,  ,86,]
[ ,  ,24,36,49,54,  ,  ,89,]
[8,  ,26,39,  ,  ,64,72,  ,]

[3,  ,24,  ,  ,50,  ,70,82,]
[ ,13,28,  ,49,52,60,  ,  ,]
[ ,15,  ,38,  ,  ,65,78,83,]

[1,  ,26,  ,40,  ,66,75,  ,]
[ ,10,  ,32,  ,57,  ,77,87,]
[4,11,  ,36,  ,59,  ,  ,90,]

[2,  ,20,  ,42,53,  ,  ,80,]
[7,14,  ,35,  ,  ,67,71,  ,]
[ ,17,  ,37,47,  ,68,79,  ,]

[ ,12,  ,30,41,55,  ,  ,81,]
[8,  ,27,  ,  ,58,  ,74,89,]
[9,19,  ,31,  ,  ,64,76,  ,]

[ ,16,21,  ,43,54,  ,  ,85,]
[ ,  ,  ,34,45,56,61,  ,88,]
[5,  ,25,  ,46,  ,69,72,  ,]

[ ,18,22,  ,44,  ,62,  ,84,]
[ ,  ,23,33,48,51,  ,  ,86,]
[6,  ,29,39,  ,  ,63,73,  ,]

[ ,18,  ,  ,47,54,61,71,  ,]
[8,19,20,  ,  ,  ,63,  ,83,]
[ ,  ,25,39,  ,55,  ,75,88,]

[3,  ,24,  ,44,  ,64,73,  ,]
[ ,11,  ,34,  ,53,  ,76,82,]
[5,13,  ,35,  ,57,  ,  ,84,]

[2,  ,26,  ,41,59,  ,  ,85,]
[6,14,  ,30,  ,  ,60,70,  ,]
[ ,17,  ,31,42,  ,66,72,  ,]

[ ,15,  ,37,40,50,  ,  ,86,]
[1,  ,23,  ,  ,56,  ,74,90,]
[7,16,  ,38,  ,  ,67,77,  ,]

[ ,10,22,  ,43,51,  ,  ,87,]
[ ,  ,  ,33,46,52,65,  ,89,]
[9,  ,29,  ,48,  ,69,78,  ,]

[ ,12,21,  ,45,  ,62,  ,80,]
[ ,  ,27,32,49,58,  ,  ,81,]
[4,  ,28,36,  ,  ,68,79,  ,]

[8,  ,25,  ,  ,  ,65,70,81,]
[ ,14,26,31,  ,54,67,  ,  ,]
[ ,19,  ,  ,46,55,  ,72,84,]

[7,  ,20,  ,40,  ,63,74,  ,]
[ ,10,  ,33,  ,53,  ,76,87,]
[9,11,  ,39,  ,59,  ,  ,88,]

[1,  ,28,  ,43,57,  ,  ,90,]
[4,12,  ,32,  ,  ,61,73,  ,]
[ ,17,  ,36,47,  ,69,79,  ,]

[ ,16,  ,35,49,51,  ,  ,82,]
[3,  ,29,  ,  ,52,  ,77,86,]
[6,18,  ,38,  ,  ,64,78,  ,]

[ ,13,22,  ,42,56,  ,  ,80,]
[ ,  ,  ,30,44,58,60,  ,83,]
[5,  ,23,  ,48,  ,66,71,  ,]

[ ,15,21,  ,41,  ,62,  ,85,]
[ ,  ,24,34,45,50,  ,  ,89,]
[2,  ,27,37,  ,  ,68,75,  ,]

[ ,12,  ,  ,48,  ,60,70,86,]
[ ,15,27,37,  ,52,  ,  ,89,]
[3,  ,29,  ,  ,54,69,73,  ,]

[1,  ,22,  ,41,  ,67,72,  ,]
[ ,11,  ,30,  ,56,  ,74,80,]
[2,14,  ,38,  ,59,  ,  ,81,]

[8,  ,21,  ,42,57,  ,  ,83,]
[9,16,  ,33,  ,  ,65,71,  ,]
[ ,19,  ,39,44,  ,66,76,  ,]

[ ,10,  ,35,43,51,  ,  ,82,]
[4,  ,20,  ,  ,58,  ,75,87,]
[7,13,  ,36,  ,  ,63,77,  ,]

[ ,18,24,  ,45,53,  ,  ,84,]
[ ,  ,  ,32,46,55,61,  ,88,]
[6,  ,26,  ,49,  ,64,78,  ,]

[ ,17,23,  ,40,  ,62,  ,85,]
[ ,  ,25,31,47,50,  ,  ,90,]
[5,  ,28,34,  ,  ,68,79,  ,]

[ ,13,  ,32,  ,52,  ,75,82,]
[ ,18,22,  ,49,  ,60,  ,84,]
[7,  ,23,  ,  ,55,67,77,  ,]

[4,  ,24,  ,42,  ,65,74,  ,]
[ ,17,  ,30,  ,50,  ,78,80,]
[6,19,  ,31,  ,54,  ,  ,87,]

[1,  ,20,  ,41,57,  ,  ,81,]
[8,14,  ,36,  ,  ,64,70,  ,]
[ ,15,  ,38,43,  ,68,73,  ,]

[ ,10,  ,37,45,56,  ,  ,86,]
[2,  ,27,  ,  ,58,  ,72,88,]
[9,16,  ,39,  ,  ,61,76,  ,]

[ ,12,26,  ,44,53,  ,  ,83,]
[ ,  ,  ,33,46,59,62,  ,90,]
[5,  ,28,  ,48,  ,66,71,  ,]

[ ,11,21,  ,40,  ,63,  ,85,]
[ ,  ,25,34,47,51,  ,  ,89,]
[3,  ,29,35,  ,  ,69,79,  ,]

[ ,  ,26,33,  ,  ,60,74,81,]
[1,12,27,  ,  ,52,  ,  ,86,]
[ ,14,  ,  ,47,56,62,75,  ,]

[2,  ,20,  ,49,  ,63,72,  ,]
[ ,10,  ,34,  ,51,  ,77,80,]
[8,19,  ,38,  ,59,  ,  ,88,]

[5,  ,24,  ,46,53,  ,  ,90,]
[9,11,  ,30,  ,  ,64,71,  ,]
[ ,13,  ,36,48,  ,67,78,  ,]

[ ,15,  ,31,43,55,  ,  ,85,]
[4,  ,29,  ,  ,57,  ,73,87,]
[7,17,  ,32,  ,  ,69,79,  ,]

[ ,18,21,  ,40,50,  ,  ,82,]
[ ,  ,  ,39,42,58,61,  ,84,]
[6,  ,22,  ,45,  ,68,76,  ,]

[ ,16,23,  ,41,  ,65,  ,83,]
[ ,  ,25,35,44,54,  ,  ,89,]
[3,  ,28,37,  ,  ,66,70,  ,]

[3,10,  ,  ,  ,50,  ,71,82,]
[ ,16,21,36,  ,56,66,  ,  ,]
[ ,  ,22,  ,44,  ,69,73,83,]

[4,  ,26,  ,43,  ,60,72,  ,]
[ ,12,  ,35,  ,54,  ,75,87,]
[6,14,  ,38,  ,58,  ,  ,90,]

[7,  ,28,  ,45,59,  ,  ,84,]
[8,11,  ,32,  ,  ,63,70,  ,]
[ ,15,  ,33,46,  ,68,74,  ,]

[ ,18,  ,31,42,52,  ,  ,85,]
[5,  ,23,  ,  ,57,  ,77,89,]
[9,19,  ,34,  ,  ,62,78,  ,]

[ ,17,20,  ,40,51,  ,  ,81,]
[ ,  ,  ,37,41,55,61,  ,88,]
[2,  ,24,  ,48,  ,65,79,  ,]

[ ,13,25,  ,47,  ,64,  ,80,]
[ ,  ,27,30,49,53,  ,  ,86,]
[1,  ,29,39,  ,  ,67,76,  ,]

[ ,12,  ,  ,47,50,68,75,  ,]
[7,18,22,  ,  ,  ,69,  ,80,]
[ ,  ,27,32,  ,57,  ,76,87,]

[6,  ,20,  ,40,  ,66,71,  ,]
[ ,13,  ,33,  ,51,  ,79,84,]
[9,16,  ,38,  ,52,  ,  ,88,]

[1,  ,26,  ,41,55,  ,  ,82,]
[2,14,  ,30,  ,  ,61,72,  ,]
[ ,15,  ,31,42,  ,65,74,  ,]

[ ,17,  ,36,45,56,  ,  ,81,]
[3,  ,28,  ,  ,58,  ,73,90,]
[8,19,  ,37,  ,  ,62,78,  ,]

[ ,11,23,  ,43,53,  ,  ,85,]
[ ,  ,  ,39,48,59,64,  ,89,]
[4,  ,29,  ,49,  ,67,70,  ,]

[ ,10,21,  ,44,  ,60,  ,83,]
[ ,  ,24,34,46,54,  ,  ,86,]
[5,  ,25,35,  ,  ,63,77,  ,]

[7,17,  ,  ,  ,50,61,72,  ,]
[ ,18,25,  ,42,  ,64,  ,84,]
[ ,  ,28,39,  ,57,  ,75,87,]

[5,  ,26,  ,44,  ,68,73,  ,]
[ ,11,  ,36,  ,53,  ,74,82,]
[8,12,  ,38,  ,55,  ,  ,88,]

[1,  ,21,  ,41,51,  ,  ,90,]
[6,14,  ,31,  ,  ,62,71,  ,]
[ ,15,  ,34,49,  ,63,76,  ,]

[ ,13,  ,32,46,52,  ,  ,81,]
[3,  ,27,  ,  ,59,  ,78,86,]
[4,19,  ,33,  ,  ,67,79,  ,]

[ ,10,20,  ,40,54,  ,  ,80,]
[ ,  ,  ,35,45,56,60,  ,85,]
[9,  ,24,  ,47,  ,66,77,  ,]

[ ,16,22,  ,43,  ,65,  ,83,]
[ ,  ,23,30,48,58,  ,  ,89,]
[2,  ,29,37,  ,  ,69,70,  ,]

[ ,  ,25,  ,44,53,  ,71,87,]
[4,12,29,  ,  ,  ,66,  ,90,]
[ ,17,  ,30,  ,55,68,75,  ,]

[1,  ,26,  ,41,  ,67,77,  ,]
[ ,11,  ,31,  ,54,  ,78,82,]
[3,19,  ,39,  ,56,  ,  ,86,]

[6,  ,27,  ,40,50,  ,  ,81,]
[7,13,  ,33,  ,  ,60,74,  ,]
[ ,14,  ,37,46,  ,61,76,  ,]

[ ,10,  ,32,48,52,  ,  ,83,]
[5,  ,23,  ,  ,59,  ,72,84,]
[8,15,  ,35,  ,  ,64,73,  ,]

[ ,16,22,  ,42,51,  ,  ,80,]
[ ,  ,  ,36,43,57,62,  ,88,]
[9,  ,24,  ,45,  ,69,79,  ,]

[ ,18,20,  ,47,  ,63,  ,85,]
[ ,  ,21,34,49,58,  ,  ,89,]
[2,  ,28,38,  ,  ,65,70,  ,]

[ ,  ,20,36,  ,54,  ,72,82,]
[ ,17,27,  ,40,  ,63,  ,90,]
[6,18,  ,  ,  ,56,68,74,  ,]

[3,  ,21,  ,47,  ,66,73,  ,]
[ ,10,  ,30,  ,50,  ,76,86,]
[5,11,  ,31,  ,53,  ,  ,87,]

[7,  ,29,  ,41,58,  ,  ,83,]
[8,12,  ,33,  ,  ,62,78,  ,]
[ ,15,  ,39,48,  ,64,79,  ,]

[ ,13,  ,32,46,52,  ,  ,81,]
[1,  ,24,  ,  ,59,  ,70,88,]
[4,14,  ,35,  ,  ,67,71,  ,]

[ ,19,23,  ,42,51,  ,  ,84,]
[ ,  ,  ,34,44,57,60,  ,89,]
[9,  ,26,  ,45,  ,69,77,  ,]

[ ,16,22,  ,43,  ,61,  ,80,]
[ ,  ,25,37,49,55,  ,  ,85,]
[2,  ,28,38,  ,  ,65,75,  ,]

[ ,14,  ,32,  ,51,67,70,  ,]
[1,16,23,  ,  ,  ,69,  ,81,]
[ ,  ,26,  ,40,55,  ,71,90,]

[3,  ,27,  ,44,  ,60,75,  ,]
[ ,12,  ,31,  ,52,  ,79,83,]
[4,18,  ,37,  ,58,  ,  ,88,]

[2,  ,29,  ,45,53,  ,  ,87,]
[6,13,  ,33,  ,  ,62,72,  ,]
[ ,19,  ,34,47,  ,68,73,  ,]

[ ,10,  ,35,43,50,  ,  ,80,]
[7,  ,28,  ,  ,56,  ,74,82,]
[8,15,  ,38,  ,  ,65,76,  ,]

[ ,11,22,  ,42,57,  ,  ,84,]
[ ,  ,  ,39,46,59,61,  ,86,]
[9,  ,24,  ,49,  ,63,78,  ,]

[ ,17,20,  ,41,  ,64,  ,85,]
[ ,  ,21,30,48,54,  ,  ,89,]
[5,  ,25,36,  ,  ,66,77,  ,]

[ ,  ,21,35,  ,52,  ,77,82,]
[ ,10,26,  ,48,54,65,  ,  ,]
[5,13,  ,  ,  ,  ,67,79,90,]

[2,  ,23,  ,40,  ,61,73,  ,]
[ ,16,  ,31,  ,53,  ,76,88,]
[6,19,  ,37,  ,57,  ,  ,89,]

[1,  ,29,  ,43,51,  ,  ,86,]
[8,11,  ,34,  ,  ,62,74,  ,]
[ ,18,  ,36,44,  ,64,78,  ,]

[ ,14,  ,30,47,50,  ,  ,85,]
[7,  ,25,  ,  ,56,  ,70,87,]
[9,17,  ,32,  ,  ,63,75,  ,]

[ ,15,22,  ,41,55,  ,  ,81,]
[ ,  ,  ,39,42,58,60,  ,83,]
[3,  ,27,  ,49,  ,69,72,  ,]

[ ,12,20,  ,45,  ,66,  ,80,]
[ ,  ,24,33,46,59,  ,  ,84,]
[4,  ,28,38,  ,  ,68,71,  ,]

[7,  ,22,  ,  ,  ,60,78,84,]
[ ,18,24,37,  ,54,  ,  ,88,]
[ ,19,  ,  ,46,58,69,79,  ,]

[3,  ,26,  ,49,  ,62,70,  ,]
[ ,11,  ,34,  ,50,  ,73,81,]
[8,17,  ,38,  ,52,  ,  ,90,]

[1,  ,21,  ,45,57,  ,  ,89,]
[2,10,  ,30,  ,  ,65,71,  ,]
[ ,14,  ,35,47,  ,66,75,  ,]

[ ,13,  ,31,48,55,  ,  ,82,]
[5,  ,25,  ,  ,56,  ,74,85,]
[9,16,  ,39,  ,  ,67,77,  ,]

[ ,12,20,  ,40,53,  ,  ,83,]
[ ,  ,  ,32,42,59,63,  ,86,]
[6,  ,23,  ,43,  ,64,76,  ,]

[ ,15,27,  ,41,  ,61,  ,80,]
[ ,  ,28,33,44,51,  ,  ,87,]
[4,  ,29,36,  ,  ,68,72,  ,]

[ ,  ,24,37,  ,53,60,72,  ,]
[ ,12,26,  ,44,59,  ,  ,80,]
[8,16,  ,  ,  ,  ,65,73,86,]

[5,  ,25,  ,43,  ,67,71,  ,]
[ ,14,  ,31,  ,51,  ,77,88,]
[7,15,  ,33,  ,54,  ,  ,89,]

[1,  ,29,  ,45,55,  ,  ,83,]
[9,17,  ,36,  ,  ,66,78,  ,]
[ ,18,  ,38,47,  ,69,79,  ,]

[ ,11,  ,35,48,56,  ,  ,82,]
[4,  ,22,  ,  ,57,  ,70,84,]
[6,13,  ,39,  ,  ,64,75,  ,]

[ ,19,20,  ,41,52,  ,  ,85,]
[ ,  ,  ,34,46,58,61,  ,90,]
[3,  ,21,  ,49,  ,68,74,  ,]

[ ,10,23,  ,40,  ,62,  ,81,]
[ ,  ,27,30,42,50,  ,  ,87,]
[2,  ,28,32,  ,  ,63,76,  ,]

[ ,15,  ,  ,44,53,64,73,  ,]
[ ,19,25,36,  ,57,  ,  ,80,]
[7,  ,27,  ,  ,  ,68,74,82,]

[8,  ,29,  ,40,  ,65,75,  ,]
[ ,13,  ,31,  ,52,  ,79,85,]
[9,16,  ,37,  ,58,  ,  ,90,]

[1,  ,23,  ,48,50,  ,  ,81,]
[6,14,  ,32,  ,  ,62,70,  ,]
[ ,17,  ,38,49,  ,69,72,  ,]

[ ,10,  ,30,47,54,  ,  ,86,]
[2,  ,21,  ,  ,55,  ,71,89,]
[3,18,  ,34,  ,  ,67,77,  ,]

[ ,11,22,  ,42,56,  ,  ,84,]
[ ,  ,  ,39,45,59,63,  ,87,]
[5,  ,28,  ,46,  ,66,76,  ,]

[ ,12,20,  ,41,  ,60,  ,83,]
[ ,  ,24,33,43,51,  ,  ,88,]
[4,  ,26,35,  ,  ,61,78,  ,]

[ ,  ,20,  ,41,55,62,71,  ,]
[6,17,24,  ,  ,  ,65,  ,80,]
[ ,18,  ,34,  ,59,  ,74,86,]

[1,  ,27,  ,40,  ,66,72,  ,]
[ ,11,  ,32,  ,50,  ,75,81,]
[7,16,  ,35,  ,54,  ,  ,85,]

[5,  ,29,  ,45,58,  ,  ,90,]
[9,13,  ,31,  ,  ,60,70,  ,]
[ ,15,  ,33,48,  ,64,73,  ,]

[ ,10,  ,38,46,53,  ,  ,82,]
[2,  ,26,  ,  ,56,  ,78,84,]
[4,14,  ,39,  ,  ,68,79,  ,]

[ ,12,23,  ,43,52,  ,  ,83,]
[ ,  ,  ,37,44,57,63,  ,88,]
[8,  ,28,  ,47,  ,69,77,  ,]

[ ,19,21,  ,42,  ,61,  ,87,]
[ ,  ,22,30,49,51,  ,  ,89,]
[3,  ,25,36,  ,  ,67,76,  ,]

[6,11,  ,  ,  ,57,  ,74,86,]
[ ,13,21,32,  ,  ,61,  ,90,]
[ ,  ,25,  ,44,58,65,78,  ,]

[5,  ,28,  ,42,  ,60,72,  ,]
[ ,12,  ,30,  ,51,  ,73,85,]
[9,16,  ,36,  ,52,  ,  ,87,]

[3,  ,24,  ,46,55,  ,  ,82,]
[4,18,  ,33,  ,  ,62,70,  ,]
[ ,19,  ,38,49,  ,66,75,  ,]

[ ,14,  ,37,45,50,  ,  ,83,]
[1,  ,27,  ,  ,56,  ,71,89,]
[8,17,  ,39,  ,  ,68,79,  ,]

[ ,10,26,  ,41,53,  ,  ,81,]
[ ,  ,  ,34,43,54,63,  ,88,]
[7,  ,29,  ,48,  ,69,77,  ,]

[ ,15,20,  ,40,  ,64,  ,80,]
[ ,  ,22,31,47,59,  ,  ,84,]
[2,  ,23,35,  ,  ,67,76,  ,]

[ ,14,  ,31,  ,  ,63,72,81,]
[ ,15,27,  ,40,50,64,  ,  ,]
[7,  ,28,  ,  ,55,  ,78,82,]

[2,  ,29,  ,43,  ,62,70,  ,]
[ ,10,  ,33,  ,54,  ,74,83,]
[4,13,  ,36,  ,58,  ,  ,88,]

[5,  ,26,  ,45,56,  ,  ,86,]
[6,17,  ,32,  ,  ,60,76,  ,]
[ ,19,  ,39,49,  ,66,79,  ,]

[ ,12,  ,35,44,51,  ,  ,84,]
[3,  ,22,  ,  ,59,  ,71,85,]
[9,18,  ,38,  ,  ,61,77,  ,]

[ ,16,20,  ,42,52,  ,  ,87,]
[ ,  ,  ,30,47,53,65,  ,89,]
[8,  ,21,  ,48,  ,67,73,  ,]

[ ,11,23,  ,41,  ,68,  ,80,]
[ ,  ,24,34,46,57,  ,  ,90,]
[1,  ,25,37,  ,  ,69,75,  ,]

[ ,10,  ,32,  ,  ,62,74,87,]
[ ,14,23,  ,44,52,69,  ,  ,]
[3,  ,26,  ,  ,57,  ,76,90,]

[6,  ,27,  ,40,  ,63,71,  ,]
[ ,11,  ,34,  ,50,  ,73,83,]
[9,12,  ,38,  ,59,  ,  ,86,]

[5,  ,20,  ,42,53,  ,  ,82,]
[8,18,  ,37,  ,  ,65,75,  ,]
[ ,19,  ,39,46,  ,66,77,  ,]

[ ,13,  ,33,47,55,  ,  ,80,]
[1,  ,24,  ,  ,56,  ,70,88,]
[2,16,  ,35,  ,  ,68,79,  ,]

[ ,17,21,  ,41,51,  ,  ,81,]
[ ,  ,  ,36,43,58,61,  ,89,]
[4,  ,25,  ,45,  ,67,72,  ,]

[ ,15,22,  ,48,  ,60,  ,84,]
[ ,  ,28,30,49,54,  ,  ,85,]
[7,  ,29,31,  ,  ,64,78,  ,]

[ ,11,  ,32,  ,  ,60,73,87,]
[8,19,21,  ,  ,53,64,  ,  ,]
[ ,  ,25,  ,49,57,  ,77,89,]

[7,  ,20,  ,40,  ,69,75,  ,]
[ ,13,  ,31,  ,52,  ,78,81,]
[9,16,  ,39,  ,55,  ,  ,82,]

[3,  ,22,  ,43,50,  ,  ,84,]
[5,14,  ,35,  ,  ,65,70,  ,]
[ ,15,  ,38,46,  ,68,79,  ,]

[ ,10,  ,30,41,54,  ,  ,80,]
[1,  ,29,  ,  ,59,  ,74,90,]
[4,17,  ,34,  ,  ,67,76,  ,]

[ ,18,23,  ,44,51,  ,  ,83,]
[ ,  ,  ,36,45,56,63,  ,86,]
[6,  ,28,  ,47,  ,66,71,  ,]

[ ,12,24,  ,42,  ,61,  ,85,]
[ ,  ,26,33,48,58,  ,  ,88,]
[2,  ,27,37,  ,  ,62,72,  ,]

[ ,11,  ,32,  ,  ,66,72,83,]
[ ,17,20,  ,41,53,  ,  ,85,]
[1,  ,29,  ,  ,57,68,73,  ,]

[7,  ,28,  ,46,  ,64,71,  ,]
[ ,14,  ,33,  ,51,  ,78,82,]
[9,16,  ,35,  ,54,  ,  ,86,]

[4,  ,25,  ,45,58,  ,  ,80,]
[6,18,  ,31,  ,  ,62,74,  ,]
[ ,19,  ,37,47,  ,65,76,  ,]

[ ,10,  ,30,49,55,  ,  ,81,]
[2,  ,22,  ,  ,59,  ,70,89,]
[3,12,  ,39,  ,  ,63,77,  ,]

[ ,15,24,  ,40,50,  ,  ,87,]
[ ,  ,  ,34,42,56,60,  ,90,]
[5,  ,27,  ,44,  ,67,79,  ,]

[ ,13,21,  ,43,  ,61,  ,84,]
[ ,  ,23,36,48,52,  ,  ,88,]
[8,  ,26,38,  ,  ,69,75,  ,]

[5,  ,23,  ,  ,  ,61,71,83,]
[ ,11,25,  ,42,57,  ,  ,89,]
[ ,16,  ,33,  ,58,62,74,  ,]

[4,  ,24,  ,40,  ,66,78,  ,]
[ ,13,  ,35,  ,51,  ,79,85,]
[9,19,  ,38,  ,59,  ,  ,86,]

[1,  ,22,  ,43,50,  ,  ,84,]
[8,12,  ,32,  ,  ,60,72,  ,]
[ ,18,  ,34,46,  ,67,76,  ,]

[ ,14,  ,31,48,54,  ,  ,81,]
[3,  ,20,  ,  ,55,  ,70,90,]
[7,15,  ,37,  ,  ,65,75,  ,]

[ ,10,21,  ,41,52,  ,  ,80,]
[ ,  ,  ,36,45,56,64,  ,88,]
[6,  ,29,  ,49,  ,69,77,  ,]

[ ,17,26,  ,44,  ,63,  ,82,]
[ ,  ,27,30,47,53,  ,  ,87,]
[2,  ,28,39,  ,  ,68,73,  ,]

[1,  ,20,  ,  ,50,67,75,  ,]
[ ,10,21,38,  ,  ,68,  ,86,]
[ ,12,  ,  ,48,53,  ,76,89,]

[8,  ,26,  ,42,  ,63,73,  ,]
[ ,14,  ,30,  ,55,  ,78,83,]
[9,17,  ,39,  ,56,  ,  ,87,]

[6,  ,29,  ,43,58,  ,  ,88,]
[7,13,  ,32,  ,  ,60,70,  ,]
[ ,15,  ,37,44,  ,62,71,  ,]

[ ,11,  ,34,41,57,  ,  ,80,]
[2,  ,27,  ,  ,59,  ,74,84,]
[3,19,  ,35,  ,  ,66,79,  ,]

[ ,16,24,  ,40,51,  ,  ,81,]
[ ,  ,  ,33,45,52,61,  ,90,]
[4,  ,25,  ,46,  ,65,77,  ,]

[ ,18,22,  ,47,  ,64,  ,82,]
[ ,  ,23,31,49,54,  ,  ,85,]
[5,  ,28,36,  ,  ,69,72,  ,]

[ ,15,  ,  ,48,55,64,72,  ,]
[ ,17,22,31,  ,  ,66,  ,81,]
[9,  ,26,  ,  ,58,  ,74,83,]

[6,  ,21,  ,41,  ,61,71,  ,]
[ ,13,  ,30,  ,53,  ,73,80,]
[8,14,  ,33,  ,54,  ,  ,84,]

[4,  ,23,  ,40,52,  ,  ,86,]
[7,11,  ,36,  ,  ,60,75,  ,]
[ ,19,  ,39,44,  ,63,78,  ,]

[ ,16,  ,34,43,50,  ,  ,82,]
[1,  ,20,  ,  ,59,  ,76,88,]
[2,18,  ,38,  ,  ,69,79,  ,]

[ ,10,27,  ,42,51,  ,  ,89,]
[ ,  ,  ,35,46,57,62,  ,90,]
[5,  ,29,  ,49,  ,68,77,  ,]

[ ,12,24,  ,45,  ,65,  ,85,]
[ ,  ,25,32,47,56,  ,  ,87,]
[3,  ,28,37,  ,  ,67,70,  ,]

[1,14,  ,  ,  ,55,63,70,  ,]
[ ,17,21,34,  ,  ,64,  ,85,]
[ ,  ,23,  ,48,56,  ,73,88,]

[7,  ,22,  ,41,  ,65,71,  ,]
[ ,12,  ,30,  ,54,  ,75,81,]
[8,19,  ,35,  ,58,  ,  ,82,]

[2,  ,26,  ,42,51,  ,  ,83,]
[5,11,  ,33,  ,  ,60,74,  ,]
[ ,13,  ,36,43,  ,68,79,  ,]

[ ,15,  ,31,40,52,  ,  ,84,]
[4,  ,27,  ,  ,57,  ,76,89,]
[6,16,  ,39,  ,  ,62,77,  ,]

[ ,10,20,  ,45,53,  ,  ,80,]
[ ,  ,  ,32,47,59,61,  ,90,]
[3,  ,25,  ,49,  ,67,72,  ,]

[ ,18,24,  ,44,  ,66,  ,86,]
[ ,  ,28,37,46,50,  ,  ,87,]
[9,  ,29,38,  ,  ,69,78,  ,]

[ ,  ,20,36,  ,51,64,71,  ,]
[ ,11,26,  ,40,56,  ,  ,80,]
[2,19,  ,  ,  ,  ,65,75,84,]

[1,  ,29,  ,49,  ,66,72,  ,]
[ ,12,  ,33,  ,54,  ,74,88,]
[9,13,  ,39,  ,55,  ,  ,90,]

[5,  ,24,  ,46,53,  ,  ,82,]
[6,10,  ,31,  ,  ,60,77,  ,]
[ ,18,  ,35,48,  ,63,78,  ,]

[ ,14,  ,30,42,57,  ,  ,81,]
[4,  ,23,  ,  ,58,  ,70,83,]
[7,17,  ,34,  ,  ,67,79,  ,]

[ ,16,22,  ,43,50,  ,  ,87,]
[ ,  ,  ,37,45,59,61,  ,89,]
[8,  ,28,  ,47,  ,68,73,  ,]

[ ,15,21,  ,41,  ,62,  ,85,]
[ ,  ,25,32,44,52,  ,  ,86,]
[3,  ,27,38,  ,  ,69,76,  ,]

[ ,  ,21,39,  ,  ,60,78,81,]
[ ,14,26,  ,41,51,61,  ,  ,]
[9,19,  ,  ,  ,55,  ,79,85,]

[1,  ,23,  ,45,  ,65,73,  ,]
[ ,12,  ,33,  ,52,  ,76,82,]
[6,18,  ,34,  ,59,  ,  ,88,]

[2,  ,29,  ,44,57,  ,  ,89,]
[7,11,  ,31,  ,  ,66,74,  ,]
[ ,17,  ,32,47,  ,67,75,  ,]

[ ,13,  ,35,49,53,  ,  ,84,]
[4,  ,24,  ,  ,54,  ,71,86,]
[5,15,  ,36,  ,  ,68,77,  ,]

[ ,10,22,  ,42,50,  ,  ,87,]
[ ,  ,  ,38,43,58,62,  ,90,]
[8,  ,28,  ,48,  ,63,70,  ,]

[ ,16,20,  ,40,  ,64,  ,80,]
[ ,  ,25,30,46,56,  ,  ,83,]
[3,  ,27,37,  ,  ,69,72,  ,]

[ ,  ,25,  ,45,51,64,76,  ,]
[3,10,27,  ,  ,56,  ,  ,80,]
[ ,16,  ,31,  ,  ,65,79,81,]

[1,  ,26,  ,46,  ,61,72,  ,]
[ ,11,  ,36,  ,52,  ,78,89,]
[6,18,  ,39,  ,57,  ,  ,90,]

[5,  ,23,  ,43,50,  ,  ,87,]
[8,14,  ,30,  ,  ,60,70,  ,]
[ ,17,  ,37,47,  ,63,77,  ,]

[ ,12,  ,34,49,54,  ,  ,82,]
[7,  ,20,  ,  ,58,  ,73,83,]
[9,15,  ,35,  ,  ,69,75,  ,]

[ ,19,22,  ,41,53,  ,  ,85,]
[ ,  ,  ,33,42,55,62,  ,86,]
[2,  ,29,  ,48,  ,67,71,  ,]

[ ,13,21,  ,40,  ,66,  ,84,]
[ ,  ,24,32,44,59,  ,  ,88,]
[4,  ,28,38,  ,  ,68,74,  ,]

[ ,  ,28,39,  ,53,  ,70,86,]
[ ,10,29,  ,49,56,63,  ,  ,]
[7,18,  ,  ,  ,  ,67,74,87,]

[2,  ,21,  ,44,  ,62,73,  ,]
[ ,16,  ,33,  ,57,  ,78,82,]
[9,19,  ,37,  ,59,  ,  ,84,]

[3,  ,20,  ,43,54,  ,  ,80,]
[8,12,  ,34,  ,  ,60,76,  ,]
[ ,14,  ,38,47,  ,64,77,  ,]

[ ,13,  ,30,45,51,  ,  ,81,]
[1,  ,25,  ,  ,55,  ,72,85,]
[4,17,  ,35,  ,  ,65,75,  ,]

[ ,15,23,  ,42,50,  ,  ,88,]
[ ,  ,  ,36,46,58,61,  ,89,]
[6,  ,26,  ,48,  ,66,71,  ,]

[ ,11,22,  ,40,  ,68,  ,83,]
[ ,  ,24,31,41,52,  ,  ,90,]
[5,  ,27,32,  ,  ,69,79,  ,]

[ ,  ,20,35,  ,55,65,73,  ,]
[4,11,25,  ,  ,56,  ,  ,82,]
[ ,19,  ,  ,43,  ,67,76,89,]

[2,  ,24,  ,46,  ,66,72,  ,]
[ ,12,  ,31,  ,52,  ,79,87,]
[3,14,  ,34,  ,58,  ,  ,88,]

[1,  ,23,  ,45,59,  ,  ,85,]
[5,10,  ,37,  ,  ,60,70,  ,]
[ ,15,  ,39,49,  ,64,75,  ,]

[ ,13,  ,30,44,54,  ,  ,84,]
[8,  ,26,  ,  ,57,  ,71,90,]
[9,18,  ,38,  ,  ,61,74,  ,]

[ ,16,21,  ,42,51,  ,  ,83,]
[ ,  ,  ,33,47,53,62,  ,86,]
[6,  ,22,  ,48,  ,63,77,  ,]

[ ,17,27,  ,40,  ,68,  ,80,]
[ ,  ,28,32,41,50,  ,  ,81,]
[7,  ,29,36,  ,  ,69,78,  ,]

[ ,13,  ,35,  ,55,63,70,  ,]
[7,17,24,  ,  ,  ,65,  ,88,]
[ ,  ,27,  ,48,58,  ,76,89,]

[1,  ,21,  ,49,  ,62,73,  ,]
[ ,11,  ,30,  ,53,  ,77,81,]
[9,18,  ,37,  ,59,  ,  ,86,]

[5,  ,28,  ,43,51,  ,  ,80,]
[6,10,  ,31,  ,  ,60,78,  ,]
[ ,19,  ,32,44,  ,61,79,  ,]

[ ,15,  ,33,45,52,  ,  ,84,]
[2,  ,23,  ,  ,54,  ,71,90,]
[8,16,  ,38,  ,  ,66,74,  ,]

[ ,14,26,  ,40,50,  ,  ,82,]
[ ,  ,  ,39,41,56,64,  ,83,]
[3,  ,29,  ,46,  ,68,75,  ,]

[ ,12,20,  ,42,  ,67,  ,85,]
[ ,  ,22,34,47,57,  ,  ,87,]
[4,  ,25,36,  ,  ,69,72,  ,]

[ ,  ,23,  ,41,54,  ,77,83,]
[ ,15,27,34,  ,56,67,  ,  ,]
[7,19,  ,  ,  ,  ,68,79,89,]

[1,  ,21,  ,43,  ,69,72,  ,]
[ ,12,  ,32,  ,57,  ,74,85,]
[4,16,  ,36,  ,58,  ,  ,87,]

[3,  ,22,  ,48,55,  ,  ,84,]
[8,10,  ,31,  ,  ,61,76,  ,]
[ ,11,  ,35,49,  ,66,78,  ,]

[ ,13,  ,33,44,51,  ,  ,81,]
[5,  ,26,  ,  ,52,  ,71,88,]
[6,18,  ,39,  ,  ,62,73,  ,]

[ ,14,24,  ,42,50,  ,  ,80,]
[ ,  ,  ,38,45,59,60,  ,82,]
[2,  ,29,  ,46,  ,63,70,  ,]

[ ,17,20,  ,40,  ,64,  ,86,]
[ ,  ,25,30,47,53,  ,  ,90,]
[9,  ,28,37,  ,  ,65,75,  ,]

[ ,  ,20,  ,47,  ,65,74,82,]
[ ,10,22,34,  ,53,  ,  ,89,]
[5,14,  ,  ,  ,59,67,75,  ,]

[3,  ,29,  ,46,  ,66,77,  ,]
[ ,12,  ,35,  ,54,  ,79,86,]
[9,19,  ,36,  ,55,  ,  ,90,]

[1,  ,23,  ,42,57,  ,  ,88,]
[6,13,  ,31,  ,  ,61,71,  ,]
[ ,18,  ,39,49,  ,62,73,  ,]

[ ,16,  ,30,44,51,  ,  ,84,]
[2,  ,25,  ,  ,58,  ,72,85,]
[7,17,  ,33,  ,  ,60,76,  ,]

[ ,11,24,  ,43,50,  ,  ,80,]
[ ,  ,  ,37,45,52,64,  ,81,]
[8,  ,26,  ,48,  ,69,78,  ,]

[ ,15,21,  ,40,  ,63,  ,83,]
[ ,  ,27,32,41,56,  ,  ,87,]
[4,  ,28,38,  ,  ,68,70,  ,]

[ ,  ,22,  ,43,51,61,73,  ,]
[ ,12,24,37,  ,  ,62,  ,81,]
[1,14,  ,  ,  ,53,  ,79,87,]

[5,  ,29,  ,47,  ,60,72,  ,]
[ ,11,  ,33,  ,54,  ,74,80,]
[6,13,  ,38,  ,55,  ,  ,85,]

[8,  ,23,  ,42,57,  ,  ,90,]
[9,16,  ,30,  ,  ,65,70,  ,]
[ ,19,  ,32,49,  ,66,77,  ,]

[ ,15,  ,34,40,50,  ,  ,82,]
[4,  ,21,  ,  ,58,  ,71,88,]
[7,17,  ,35,  ,  ,67,76,  ,]

[ ,18,20,  ,45,52,  ,  ,83,]
[ ,  ,  ,31,46,59,64,  ,89,]
[2,  ,26,  ,48,  ,68,75,  ,]

[ ,10,25,  ,41,  ,63,  ,84,]
[ ,  ,27,36,44,56,  ,  ,86,]
[3,  ,28,39,  ,  ,69,78,  ,]

[5,  ,23,  ,  ,53,  ,70,85,]
[ ,10,27,  ,46,  ,66,  ,87,]
[ ,12,  ,38,  ,58,68,78,  ,]

[1,  ,21,  ,40,  ,63,73,  ,]
[ ,16,  ,31,  ,56,  ,76,82,]
[2,18,  ,33,  ,57,  ,  ,88,]

[8,  ,28,  ,41,52,  ,  ,90,]
[9,17,  ,32,  ,  ,62,75,  ,]
[ ,19,  ,35,47,  ,64,79,  ,]

[ ,13,  ,30,43,50,  ,  ,80,]
[4,  ,20,  ,  ,59,  ,74,86,]
[7,15,  ,34,  ,  ,67,77,  ,]

[ ,11,25,  ,44,51,  ,  ,84,]
[ ,  ,  ,36,48,55,60,  ,89,]
[3,  ,29,  ,49,  ,65,71,  ,]

[ ,14,22,  ,42,  ,61,  ,81,]
[ ,  ,24,37,45,54,  ,  ,83,]
[6,  ,26,39,  ,  ,69,72,  ,]

[8,  ,20,  ,  ,56,  ,73,88,]
[ ,13,21,35,  ,57,60,  ,  ,]
[ ,15,  ,  ,42,  ,65,77,89,]

[1,  ,28,  ,43,  ,62,70,  ,]
[ ,10,  ,31,  ,55,  ,78,81,]
[7,19,  ,33,  ,58,  ,  ,86,]

[6,  ,29,  ,40,54,  ,  ,90,]
[9,14,  ,34,  ,  ,66,74,  ,]
[ ,17,  ,36,46,  ,67,79,  ,]

[ ,11,  ,30,49,50,  ,  ,82,]
[2,  ,27,  ,  ,51,  ,72,87,]
[5,12,  ,38,  ,  ,69,76,  ,]

[ ,18,23,  ,41,52,  ,  ,80,]
[ ,  ,  ,32,44,53,63,  ,83,]
[4,  ,24,  ,48,  ,64,71,  ,]

[ ,16,22,  ,45,  ,61,  ,84,]
[ ,  ,25,37,47,59,  ,  ,85,]
[3,  ,26,39,  ,  ,68,75,  ,]

[4,10,  ,  ,  ,53,66,71,  ,]
[ ,14,26,  ,48,56,  ,  ,80,]
[ ,  ,27,37,  ,  ,67,78,81,]

[5,  ,22,  ,49,  ,61,74,  ,]
[ ,17,  ,30,  ,51,  ,76,83,]
[9,18,  ,36,  ,59,  ,  ,89,]

[1,  ,28,  ,44,57,  ,  ,82,]
[2,12,  ,32,  ,  ,65,73,  ,]
[ ,15,  ,33,46,  ,69,77,  ,]

[ ,11,  ,38,40,50,  ,  ,84,]
[6,  ,29,  ,  ,52,  ,70,87,]
[7,16,  ,39,  ,  ,63,75,  ,]

[ ,13,20,  ,41,54,  ,  ,86,]
[ ,  ,  ,35,43,55,60,  ,90,]
[8,  ,25,  ,47,  ,68,79,  ,]

[ ,19,21,  ,42,  ,62,  ,85,]
[ ,  ,23,31,45,58,  ,  ,88,]
[3,  ,24,34,  ,  ,64,72,  ,]

[4,16,  ,  ,  ,  ,60,74,88,]
[ ,17,28,  ,49,51,  ,  ,90,]
[ ,  ,29,38,  ,54,63,78,  ,]

[3,  ,27,  ,42,  ,65,73,  ,]
[ ,11,  ,30,  ,55,  ,75,80,]
[6,13,  ,39,  ,56,  ,  ,81,]

[5,  ,20,  ,44,57,  ,  ,85,]
[9,15,  ,34,  ,  ,62,71,  ,]
[ ,18,  ,35,46,  ,66,76,  ,]

[ ,10,  ,31,40,52,  ,  ,83,]
[1,  ,21,  ,  ,58,  ,70,87,]
[2,19,  ,36,  ,  ,61,77,  ,]

[ ,14,24,  ,41,53,  ,  ,82,]
[ ,  ,  ,32,45,59,67,  ,84,]
[7,  ,25,  ,47,  ,69,72,  ,]

[ ,12,22,  ,43,  ,64,  ,86,]
[ ,  ,23,33,48,50,  ,  ,89,]
[8,  ,26,37,  ,  ,68,79,  ,]

[5,10,  ,  ,  ,57,63,73,  ,]
[ ,16,24,30,  ,59,  ,  ,82,]
[ ,  ,26,  ,48,  ,67,76,89,]

[3,  ,25,  ,40,  ,61,71,  ,]
[ ,12,  ,34,  ,55,  ,78,80,]
[4,15,  ,35,  ,56,  ,  ,85,]

[2,  ,22,  ,42,58,  ,  ,87,]
[6,13,  ,32,  ,  ,62,77,  ,]
[ ,18,  ,37,44,  ,69,79,  ,]

[ ,11,  ,36,49,50,  ,  ,83,]
[7,  ,27,  ,  ,52,  ,70,86,]
[9,17,  ,39,  ,  ,60,75,  ,]

[ ,14,20,  ,43,53,  ,  ,81,]
[ ,  ,  ,33,45,54,64,  ,88,]
[8,  ,23,  ,47,  ,65,74,  ,]

[ ,19,21,  ,41,  ,66,  ,84,]
[ ,  ,28,31,46,51,  ,  ,90,]
[1,  ,29,38,  ,  ,68,72,  ,]

[5,10,  ,  ,  ,55,63,72,  ,]
[ ,16,21,30,  ,  ,65,  ,82,]
[ ,  ,28,  ,40,57,  ,75,89,]

[6,  ,29,  ,41,  ,64,74,  ,]
[ ,13,  ,32,  ,50,  ,77,84,]
[9,18,  ,34,  ,56,  ,  ,88,]

[1,  ,22,  ,48,51,  ,  ,85,]
[2,11,  ,37,  ,  ,60,70,  ,]
[ ,19,  ,38,49,  ,68,78,  ,]

[ ,14,  ,35,45,53,  ,  ,86,]
[3,  ,23,  ,  ,59,  ,76,90,]
[8,15,  ,39,  ,  ,62,79,  ,]

[ ,17,20,  ,42,52,  ,  ,81,]
[ ,  ,  ,33,44,54,66,  ,83,]
[4,  ,26,  ,47,  ,69,73,  ,]

[ ,12,24,  ,43,  ,61,  ,80,]
[ ,  ,25,31,46,58,  ,  ,87,]
[7,  ,27,36,  ,  ,67,71,  ,]

[5,  ,20,  ,  ,52,66,75,  ,]
[ ,14,24,34,  ,55,  ,  ,86,]
[ ,19,  ,  ,48,  ,69,77,88,]

[2,  ,29,  ,43,  ,68,76,  ,]
[ ,16,  ,31,  ,51,  ,78,83,]
[9,17,  ,32,  ,58,  ,  ,84,]

[3,  ,22,  ,42,59,  ,  ,89,]
[7,10,  ,36,  ,  ,60,70,  ,]
[ ,12,  ,38,45,  ,64,73,  ,]

[ ,13,  ,35,49,50,  ,  ,81,]
[1,  ,23,  ,  ,53,  ,71,90,]
[4,18,  ,39,  ,  ,62,74,  ,]

[ ,15,27,  ,41,54,  ,  ,82,]
[ ,  ,  ,37,44,57,61,  ,85,]
[8,  ,28,  ,47,  ,67,72,  ,]

[ ,11,21,  ,40,  ,63,  ,80,]
[ ,  ,25,30,46,56,  ,  ,87,]
[6,  ,26,33,  ,  ,65,79,  ,]

[8,12,  ,  ,  ,54,60,73,  ,]
[ ,13,27,  ,41,  ,69,  ,81,]
[ ,  ,28,31,  ,58,  ,76,87,]

[4,  ,29,  ,40,  ,63,70,  ,]
[ ,15,  ,36,  ,55,  ,75,80,]
[7,19,  ,38,  ,59,  ,  ,89,]

[5,  ,20,  ,44,56,  ,  ,90,]
[9,11,  ,33,  ,  ,66,71,  ,]
[ ,17,  ,39,48,  ,68,78,  ,]

[ ,10,  ,30,42,53,  ,  ,82,]
[3,  ,23,  ,  ,57,  ,72,88,]
[6,16,  ,32,  ,  ,65,79,  ,]

[ ,18,22,  ,43,51,  ,  ,85,]
[ ,  ,  ,35,45,52,62,  ,86,]
[1,  ,26,  ,49,  ,67,74,  ,]

[ ,14,21,  ,46,  ,61,  ,83,]
[ ,  ,24,34,47,50,  ,  ,84,]
[2,  ,25,37,  ,  ,64,77,  ,]

[ ,15,  ,35,  ,50,62,74,  ,]
[ ,17,21,  ,46,55,  ,  ,82,]
[2,  ,27,  ,  ,  ,67,76,90,]

[3,  ,29,  ,45,  ,66,78,  ,]
[ ,11,  ,32,  ,51,  ,79,81,]
[4,18,  ,39,  ,59,  ,  ,85,]

[5,  ,22,  ,40,57,  ,  ,88,]
[7,10,  ,31,  ,  ,63,70,  ,]
[ ,13,  ,33,48,  ,65,75,  ,]

[ ,12,  ,36,42,52,  ,  ,80,]
[1,  ,26,  ,  ,54,  ,71,84,]
[6,14,  ,37,  ,  ,60,73,  ,]

[ ,16,25,  ,41,56,  ,  ,87,]
[ ,  ,  ,38,44,58,68,  ,89,]
[9,  ,28,  ,49,  ,69,77,  ,]

[ ,19,20,  ,43,  ,61,  ,83,]
[ ,  ,23,30,47,53,  ,  ,86,]
[8,  ,24,34,  ,  ,64,72,  ,]

[ ,13,  ,  ,42,  ,61,74,82,]
[2,19,24,  ,  ,58,  ,  ,83,]
[ ,  ,25,33,  ,59,65,79,  ,]

[3,  ,23,  ,44,  ,62,75,  ,]
[ ,11,  ,36,  ,50,  ,77,81,]
[9,15,  ,37,  ,53,  ,  ,85,]

[1,  ,20,  ,45,54,  ,  ,80,]
[6,10,  ,34,  ,  ,64,70,  ,]
[ ,16,  ,38,46,  ,67,72,  ,]

[ ,14,  ,35,48,51,  ,  ,86,]
[4,  ,27,  ,  ,52,  ,73,88,]
[8,18,  ,39,  ,  ,63,76,  ,]

[ ,17,21,  ,40,55,  ,  ,89,]
[ ,  ,  ,32,43,56,60,  ,90,]
[5,  ,28,  ,47,  ,68,78,  ,]

[ ,12,22,  ,41,  ,66,  ,84,]
[ ,  ,26,30,49,57,  ,  ,87,]
[7,  ,29,31,  ,  ,69,71,  ,]

[ ,13,  ,  ,42,54,  ,77,84,]
[ ,14,20,36,  ,  ,61,  ,86,]
[7,  ,21,  ,  ,59,66,78,  ,]

[3,  ,29,  ,46,  ,63,71,  ,]
[ ,16,  ,35,  ,51,  ,72,83,]
[5,18,  ,37,  ,55,  ,  ,87,]

[1,  ,23,  ,45,53,  ,  ,85,]
[2,11,  ,34,  ,  ,64,70,  ,]
[ ,19,  ,39,47,  ,68,74,  ,]

[ ,10,  ,31,49,50,  ,  ,88,]
[4,  ,22,  ,  ,57,  ,76,89,]
[9,15,  ,38,  ,  ,60,79,  ,]

[ ,17,25,  ,41,56,  ,  ,80,]
[ ,  ,  ,33,43,58,65,  ,90,]
[6,  ,26,  ,48,  ,69,73,  ,]

[ ,12,24,  ,40,  ,62,  ,81,]
[ ,  ,27,30,44,52,  ,  ,82,]
[8,  ,28,32,  ,  ,67,75,  ,]

[ ,12,  ,  ,40,54,66,70,  ,]
[9,13,22,  ,  ,  ,67,  ,80,]
[ ,  ,23,34,  ,58,  ,76,83,]

[3,  ,25,  ,43,  ,63,75,  ,]
[ ,10,  ,30,  ,52,  ,79,86,]
[4,18,  ,36,  ,56,  ,  ,88,]

[2,  ,20,  ,41,53,  ,  ,84,]
[8,11,  ,32,  ,  ,62,72,  ,]
[ ,16,  ,33,49,  ,65,73,  ,]

[ ,14,  ,37,44,51,  ,  ,87,]
[1,  ,28,  ,  ,55,  ,77,89,]
[7,15,  ,38,  ,  ,69,78,  ,]

[ ,19,24,  ,42,57,  ,  ,81,]
[ ,  ,  ,39,47,59,64,  ,82,]
[5,  ,26,  ,48,  ,68,74,  ,]

[ ,17,21,  ,45,  ,60,  ,85,]
[ ,  ,27,31,46,50,  ,  ,90,]
[6,  ,29,35,  ,  ,61,71,  ,]

[ ,16,  ,39,  ,56,  ,70,84,]
[3,18,24,  ,  ,57,61,  ,  ,]
[ ,  ,25,  ,49,  ,69,72,90,]

[1,  ,26,  ,44,  ,65,76,  ,]
[ ,10,  ,30,  ,51,  ,79,82,]
[7,17,  ,38,  ,52,  ,  ,85,]

[2,  ,28,  ,43,50,  ,  ,87,]
[6,12,  ,35,  ,  ,64,73,  ,]
[ ,19,  ,36,48,  ,68,78,  ,]

[ ,11,  ,31,41,54,  ,  ,88,]
[4,  ,20,  ,  ,59,  ,74,89,]
[5,13,  ,34,  ,  ,67,77,  ,]

[ ,14,21,  ,40,53,  ,  ,80,]
[ ,  ,  ,32,45,58,60,  ,81,]
[8,  ,29,  ,46,  ,62,71,  ,]

[ ,15,22,  ,42,  ,63,  ,83,]
[ ,  ,23,33,47,55,  ,  ,86,]
[9,  ,27,37,  ,  ,66,75,  ,]

[3,11,  ,  ,  ,50,  ,76,85,]
[ ,14,20,  ,44,  ,63,  ,88,]
[ ,  ,21,30,  ,59,64,77,  ,]

[1,  ,23,  ,46,  ,62,75,  ,]
[ ,18,  ,33,  ,55,  ,78,81,]
[5,19,  ,35,  ,57,  ,  ,90,]

[4,  ,24,  ,40,53,  ,  ,83,]
[8,10,  ,31,  ,  ,60,74,  ,]
[ ,16,  ,37,42,  ,65,79,  ,]

[ ,15,  ,36,47,51,  ,  ,80,]
[7,  ,25,  ,  ,56,  ,70,86,]
[9,17,  ,39,  ,  ,66,73,  ,]

[ ,12,26,  ,41,54,  ,  ,82,]
[ ,  ,  ,34,43,58,67,  ,87,]
[2,  ,29,  ,48,  ,68,72,  ,]

[ ,13,22,  ,45,  ,61,  ,84,]
[ ,  ,27,32,49,52,  ,  ,89,]
[6,  ,28,38,  ,  ,69,71,  ,]

[ ,12,  ,36,  ,51,65,72,  ,]
[ ,16,27,  ,43,59,  ,  ,80,]
[8,  ,28,  ,  ,  ,67,79,89,]

[1,  ,22,  ,49,  ,62,71,  ,]
[ ,13,  ,34,  ,53,  ,78,87,]
[4,19,  ,37,  ,55,  ,  ,88,]

[5,  ,20,  ,42,57,  ,  ,85,]
[9,11,  ,33,  ,  ,61,75,  ,]
[ ,15,  ,38,48,  ,63,77,  ,]

[ ,14,  ,35,41,50,  ,  ,82,]
[6,  ,25,  ,  ,58,  ,73,90,]
[7,18,  ,39,  ,  ,66,76,  ,]

[ ,10,21,  ,40,54,  ,  ,81,]
[ ,  ,  ,30,44,56,60,  ,84,]
[2,  ,23,  ,45,  ,69,70,  ,]

[ ,17,24,  ,46,  ,64,  ,83,]
[ ,  ,26,31,47,52,  ,  ,86,]
[3,  ,29,32,  ,  ,68,74,  ,]

[ ,  ,25,39,  ,  ,62,72,81,]
[1,18,27,  ,  ,53,65,  ,  ,]
[ ,19,  ,  ,42,54,  ,73,88,]

[3,  ,22,  ,41,  ,69,75,  ,]
[ ,13,  ,31,  ,50,  ,77,85,]
[9,14,  ,38,  ,57,  ,  ,90,]

[4,  ,23,  ,47,58,  ,  ,86,]
[6,10,  ,35,  ,  ,66,76,  ,]
[ ,16,  ,36,48,  ,67,78,  ,]

[ ,15,  ,30,44,56,  ,  ,80,]
[2,  ,28,  ,  ,59,  ,70,89,]
[5,17,  ,34,  ,  ,60,79,  ,]

[ ,12,20,  ,40,51,  ,  ,82,]
[ ,  ,  ,37,43,55,61,  ,84,]
[8,  ,29,  ,45,  ,63,71,  ,]

[ ,11,21,  ,46,  ,64,  ,83,]
[ ,  ,24,32,49,52,  ,  ,87,]
[7,  ,26,33,  ,  ,68,74,  ,]

[7,16,  ,  ,  ,51,  ,73,81,]
[ ,17,25,  ,47,54,60,  ,  ,]
[ ,  ,26,37,  ,  ,64,78,83,]

[6,  ,23,  ,44,  ,66,72,  ,]
[ ,11,  ,30,  ,55,  ,75,85,]
[8,18,  ,35,  ,56,  ,  ,88,]

[2,  ,24,  ,45,57,  ,  ,82,]
[5,13,  ,32,  ,  ,63,76,  ,]
[ ,14,  ,33,46,  ,68,79,  ,]

[ ,15,  ,34,43,52,  ,  ,80,]
[1,  ,27,  ,  ,58,  ,70,84,]
[9,19,  ,38,  ,  ,69,74,  ,]

[ ,10,20,  ,41,53,  ,  ,87,]
[ ,  ,  ,39,48,59,61,  ,90,]
[3,  ,22,  ,49,  ,67,77,  ,]

[ ,12,21,  ,40,  ,62,  ,86,]
[ ,  ,28,31,42,50,  ,  ,89,]
[4,  ,29,36,  ,  ,65,71,  ,]

[ ,12,  ,  ,42,57,  ,70,80,]
[ ,17,25,39,  ,  ,65,  ,88,]
[4,  ,26,  ,  ,59,68,73,  ,]

[1,  ,24,  ,47,  ,66,75,  ,]
[ ,10,  ,31,  ,55,  ,76,83,]
[2,19,  ,34,  ,58,  ,  ,90,]

[3,  ,21,  ,45,54,  ,  ,86,]
[5,14,  ,33,  ,  ,64,72,  ,]
[ ,16,  ,35,49,  ,67,77,  ,]

[ ,11,  ,30,40,50,  ,  ,85,]
[6,  ,23,  ,  ,56,  ,74,89,]
[9,13,  ,36,  ,  ,60,79,  ,]

[ ,15,22,  ,44,51,  ,  ,81,]
[ ,  ,  ,38,46,53,61,  ,84,]
[7,  ,29,  ,48,  ,69,78,  ,]

[ ,18,20,  ,41,  ,62,  ,82,]
[ ,  ,27,32,43,52,  ,  ,87,]
[8,  ,28,37,  ,  ,63,71,  ,]

[8,15,  ,  ,  ,54,64,71,  ,]
[ ,17,24,  ,47,  ,65,  ,80,]
[ ,  ,28,37,  ,55,  ,73,90,]

[5,  ,25,  ,49,  ,69,75,  ,]
[ ,12,  ,31,  ,51,  ,79,86,]
[7,19,  ,36,  ,53,  ,  ,89,]

[6,  ,21,  ,41,59,  ,  ,88,]
[9,10,  ,34,  ,  ,66,77,  ,]
[ ,18,  ,39,43,  ,67,78,  ,]

[ ,14,  ,30,48,50,  ,  ,85,]
[1,  ,20,  ,  ,58,  ,70,87,]
[4,16,  ,32,  ,  ,63,76,  ,]

[ ,13,23,  ,40,52,  ,  ,83,]
[ ,  ,  ,35,44,57,60,  ,84,]
[3,  ,29,  ,46,  ,62,74,  ,]

[ ,11,22,  ,42,  ,61,  ,81,]
[ ,  ,26,33,45,56,  ,  ,82,]
[2,  ,27,38,  ,  ,68,72,  ,]

[2,  ,20,  ,  ,  ,62,71,82,]
[ ,12,21,  ,43,53,  ,  ,89,]
[ ,16,  ,33,  ,59,63,79,  ,]

[4,  ,23,  ,49,  ,66,74,  ,]
[ ,14,  ,31,  ,50,  ,75,81,]
[8,18,  ,36,  ,58,  ,  ,85,]

[7,  ,27,  ,42,54,  ,  ,80,]
[9,10,  ,37,  ,  ,60,72,  ,]
[ ,19,  ,39,45,  ,68,73,  ,]

[ ,13,  ,30,44,55,  ,  ,83,]
[5,  ,28,  ,  ,56,  ,76,90,]
[6,15,  ,35,  ,  ,69,78,  ,]

[ ,17,26,  ,41,52,  ,  ,86,]
[ ,  ,  ,34,46,57,65,  ,88,]
[3,  ,29,  ,48,  ,67,77,  ,]

[ ,11,22,  ,40,  ,61,  ,84,]
[ ,  ,24,32,47,51,  ,  ,87,]
[1,  ,25,38,  ,  ,64,70,  ,]

[ ,10,  ,  ,47,57,61,71,  ,]
[2,15,20,  ,  ,  ,69,  ,84,]
[ ,  ,25,36,  ,59,  ,77,88,]

[5,  ,28,  ,43,  ,64,74,  ,]
[ ,14,  ,31,  ,55,  ,79,83,]
[7,16,  ,37,  ,58,  ,  ,87,]

[3,  ,22,  ,44,50,  ,  ,86,]
[8,13,  ,32,  ,  ,60,75,  ,]
[ ,18,  ,34,49,  ,62,78,  ,]

[ ,12,  ,30,45,52,  ,  ,81,]
[6,  ,23,  ,  ,56,  ,70,82,]
[9,19,  ,38,  ,  ,67,76,  ,]

[ ,17,26,  ,40,51,  ,  ,80,]
[ ,  ,  ,35,42,53,63,  ,90,]
[1,  ,27,  ,46,  ,68,72,  ,]

[ ,11,21,  ,41,  ,65,  ,85,]
[ ,  ,24,33,48,54,  ,  ,89,]
[4,  ,29,39,  ,  ,66,73,  ,]

[8,  ,24,  ,  ,55,60,70,  ,]
[ ,12,28,34,  ,  ,68,  ,80,]
[ ,17,  ,  ,42,59,  ,77,89,]

[5,  ,29,  ,40,  ,62,74,  ,]
[ ,10,  ,36,  ,51,  ,76,81,]
[7,18,  ,39,  ,53,  ,  ,87,]

[1,  ,27,  ,43,57,  ,  ,86,]
[2,13,  ,32,  ,  ,64,72,  ,]
[ ,19,  ,38,49,  ,67,75,  ,]

[ ,11,  ,33,45,52,  ,  ,83,]
[4,  ,25,  ,  ,56,  ,71,88,]
[6,16,  ,37,  ,  ,65,78,  ,]

[ ,15,22,  ,44,50,  ,  ,82,]
[ ,  ,  ,31,46,54,63,  ,90,]
[9,  ,26,  ,48,  ,66,73,  ,]

[ ,14,20,  ,41,  ,61,  ,84,]
[ ,  ,21,30,47,58,  ,  ,85,]
[3,  ,23,35,  ,  ,69,79,  ,]

[ ,  ,20,37,  ,55,  ,75,81,]
[ ,14,24,  ,49,  ,61,  ,88,]
[2,16,  ,  ,  ,59,64,79,  ,]

[4,  ,25,  ,45,  ,68,70,  ,]
[ ,17,  ,31,  ,51,  ,71,82,]
[9,18,  ,32,  ,52,  ,  ,84,]

[5,  ,23,  ,41,56,  ,  ,80,]
[7,10,  ,34,  ,  ,63,72,  ,]
[ ,19,  ,36,47,  ,69,78,  ,]

[ ,12,  ,33,42,54,  ,  ,86,]
[1,  ,27,  ,  ,57,  ,73,87,]
[3,13,  ,38,  ,  ,60,76,  ,]

[ ,11,28,  ,40,53,  ,  ,85,]
[ ,  ,  ,30,43,58,65,  ,89,]
[8,  ,29,  ,46,  ,67,74,  ,]

[ ,15,21,  ,44,  ,62,  ,83,]
[ ,  ,22,35,48,50,  ,  ,90,]
[6,  ,26,39,  ,  ,66,77,  ,]

[ ,10,  ,  ,45,54,62,74,  ,]
[7,13,25,  ,  ,  ,64,  ,84,]
[ ,  ,28,37,  ,55,  ,78,85,]

[1,  ,23,  ,40,  ,69,75,  ,]
[ ,14,  ,34,  ,50,  ,79,81,]
[4,16,  ,36,  ,59,  ,  ,88,]

[2,  ,22,  ,48,53,  ,  ,80,]
[5,17,  ,31,  ,  ,60,72,  ,]
[ ,19,  ,38,49,  ,66,73,  ,]

[ ,11,  ,30,42,52,  ,  ,83,]
[8,  ,29,  ,  ,57,  ,70,87,]
[9,18,  ,39,  ,  ,63,77,  ,]

[ ,12,24,  ,43,56,  ,  ,82,]
[ ,  ,  ,32,44,58,65,  ,90,]
[6,  ,27,  ,47,  ,67,76,  ,]

[ ,15,20,  ,41,  ,61,  ,86,]
[ ,  ,21,33,46,51,  ,  ,89,]
[3,  ,26,35,  ,  ,68,71,  ,]

[ ,14,  ,32,  ,54,  ,75,85,]
[ ,16,20,  ,43,  ,61,  ,89,]
[4,  ,24,  ,  ,57,68,77,  ,]

[6,  ,27,  ,46,  ,64,72,  ,]
[ ,10,  ,31,  ,50,  ,74,81,]
[9,15,  ,38,  ,52,  ,  ,86,]

[2,  ,21,  ,40,51,  ,  ,82,]
[8,18,  ,30,  ,  ,62,71,  ,]
[ ,19,  ,34,45,  ,69,78,  ,]

[ ,12,  ,33,49,56,  ,  ,80,]
[3,  ,23,  ,  ,58,  ,73,90,]
[5,13,  ,37,  ,  ,67,76,  ,]

[ ,17,26,  ,42,53,  ,  ,87,]
[ ,  ,  ,36,44,55,63,  ,88,]
[7,  ,29,  ,48,  ,65,79,  ,]

[ ,11,22,  ,41,  ,60,  ,83,]
[ ,  ,25,35,47,59,  ,  ,84,]
[1,  ,28,39,  ,  ,66,70,  ,]

[ ,13,  ,31,  ,55,60,72,  ,]
[ ,16,20,  ,40,  ,67,  ,81,]
[8,  ,23,  ,  ,59,  ,76,90,]

[2,  ,28,  ,44,  ,64,70,  ,]
[ ,10,  ,32,  ,54,  ,74,86,]
[6,14,  ,34,  ,58,  ,  ,88,]

[1,  ,26,  ,43,53,  ,  ,83,]
[9,11,  ,35,  ,  ,62,77,  ,]
[ ,17,  ,37,47,  ,63,78,  ,]

[ ,12,  ,33,49,51,  ,  ,85,]
[4,  ,22,  ,  ,56,  ,73,87,]
[7,19,  ,38,  ,  ,65,79,  ,]

[ ,18,21,  ,41,52,  ,  ,80,]
[ ,  ,  ,39,42,57,61,  ,89,]
[3,  ,29,  ,48,  ,66,71,  ,]

[ ,15,24,  ,45,  ,68,  ,82,]
[ ,  ,25,30,46,50,  ,  ,84,]
[5,  ,27,36,  ,  ,69,75,  ,]

[ ,  ,21,37,  ,56,62,74,  ,]
[ ,11,25,  ,46,57,  ,  ,80,]
[8,14,  ,  ,  ,  ,64,76,87,]

[2,  ,24,  ,47,  ,61,72,  ,]
[ ,13,  ,31,  ,53,  ,78,82,]
[5,19,  ,32,  ,55,  ,  ,85,]

[3,  ,27,  ,41,50,  ,  ,84,]
[9,12,  ,30,  ,  ,65,70,  ,]
[ ,17,  ,38,49,  ,67,77,  ,]

[ ,10,  ,35,48,52,  ,  ,83,]
[6,  ,28,  ,  ,58,  ,73,88,]
[7,18,  ,36,  ,  ,63,75,  ,]

[ ,15,22,  ,43,51,  ,  ,89,]
[ ,  ,  ,39,44,54,68,  ,90,]
[1,  ,23,  ,45,  ,69,79,  ,]

[ ,16,20,  ,40,  ,60,  ,81,]
[ ,  ,26,33,42,59,  ,  ,86,]
[4,  ,29,34,  ,  ,66,71,  ,]

[4,  ,21,  ,  ,51,  ,71,82,]
[ ,10,24,  ,49,59,60,  ,  ,]
[ ,14,  ,37,  ,  ,69,78,89,]

[8,  ,29,  ,47,  ,62,75,  ,]
[ ,17,  ,31,  ,52,  ,79,81,]
[9,18,  ,39,  ,57,  ,  ,86,]

[3,  ,23,  ,46,55,  ,  ,90,]
[7,11,  ,30,  ,  ,61,72,  ,]
[ ,13,  ,32,48,  ,64,77,  ,]

[ ,12,  ,34,45,50,  ,  ,83,]
[1,  ,22,  ,  ,54,  ,70,85,]
[2,16,  ,35,  ,  ,66,74,  ,]

[ ,15,20,  ,40,56,  ,  ,87,]
[ ,  ,  ,38,41,58,63,  ,88,]
[5,  ,25,  ,42,  ,67,76,  ,]

[ ,19,26,  ,43,  ,65,  ,80,]
[ ,  ,27,33,44,53,  ,  ,84,]
[6,  ,28,36,  ,  ,68,73,  ,]

[ ,  ,24,  ,45,54,66,73,  ,]
[6,18,27,  ,  ,  ,67,  ,83,]
[ ,19,  ,33,  ,55,  ,77,85,]

[7,  ,28,  ,41,  ,61,70,  ,]
[ ,12,  ,32,  ,56,  ,76,82,]
[9,15,  ,35,  ,58,  ,  ,87,]

[2,  ,23,  ,40,59,  ,  ,81,]
[8,10,  ,34,  ,  ,60,72,  ,]
[ ,16,  ,36,48,  ,64,79,  ,]

[ ,13,  ,30,43,50,  ,  ,84,]
[4,  ,25,  ,  ,51,  ,75,88,]
[5,17,  ,37,  ,  ,68,78,  ,]

[ ,14,22,  ,42,53,  ,  ,80,]
[ ,  ,  ,38,44,57,62,  ,90,]
[3,  ,29,  ,47,  ,65,71,  ,]

[ ,11,20,  ,46,  ,63,  ,86,]
[ ,  ,21,31,49,52,  ,  ,89,]
[1,  ,26,39,  ,  ,69,74,  ,]

[ ,  ,20,  ,48,  ,63,73,83,]
[2,10,28,  ,  ,51,  ,  ,87,]
[ ,11,  ,34,  ,52,69,76,  ,]

[3,  ,25,  ,40,  ,66,71,  ,]
[ ,14,  ,32,  ,50,  ,72,89,]
[8,19,  ,37,  ,59,  ,  ,90,]

[6,  ,23,  ,42,55,  ,  ,86,]
[9,15,  ,33,  ,  ,60,75,  ,]
[ ,18,  ,39,49,  ,61,78,  ,]

[ ,12,  ,35,41,57,  ,  ,81,]
[1,  ,21,  ,  ,58,  ,70,88,]
[5,13,  ,36,  ,  ,68,77,  ,]

[ ,17,24,  ,43,53,  ,  ,80,]
[ ,  ,  ,30,46,56,62,  ,82,]
[7,  ,27,  ,47,  ,64,79,  ,]

[ ,16,22,  ,44,  ,65,  ,84,]
[ ,  ,26,31,45,54,  ,  ,85,]
[4,  ,29,38,  ,  ,67,74,  ,]

[ ,14,  ,  ,47,  ,66,73,82,]
[9,19,20,  ,  ,53,67,  ,  ,]
[ ,  ,26,33,  ,56,  ,78,84,]

[1,  ,25,  ,49,  ,61,75,  ,]
[ ,10,  ,32,  ,52,  ,77,83,]
[7,17,  ,34,  ,59,  ,  ,89,]

[3,  ,24,  ,40,58,  ,  ,85,]
[4,13,  ,30,  ,  ,62,71,  ,]
[ ,16,  ,36,46,  ,68,74,  ,]

[ ,11,  ,31,45,54,  ,  ,86,]
[5,  ,21,  ,  ,55,  ,70,88,]
[6,18,  ,35,  ,  ,69,72,  ,]

[ ,15,27,  ,41,51,  ,  ,80,]
[ ,  ,  ,39,43,57,63,  ,87,]
[8,  ,28,  ,48,  ,64,76,  ,]

[ ,12,22,  ,42,  ,60,  ,81,]
[ ,  ,23,37,44,50,  ,  ,90,]
[2,  ,29,38,  ,  ,65,79,  ,]

[ ,  ,21,39,  ,55,  ,76,84,]
[ ,11,27,  ,40,58,60,  ,  ,]
[4,15,  ,  ,  ,  ,62,79,85,]

[3,  ,22,  ,41,  ,65,73,  ,]
[ ,18,  ,33,  ,56,  ,78,82,]
[7,19,  ,38,  ,57,  ,  ,83,]

[5,  ,26,  ,42,50,  ,  ,86,]
[6,10,  ,35,  ,  ,64,72,  ,]
[ ,17,  ,36,45,  ,67,74,  ,]

[ ,13,  ,34,46,51,  ,  ,81,]
[8,  ,20,  ,  ,59,  ,75,88,]
[9,14,  ,37,  ,  ,66,77,  ,]

[ ,12,24,  ,43,53,  ,  ,89,]
[ ,  ,  ,32,44,54,63,  ,90,]
[1,  ,25,  ,49,  ,68,71,  ,]

[ ,16,23,  ,47,  ,61,  ,80,]
[ ,  ,28,30,48,52,  ,  ,87,]
[2,  ,29,31,  ,  ,69,70,  ,]

[ ,  ,21,  ,41,50,60,72,  ,]
[ ,15,25,34,  ,54,  ,  ,82,]
[1,17,  ,  ,  ,  ,69,74,89,]

[2,  ,27,  ,44,  ,67,77,  ,]
[ ,12,  ,38,  ,55,  ,78,81,]
[7,13,  ,39,  ,59,  ,  ,88,]

[6,  ,23,  ,46,58,  ,  ,85,]
[9,16,  ,31,  ,  ,63,71,  ,]
[ ,18,  ,35,48,  ,68,73,  ,]

[ ,11,  ,32,43,51,  ,  ,86,]
[3,  ,28,  ,  ,56,  ,70,90,]
[5,14,  ,37,  ,  ,62,75,  ,]

[ ,19,24,  ,40,52,  ,  ,80,]
[ ,  ,  ,36,42,53,64,  ,84,]
[8,  ,26,  ,49,  ,65,79,  ,]

[ ,10,20,  ,45,  ,61,  ,83,]
[ ,  ,22,30,47,57,  ,  ,87,]
[4,  ,29,33,  ,  ,66,76,  ,]

[8,12,  ,  ,  ,55,  ,74,85,]
[ ,15,24,39,  ,58,61,  ,  ,]
[ ,  ,25,  ,46,  ,63,75,88,]

[5,  ,21,  ,43,  ,67,76,  ,]
[ ,14,  ,33,  ,54,  ,78,83,]
[6,17,  ,38,  ,56,  ,  ,89,]

[4,  ,29,  ,41,53,  ,  ,87,]
[9,10,  ,31,  ,  ,65,73,  ,]
[ ,11,  ,32,49,  ,69,79,  ,]

[ ,13,  ,30,40,57,  ,  ,80,]
[2,  ,27,  ,  ,59,  ,71,84,]
[3,19,  ,36,  ,  ,68,77,  ,]

[ ,18,26,  ,42,50,  ,  ,81,]
[ ,  ,  ,37,44,52,60,  ,82,]
[7,  ,28,  ,47,  ,66,72,  ,]

[ ,16,20,  ,45,  ,62,  ,86,]
[ ,  ,22,34,48,51,  ,  ,90,]
[1,  ,23,35,  ,  ,64,70,  ,]

[ ,11,  ,  ,41,  ,63,70,80,]
[7,15,21,  ,  ,57,66,  ,  ,]
[ ,  ,29,33,  ,58,  ,78,82,]

[8,  ,20,  ,44,  ,68,72,  ,]
[ ,12,  ,35,  ,52,  ,74,85,]
[9,18,  ,38,  ,56,  ,  ,86,]

[4,  ,23,  ,45,54,  ,  ,83,]
[5,10,  ,34,  ,  ,65,77,  ,]
[ ,17,  ,36,46,  ,67,79,  ,]

[ ,13,  ,32,42,50,  ,  ,87,]
[1,  ,27,  ,  ,55,  ,71,88,]
[2,16,  ,39,  ,  ,62,75,  ,]

[ ,19,22,  ,40,51,  ,  ,81,]
[ ,  ,  ,30,47,53,64,  ,90,]
[6,  ,26,  ,49,  ,69,76,  ,]

[ ,14,24,  ,43,  ,60,  ,84,]
[ ,  ,25,31,48,59,  ,  ,89,]
[3,  ,28,37,  ,  ,61,73,  ,]

[ ,11,  ,32,  ,50,  ,71,83,]
[4,16,26,  ,  ,  ,65,  ,88,]
[ ,  ,29,  ,45,56,68,73,  ,]

[7,  ,24,  ,40,  ,64,72,  ,]
[ ,14,  ,33,  ,53,  ,79,85,]
[8,19,  ,35,  ,58,  ,  ,87,]

[3,  ,28,  ,43,59,  ,  ,86,]
[9,15,  ,30,  ,  ,61,77,  ,]
[ ,18,  ,37,47,  ,66,78,  ,]

[ ,10,  ,34,48,52,  ,  ,80,]
[5,  ,22,  ,  ,55,  ,70,89,]
[6,13,  ,39,  ,  ,60,74,  ,]

[ ,17,21,  ,41,51,  ,  ,81,]
[ ,  ,  ,36,42,57,62,  ,90,]
[2,  ,27,  ,46,  ,69,75,  ,]

[ ,12,20,  ,44,  ,63,  ,82,]
[ ,  ,23,31,49,54,  ,  ,84,]
[1,  ,25,38,  ,  ,67,76,  ,]

[6,  ,27,  ,  ,54,63,72,  ,]
[ ,13,29,35,  ,  ,67,  ,83,]
[ ,16,  ,  ,41,57,  ,73,87,]

[1,  ,25,  ,48,  ,61,70,  ,]
[ ,14,  ,33,  ,52,  ,78,85,]
[9,17,  ,37,  ,56,  ,  ,88,]

[2,  ,22,  ,43,51,  ,  ,80,]
[3,10,  ,30,  ,  ,68,75,  ,]
[ ,19,  ,31,47,  ,69,79,  ,]

[ ,11,  ,34,46,55,  ,  ,84,]
[7,  ,28,  ,  ,58,  ,71,90,]
[8,18,  ,36,  ,  ,65,77,  ,]

[ ,15,23,  ,40,50,  ,  ,81,]
[ ,  ,  ,38,42,53,64,  ,82,]
[5,  ,24,  ,49,  ,66,74,  ,]

[ ,12,20,  ,44,  ,60,  ,86,]
[ ,  ,21,32,45,59,  ,  ,89,]
[4,  ,26,39,  ,  ,62,76,  ,]

[7,14,  ,  ,  ,  ,62,71,81,]
[ ,19,27,  ,48,53,  ,  ,84,]
[ ,  ,29,36,  ,55,64,77,  ,]

[5,  ,20,  ,40,  ,63,72,  ,]
[ ,11,  ,30,  ,52,  ,79,80,]
[9,13,  ,32,  ,54,  ,  ,89,]

[1,  ,28,  ,42,59,  ,  ,90,]
[6,10,  ,31,  ,  ,66,73,  ,]
[ ,16,  ,38,45,  ,67,75,  ,]

[ ,12,  ,34,47,56,  ,  ,85,]
[4,  ,25,  ,  ,57,  ,70,88,]
[8,15,  ,37,  ,  ,69,76,  ,]

[ ,18,21,  ,43,50,  ,  ,82,]
[ ,  ,  ,33,46,58,60,  ,87,]
[2,  ,26,  ,49,  ,68,74,  ,]

[ ,17,22,  ,41,  ,61,  ,83,]
[ ,  ,23,35,44,51,  ,  ,86,]
[3,  ,24,39,  ,  ,65,78,  ,]

[2,12,  ,  ,  ,  ,65,77,84,]
[ ,16,20,  ,42,52,69,  ,  ,]
[ ,  ,29,30,  ,59,  ,79,85,]

[6,  ,22,  ,48,  ,63,70,  ,]
[ ,13,  ,35,  ,50,  ,71,83,]
[9,19,  ,37,  ,55,  ,  ,88,]

[3,  ,23,  ,41,54,  ,  ,82,]
[5,11,  ,32,  ,  ,64,72,  ,]
[ ,17,  ,39,43,  ,67,76,  ,]

[ ,10,  ,31,40,53,  ,  ,81,]
[7,  ,24,  ,  ,58,  ,75,90,]
[8,15,  ,36,  ,  ,62,78,  ,]

[ ,18,25,  ,44,51,  ,  ,80,]
[ ,  ,  ,38,46,56,61,  ,87,]
[1,  ,28,  ,49,  ,68,74,  ,]

[ ,14,21,  ,45,  ,60,  ,86,]
[ ,  ,26,33,47,57,  ,  ,89,]
[4,  ,27,34,  ,  ,66,73,  ,]

[5,11,  ,  ,  ,  ,60,72,88,]
[ ,12,20,  ,44,53,63,  ,  ,]
[ ,  ,28,37,  ,59,  ,79,90,]

[3,  ,23,  ,41,  ,65,70,  ,]
[ ,13,  ,38,  ,54,  ,73,84,]
[4,18,  ,39,  ,56,  ,  ,87,]

[8,  ,24,  ,47,52,  ,  ,83,]
[9,17,  ,31,  ,  ,62,74,  ,]
[ ,19,  ,32,49,  ,69,77,  ,]

[ ,14,  ,30,45,50,  ,  ,80,]
[2,  ,29,  ,  ,55,  ,71,81,]
[7,15,  ,34,  ,  ,61,78,  ,]

[ ,10,21,  ,40,51,  ,  ,82,]
[ ,  ,  ,35,42,58,64,  ,89,]
[6,  ,26,  ,48,  ,68,75,  ,]

[ ,16,22,  ,43,  ,66,  ,85,]
[ ,  ,25,33,46,57,  ,  ,86,]
[1,  ,27,36,  ,  ,67,76,  ,]

[2,  ,21,  ,  ,50,60,74,  ,]
[ ,16,25,  ,45,59,  ,  ,84,]
[ ,17,  ,38,  ,  ,65,78,86,]

[8,  ,23,  ,44,  ,64,70,  ,]
[ ,12,  ,34,  ,52,  ,77,82,]
[9,19,  ,36,  ,55,  ,  ,88,]

[4,  ,22,  ,40,54,  ,  ,90,]
[6,14,  ,30,  ,  ,63,71,  ,]
[ ,18,  ,32,42,  ,68,72,  ,]

[ ,10,  ,33,43,51,  ,  ,80,]
[1,  ,24,  ,  ,57,  ,73,89,]
[5,15,  ,37,  ,  ,67,79,  ,]

[ ,13,26,  ,47,53,  ,  ,83,]
[ ,  ,  ,39,48,56,61,  ,87,]
[3,  ,29,  ,49,  ,66,76,  ,]

[ ,11,20,  ,41,  ,62,  ,81,]
[ ,  ,27,31,46,58,  ,  ,85,]
[7,  ,28,35,  ,  ,69,75,  ,]

[6,13,  ,  ,  ,  ,67,76,83,]
[ ,18,24,31,  ,55,68,  ,  ,]
[ ,  ,29,  ,47,59,  ,79,88,]

[5,  ,25,  ,43,  ,64,74,  ,]
[ ,11,  ,33,  ,54,  ,77,82,]
[7,17,  ,39,  ,58,  ,  ,85,]

[3,  ,27,  ,40,51,  ,  ,86,]
[8,10,  ,32,  ,  ,60,72,  ,]
[ ,12,  ,35,44,  ,69,75,  ,]

[ ,15,  ,30,41,50,  ,  ,80,]
[1,  ,26,  ,  ,57,  ,71,89,]
[9,19,  ,34,  ,  ,61,73,  ,]

[ ,14,21,  ,42,53,  ,  ,84,]
[ ,  ,  ,37,46,56,63,  ,87,]
[4,  ,23,  ,49,  ,66,78,  ,]

[ ,16,20,  ,45,  ,62,  ,81,]
[ ,  ,22,36,48,52,  ,  ,90,]
[2,  ,28,38,  ,  ,65,70,  ,]

[ ,  ,20,33,  ,  ,62,77,82,]
[ ,16,25,  ,46,50,  ,  ,85,]
[6,17,  ,  ,  ,59,63,78,  ,]

[5,  ,29,  ,40,  ,69,75,  ,]
[ ,14,  ,30,  ,51,  ,79,80,]
[9,18,  ,35,  ,55,  ,  ,89,]

[2,  ,27,  ,41,56,  ,  ,86,]
[4,10,  ,34,  ,  ,65,72,  ,]
[ ,12,  ,39,47,  ,67,76,  ,]

[ ,13,  ,32,49,53,  ,  ,81,]
[1,  ,21,  ,  ,54,  ,73,90,]
[3,15,  ,38,  ,  ,61,74,  ,]

[ ,19,23,  ,42,52,  ,  ,83,]
[ ,  ,  ,31,43,58,66,  ,87,]
[7,  ,28,  ,44,  ,68,71,  ,]

[ ,11,22,  ,45,  ,60,  ,84,]
[ ,  ,24,36,48,57,  ,  ,88,]
[8,  ,26,37,  ,  ,64,70,  ,]

[1,  ,25,  ,  ,  ,62,75,84,]
[ ,10,26,38,  ,52,  ,  ,87,]
[ ,18,  ,  ,47,57,69,76,  ,]

[5,  ,21,  ,42,  ,64,70,  ,]
[ ,16,  ,33,  ,50,  ,79,88,]
[7,19,  ,36,  ,53,  ,  ,90,]

[3,  ,24,  ,41,59,  ,  ,82,]
[4,15,  ,30,  ,  ,60,72,  ,]
[ ,17,  ,31,48,  ,61,74,  ,]

[ ,11,  ,32,46,56,  ,  ,81,]
[6,  ,29,  ,  ,58,  ,73,86,]
[9,13,  ,35,  ,  ,65,78,  ,]

[ ,12,22,  ,40,51,  ,  ,85,]
[ ,  ,  ,34,45,55,63,  ,89,]
[8,  ,28,  ,49,  ,67,71,  ,]

[ ,14,20,  ,43,  ,66,  ,80,]
[ ,  ,23,37,44,54,  ,  ,83,]
[2,  ,27,39,  ,  ,68,77,  ,]

[ ,  ,20,34,  ,54,  ,73,84,]
[ ,17,29,  ,47,  ,63,  ,86,]
[6,19,  ,  ,  ,57,69,78,  ,]

[3,  ,28,  ,41,  ,66,74,  ,]
[ ,11,  ,30,  ,51,  ,75,80,]
[9,15,  ,36,  ,58,  ,  ,88,]

[5,  ,21,  ,43,52,  ,  ,90,]
[8,14,  ,33,  ,  ,60,76,  ,]
[ ,18,  ,38,46,  ,62,77,  ,]

[ ,10,  ,31,49,50,  ,  ,83,]
[2,  ,26,  ,  ,56,  ,71,89,]
[4,16,  ,32,  ,  ,61,79,  ,]

[ ,13,22,  ,40,55,  ,  ,82,]
[ ,  ,  ,39,45,59,64,  ,85,]
[1,  ,25,  ,48,  ,67,72,  ,]

[ ,12,23,  ,42,  ,65,  ,81,]
[ ,  ,24,35,44,53,  ,  ,87,]
[7,  ,27,37,  ,  ,68,70,  ,]

[4,10,  ,  ,  ,  ,65,70,85,]
[ ,19,21,  ,47,52,  ,  ,86,]
[ ,  ,23,32,  ,55,66,75,  ,]

[2,  ,28,  ,42,  ,63,73,  ,]
[ ,13,  ,34,  ,58,  ,74,83,]
[3,18,  ,37,  ,59,  ,  ,90,]

[1,  ,20,  ,48,56,  ,  ,81,]
[8,16,  ,30,  ,  ,60,72,  ,]
[ ,17,  ,35,49,  ,61,77,  ,]

[ ,14,  ,33,40,51,  ,  ,82,]
[6,  ,26,  ,  ,54,  ,76,87,]
[7,15,  ,38,  ,  ,67,78,  ,]

[ ,11,25,  ,44,53,  ,  ,80,]
[ ,  ,  ,31,45,57,64,  ,88,]
[9,  ,29,  ,46,  ,69,79,  ,]

[ ,12,22,  ,41,  ,62,  ,84,]
[ ,  ,24,36,43,50,  ,  ,89,]
[5,  ,27,39,  ,  ,68,71,  ,]

[8,11,  ,  ,  ,50,  ,71,84,]
[ ,18,28,34,  ,51,60,  ,  ,]
[ ,  ,29,  ,48,  ,65,75,88,]

[1,  ,25,  ,45,  ,61,74,  ,]
[ ,13,  ,31,  ,55,  ,79,83,]
[2,14,  ,32,  ,56,  ,  ,90,]

[3,  ,21,  ,44,53,  ,  ,82,]
[6,10,  ,30,  ,  ,66,72,  ,]
[ ,17,  ,36,49,  ,67,78,  ,]

[ ,12,  ,37,43,54,  ,  ,86,]
[7,  ,27,  ,  ,58,  ,76,87,]
[9,16,  ,38,  ,  ,63,77,  ,]

[ ,15,20,  ,41,52,  ,  ,85,]
[ ,  ,  ,39,42,57,62,  ,89,]
[5,  ,24,  ,46,  ,64,70,  ,]

[ ,19,22,  ,40,  ,68,  ,80,]
[ ,  ,23,33,47,59,  ,  ,81,]
[4,  ,26,35,  ,  ,69,73,  ,]

[9,  ,20,  ,  ,53,66,72,  ,]
[ ,12,26,36,  ,  ,69,  ,83,]
[ ,18,  ,  ,42,54,  ,74,89,]

[2,  ,25,  ,44,  ,61,73,  ,]
[ ,13,  ,32,  ,51,  ,79,86,]
[3,19,  ,38,  ,52,  ,  ,88,]

[4,  ,27,  ,43,50,  ,  ,80,]
[6,10,  ,33,  ,  ,62,75,  ,]
[ ,11,  ,37,49,  ,68,77,  ,]

[ ,14,  ,30,41,55,  ,  ,84,]
[1,  ,24,  ,  ,56,  ,70,85,]
[5,17,  ,39,  ,  ,64,71,  ,]

[ ,15,21,  ,40,58,  ,  ,81,]
[ ,  ,  ,31,45,59,65,  ,90,]
[8,  ,23,  ,46,  ,67,78,  ,]

[ ,16,22,  ,47,  ,60,  ,82,]
[ ,  ,28,34,48,57,  ,  ,87,]
[7,  ,29,35,  ,  ,63,76,  ,]

[ ,  ,24,31,  ,51,61,75,  ,]
[3,11,29,  ,  ,54,  ,  ,82,]
[ ,13,  ,  ,41,  ,62,76,88,]

[4,  ,26,  ,47,  ,60,78,  ,]
[ ,10,  ,33,  ,50,  ,79,80,]
[7,12,  ,36,  ,59,  ,  ,89,]

[2,  ,23,  ,40,55,  ,  ,84,]
[5,16,  ,30,  ,  ,67,71,  ,]
[ ,19,  ,37,43,  ,69,72,  ,]

[ ,17,  ,34,48,53,  ,  ,87,]
[1,  ,20,  ,  ,56,  ,73,90,]
[8,18,  ,39,  ,  ,65,74,  ,]

[ ,14,21,  ,42,57,  ,  ,81,]
[ ,  ,  ,38,44,58,66,  ,83,]
[6,  ,22,  ,45,  ,68,70,  ,]

[ ,15,25,  ,46,  ,63,  ,85,]
[ ,  ,27,32,49,52,  ,  ,86,]
[9,  ,28,35,  ,  ,64,77,  ,]

[ ,  ,23,31,  ,50,  ,71,87,]
[5,10,25,  ,  ,  ,60,  ,89,]
[ ,16,  ,  ,42,52,64,79,  ,]

[2,  ,27,  ,40,  ,69,70,  ,]
[ ,14,  ,37,  ,56,  ,78,80,]
[9,18,  ,39,  ,57,  ,  ,84,]

[6,  ,21,  ,46,54,  ,  ,85,]
[7,11,  ,33,  ,  ,66,73,  ,]
[ ,13,  ,35,49,  ,67,74,  ,]

[ ,15,  ,36,43,55,  ,  ,82,]
[3,  ,20,  ,  ,59,  ,75,90,]
[8,17,  ,38,  ,  ,65,77,  ,]

[ ,19,22,  ,41,53,  ,  ,81,]
[ ,  ,  ,34,45,58,61,  ,88,]
[4,  ,29,  ,47,  ,63,76,  ,]

[ ,12,24,  ,44,  ,62,  ,83,]
[ ,  ,26,30,48,51,  ,  ,86,]
[1,  ,28,32,  ,  ,68,72,  ,]

[ ,  ,24,30,  ,53,62,73,  ,]
[ ,10,28,  ,40,57,  ,  ,85,]
[3,18,  ,  ,  ,  ,67,79,86,]

[1,  ,25,  ,41,  ,66,76,  ,]
[ ,12,  ,37,  ,51,  ,77,80,]
[5,15,  ,38,  ,54,  ,  ,88,]

[2,  ,21,  ,42,56,  ,  ,89,]
[4,11,  ,33,  ,  ,63,75,  ,]
[ ,19,  ,36,46,  ,68,78,  ,]

[ ,14,  ,31,43,50,  ,  ,81,]
[7,  ,20,  ,  ,52,  ,70,87,]
[9,17,  ,35,  ,  ,61,71,  ,]

[ ,16,22,  ,44,55,  ,  ,82,]
[ ,  ,  ,39,45,58,64,  ,84,]
[8,  ,23,  ,49,  ,65,74,  ,]

[ ,13,26,  ,47,  ,60,  ,83,]
[ ,  ,27,32,48,59,  ,  ,90,]
[6,  ,29,34,  ,  ,69,72,  ,]

[3,  ,20,  ,  ,52,61,73,  ,]
[ ,12,21,  ,45,57,  ,  ,88,]
[ ,19,  ,31,  ,  ,64,75,89,]

[2,  ,27,  ,40,  ,67,70,  ,]
[ ,14,  ,35,  ,54,  ,72,81,]
[9,17,  ,39,  ,55,  ,  ,86,]

[6,  ,28,  ,41,50,  ,  ,82,]
[8,10,  ,32,  ,  ,63,71,  ,]
[ ,13,  ,36,44,  ,68,76,  ,]

[ ,11,  ,33,46,53,  ,  ,84,]
[1,  ,22,  ,  ,56,  ,74,90,]
[7,16,  ,34,  ,  ,60,78,  ,]

[ ,18,26,  ,42,58,  ,  ,85,]
[ ,  ,  ,38,43,59,62,  ,87,]
[5,  ,29,  ,47,  ,66,79,  ,]

[ ,15,23,  ,48,  ,65,  ,80,]
[ ,  ,24,30,49,51,  ,  ,83,]
[4,  ,25,37,  ,  ,69,77,  ,]

[ ,14,  ,31,  ,50,  ,76,80,]
[ ,19,23,  ,43,57,64,  ,  ,]
[4,  ,25,  ,  ,  ,68,78,86,]

[3,  ,26,  ,40,  ,63,71,  ,]
[ ,13,  ,33,  ,54,  ,77,83,]
[7,18,  ,35,  ,56,  ,  ,88,]

[1,  ,27,  ,42,58,  ,  ,89,]
[6,11,  ,30,  ,  ,60,70,  ,]
[ ,15,  ,34,46,  ,66,79,  ,]

[ ,10,  ,32,44,55,  ,  ,82,]
[8,  ,29,  ,  ,59,  ,72,84,]
[9,17,  ,39,  ,  ,62,73,  ,]

[ ,16,20,  ,45,52,  ,  ,81,]
[ ,  ,  ,36,48,53,61,  ,90,]
[2,  ,22,  ,49,  ,65,74,  ,]

[ ,12,21,  ,41,  ,67,  ,85,]
[ ,  ,24,37,47,51,  ,  ,87,]
[5,  ,28,38,  ,  ,69,75,  ,]

[ ,  ,23,35,  ,  ,60,70,86,]
[ ,10,28,  ,46,57,66,  ,  ,]
[2,13,  ,  ,  ,58,  ,76,89,]

[6,  ,22,  ,41,  ,65,72,  ,]
[ ,14,  ,32,  ,54,  ,73,83,]
[7,15,  ,33,  ,59,  ,  ,85,]

[4,  ,29,  ,43,53,  ,  ,81,]
[5,11,  ,36,  ,  ,64,71,  ,]
[ ,18,  ,37,47,  ,67,79,  ,]

[ ,17,  ,30,40,51,  ,  ,80,]
[1,  ,20,  ,  ,52,  ,74,84,]
[3,19,  ,34,  ,  ,69,77,  ,]

[ ,16,25,  ,45,50,  ,  ,87,]
[ ,  ,  ,39,48,56,63,  ,88,]
[8,  ,27,  ,49,  ,68,78,  ,]

[ ,12,21,  ,42,  ,61,  ,82,]
[ ,  ,24,31,44,55,  ,  ,90,]
[9,  ,26,38,  ,  ,62,75,  ,]

[ ,  ,23,33,  ,53,  ,71,81,]
[2,13,29,  ,  ,55,63,  ,  ,]
[ ,14,  ,  ,42,  ,68,77,83,]

[1,  ,20,  ,45,  ,66,75,  ,]
[ ,10,  ,32,  ,54,  ,76,85,]
[5,17,  ,35,  ,58,  ,  ,88,]

[4,  ,21,  ,41,56,  ,  ,82,]
[6,15,  ,38,  ,  ,61,78,  ,]
[ ,18,  ,39,48,  ,67,79,  ,]

[ ,16,  ,31,47,57,  ,  ,86,]
[7,  ,25,  ,  ,59,  ,70,87,]
[9,19,  ,36,  ,  ,65,74,  ,]

[ ,11,22,  ,40,50,  ,  ,84,]
[ ,  ,  ,34,44,51,62,  ,90,]
[3,  ,26,  ,46,  ,64,73,  ,]

[ ,12,24,  ,43,  ,60,  ,80,]
[ ,  ,27,30,49,52,  ,  ,89,]
[8,  ,28,37,  ,  ,69,72,  ,]

[ ,  ,21,  ,40,54,60,73,  ,]
[8,10,26,  ,  ,55,  ,  ,81,]
[ ,19,  ,34,  ,  ,63,75,90,]

[2,  ,27,  ,45,  ,64,71,  ,]
[ ,12,  ,37,  ,57,  ,77,80,]
[3,17,  ,38,  ,58,  ,  ,84,]

[7,  ,23,  ,43,59,  ,  ,89,]
[9,11,  ,33,  ,  ,62,70,  ,]
[ ,15,  ,35,48,  ,66,76,  ,]

[ ,13,  ,31,41,51,  ,  ,83,]
[4,  ,28,  ,  ,53,  ,72,85,]
[5,18,  ,36,  ,  ,67,74,  ,]

[ ,16,20,  ,42,50,  ,  ,82,]
[ ,  ,  ,39,44,52,61,  ,88,]
[6,  ,24,  ,47,  ,68,78,  ,]

[ ,14,22,  ,46,  ,65,  ,86,]
[ ,  ,25,30,49,56,  ,  ,87,]
[1,  ,29,32,  ,  ,69,79,  ,]

[6,  ,20,  ,  ,51,63,71,  ,]
[ ,10,29,31,  ,56,  ,  ,83,]
[ ,19,  ,  ,43,  ,67,72,87,]

[2,  ,25,  ,44,  ,65,74,  ,]
[ ,12,  ,30,  ,57,  ,78,81,]
[5,15,  ,34,  ,59,  ,  ,89,]

[3,  ,23,  ,45,58,  ,  ,80,]
[4,14,  ,32,  ,  ,61,77,  ,]
[ ,17,  ,37,47,  ,66,79,  ,]

[ ,11,  ,33,40,53,  ,  ,82,]
[1,  ,22,  ,  ,55,  ,70,90,]
[7,18,  ,35,  ,  ,68,75,  ,]

[ ,13,24,  ,41,50,  ,  ,86,]
[ ,  ,  ,38,48,52,64,  ,88,]
[9,  ,28,  ,49,  ,69,73,  ,]

[ ,16,21,  ,42,  ,60,  ,84,]
[ ,  ,26,36,46,54,  ,  ,85,]
[8,  ,27,39,  ,  ,62,76,  ,]

[ ,  ,21,32,  ,  ,66,72,81,]
[6,15,22,  ,  ,50,  ,  ,90,]
[ ,16,  ,  ,46,56,67,78,  ,]

[4,  ,27,  ,43,  ,63,70,  ,]
[ ,11,  ,30,  ,55,  ,75,83,]
[9,13,  ,37,  ,57,  ,  ,86,]

[3,  ,28,  ,42,51,  ,  ,87,]
[5,10,  ,33,  ,  ,64,71,  ,]
[ ,18,  ,34,48,  ,68,74,  ,]

[ ,14,  ,31,41,54,  ,  ,82,]
[2,  ,20,  ,  ,59,  ,73,85,]
[7,17,  ,38,  ,  ,69,79,  ,]

[ ,12,23,  ,45,52,  ,  ,80,]
[ ,  ,  ,39,47,53,60,  ,89,]
[8,  ,25,  ,49,  ,62,76,  ,]

[ ,19,24,  ,40,  ,61,  ,84,]
[ ,  ,26,35,44,58,  ,  ,88,]
[1,  ,29,36,  ,  ,65,77,  ,]

[9,10,  ,  ,  ,50,65,72,  ,]
[ ,14,21,32,  ,  ,69,  ,81,]
[ ,  ,26,  ,40,58,  ,76,82,]

[3,  ,25,  ,42,  ,68,78,  ,]
[ ,11,  ,33,  ,51,  ,79,83,]
[8,12,  ,39,  ,52,  ,  ,88,]

[1,  ,29,  ,41,56,  ,  ,89,]
[4,13,  ,30,  ,  ,61,70,  ,]
[ ,19,  ,35,43,  ,63,77,  ,]

[ ,15,  ,34,45,53,  ,  ,80,]
[5,  ,23,  ,  ,54,  ,71,85,]
[6,16,  ,37,  ,  ,62,73,  ,]

[ ,17,20,  ,47,55,  ,  ,84,]
[ ,  ,  ,36,48,57,66,  ,87,]
[2,  ,28,  ,49,  ,67,74,  ,]

[ ,18,22,  ,44,  ,60,  ,86,]
[ ,  ,24,31,46,59,  ,  ,90,]
[7,  ,27,38,  ,  ,64,75,  ,]

[ ,15,  ,34,  ,51,61,77,  ,]
[ ,19,22,  ,40,  ,65,  ,81,]
[4,  ,23,  ,  ,57,  ,78,88,]

[7,  ,26,  ,41,  ,60,72,  ,]
[ ,12,  ,35,  ,52,  ,74,83,]
[9,14,  ,37,  ,53,  ,  ,84,]

[3,  ,21,  ,46,54,  ,  ,90,]
[8,10,  ,30,  ,  ,64,73,  ,]
[ ,18,  ,32,48,  ,67,76,  ,]

[ ,11,  ,33,43,55,  ,  ,85,]
[2,  ,20,  ,  ,58,  ,70,87,]
[6,17,  ,38,  ,  ,63,71,  ,]

[ ,13,24,  ,45,50,  ,  ,80,]
[ ,  ,  ,31,47,56,62,  ,89,]
[1,  ,29,  ,49,  ,66,75,  ,]

[ ,16,25,  ,42,  ,68,  ,82,]
[ ,  ,27,36,44,59,  ,  ,86,]
[5,  ,28,39,  ,  ,69,79,  ,]

[ ,14,  ,32,  ,56,65,73,  ,]
[3,19,20,  ,  ,59,  ,  ,85,]
[ ,  ,29,  ,46,  ,66,77,87,]

[1,  ,22,  ,42,  ,68,74,  ,]
[ ,10,  ,30,  ,52,  ,76,82,]
[6,15,  ,37,  ,57,  ,  ,86,]

[2,  ,23,  ,40,54,  ,  ,90,]
[9,12,  ,33,  ,  ,64,78,  ,]
[ ,17,  ,38,45,  ,67,79,  ,]

[ ,11,  ,31,44,53,  ,  ,83,]
[5,  ,21,  ,  ,55,  ,71,88,]
[7,16,  ,34,  ,  ,61,72,  ,]

[ ,13,27,  ,41,51,  ,  ,80,]
[ ,  ,  ,39,43,58,63,  ,81,]
[8,  ,28,  ,48,  ,69,75,  ,]

[ ,18,24,  ,47,  ,60,  ,84,]
[ ,  ,25,35,49,50,  ,  ,89,]
[4,  ,26,36,  ,  ,62,70,  ,]

[1,  ,24,  ,  ,  ,64,76,81,]
[ ,15,29,  ,48,51,65,  ,  ,]
[ ,16,  ,34,  ,52,  ,78,87,]

[6,  ,21,  ,45,  ,66,71,  ,]
[ ,13,  ,32,  ,55,  ,77,85,]
[7,17,  ,38,  ,57,  ,  ,86,]

[2,  ,22,  ,43,54,  ,  ,80,]
[3,11,  ,30,  ,  ,60,74,  ,]
[ ,19,  ,31,47,  ,61,75,  ,]

[ ,12,  ,35,49,50,  ,  ,83,]
[4,  ,28,  ,  ,53,  ,70,89,]
[9,14,  ,39,  ,  ,62,79,  ,]

[ ,10,20,  ,40,56,  ,  ,84,]
[ ,  ,  ,36,41,59,63,  ,90,]
[8,  ,25,  ,46,  ,68,73,  ,]

[ ,18,23,  ,42,  ,67,  ,82,]
[ ,  ,26,33,44,58,  ,  ,88,]
[5,  ,27,37,  ,  ,69,72,  ,]

[ ,13,  ,36,  ,  ,65,70,81,]
[7,17,26,  ,  ,56,  ,  ,87,]
[ ,  ,28,  ,45,57,69,75,  ,]

[1,  ,27,  ,47,  ,61,77,  ,]
[ ,16,  ,33,  ,50,  ,78,82,]
[8,18,  ,38,  ,55,  ,  ,84,]

[2,  ,21,  ,40,54,  ,  ,83,]
[4,12,  ,31,  ,  ,62,72,  ,]
[ ,19,  ,39,48,  ,63,76,  ,]

[ ,10,  ,30,49,52,  ,  ,89,]
[6,  ,24,  ,  ,58,  ,71,90,]
[9,14,  ,35,  ,  ,64,79,  ,]

[ ,11,20,  ,42,51,  ,  ,86,]
[ ,  ,  ,32,44,53,60,  ,88,]
[5,  ,22,  ,46,  ,68,73,  ,]

[ ,15,23,  ,41,  ,66,  ,80,]
[ ,  ,25,34,43,59,  ,  ,85,]
[3,  ,29,37,  ,  ,67,74,  ,]

[ ,13,  ,38,  ,56,62,70,  ,]
[ ,18,20,  ,42,  ,69,  ,80,]
[3,  ,23,  ,  ,59,  ,74,87,]

[1,  ,24,  ,44,  ,63,78,  ,]
[ ,12,  ,32,  ,52,  ,79,82,]
[6,14,  ,34,  ,58,  ,  ,89,]

[4,  ,25,  ,40,50,  ,  ,84,]
[7,17,  ,36,  ,  ,65,76,  ,]
[ ,19,  ,37,46,  ,67,77,  ,]

[ ,10,  ,30,48,53,  ,  ,85,]
[2,  ,26,  ,  ,54,  ,72,86,]
[9,15,  ,35,  ,  ,64,75,  ,]

[ ,11,27,  ,41,51,  ,  ,81,]
[ ,  ,  ,39,47,55,66,  ,90,]
[8,  ,28,  ,49,  ,68,71,  ,]

[ ,16,21,  ,43,  ,60,  ,83,]
[ ,  ,22,31,45,57,  ,  ,88,]
[5,  ,29,33,  ,  ,61,73,  ,]

[ ,14,  ,34,  ,  ,63,70,81,]
[ ,16,20,  ,40,53,65,  ,  ,]
[2,  ,26,  ,  ,59,  ,76,86,]

[8,  ,24,  ,45,  ,67,73,  ,]
[ ,10,  ,37,  ,51,  ,75,82,]
[9,17,  ,38,  ,54,  ,  ,90,]

[3,  ,22,  ,42,58,  ,  ,87,]
[7,11,  ,31,  ,  ,62,72,  ,]
[ ,19,  ,32,43,  ,66,74,  ,]

[ ,13,  ,30,48,55,  ,  ,84,]
[1,  ,21,  ,  ,56,  ,77,88,]
[4,18,  ,36,  ,  ,69,78,  ,]

[ ,12,28,  ,41,52,  ,  ,80,]
[ ,  ,  ,33,46,57,60,  ,89,]
[5,  ,29,  ,49,  ,68,79,  ,]

[ ,15,23,  ,44,  ,61,  ,83,]
[ ,  ,25,35,47,50,  ,  ,85,]
[6,  ,27,39,  ,  ,64,71,  ,]

[ ,14,  ,  ,41,  ,64,70,83,]
[9,15,22,  ,  ,52,  ,  ,86,]
[ ,  ,25,39,  ,53,69,74,  ,]

[3,  ,21,  ,44,  ,63,71,  ,]
[ ,12,  ,35,  ,50,  ,77,80,]
[8,17,  ,38,  ,54,  ,  ,88,]

[2,  ,23,  ,40,59,  ,  ,90,]
[4,10,  ,32,  ,  ,65,76,  ,]
[ ,16,  ,37,47,  ,66,78,  ,]

[ ,13,  ,31,46,51,  ,  ,82,]
[5,  ,24,  ,  ,58,  ,73,89,]
[7,19,  ,36,  ,  ,68,79,  ,]

[ ,11,20,  ,42,55,  ,  ,81,]
[ ,  ,  ,34,43,57,60,  ,85,]
[1,  ,26,  ,45,  ,62,72,  ,]

[ ,18,27,  ,48,  ,61,  ,84,]
[ ,  ,28,30,49,56,  ,  ,87,]
[6,  ,29,33,  ,  ,67,75,  ,]

[1,15,  ,  ,  ,55,  ,71,87,]
[ ,16,21,  ,44,  ,60,  ,90,]
[ ,  ,23,36,  ,56,69,72,  ,]

[2,  ,27,  ,41,  ,64,78,  ,]
[ ,13,  ,33,  ,50,  ,79,85,]
[3,18,  ,39,  ,52,  ,  ,89,]

[4,  ,22,  ,45,59,  ,  ,83,]
[8,14,  ,30,  ,  ,66,74,  ,]
[ ,17,  ,37,46,  ,68,75,  ,]

[ ,11,  ,32,42,51,  ,  ,80,]
[7,  ,24,  ,  ,58,  ,73,84,]
[9,12,  ,35,  ,  ,67,76,  ,]

[ ,19,25,  ,43,53,  ,  ,81,]
[ ,  ,  ,38,48,54,61,  ,82,]
[6,  ,28,  ,49,  ,63,77,  ,]

[ ,10,20,  ,40,  ,62,  ,86,]
[ ,  ,26,31,47,57,  ,  ,88,]
[5,  ,29,34,  ,  ,65,70,  ,]

[ ,12,  ,  ,44,  ,62,72,89,]
[1,18,24,  ,  ,56,  ,  ,90,]
[ ,  ,27,31,  ,57,63,73,  ,]

[2,  ,28,  ,45,  ,69,70,  ,]
[ ,11,  ,30,  ,58,  ,76,81,]
[8,14,  ,37,  ,59,  ,  ,84,]

[5,  ,20,  ,40,55,  ,  ,83,]
[7,15,  ,36,  ,  ,66,77,  ,]
[ ,19,  ,38,47,  ,67,79,  ,]

[ ,10,  ,32,46,53,  ,  ,86,]
[4,  ,23,  ,  ,54,  ,71,87,]
[9,13,  ,39,  ,  ,61,75,  ,]

[ ,17,25,  ,41,51,  ,  ,85,]
[ ,  ,  ,33,48,52,64,  ,88,]
[3,  ,29,  ,49,  ,65,74,  ,]

[ ,16,21,  ,42,  ,60,  ,80,]
[ ,  ,22,34,43,50,  ,  ,82,]
[6,  ,26,35,  ,  ,68,78,  ,]

[9,  ,24,  ,  ,52,  ,75,80,]
[ ,14,26,31,  ,  ,65,  ,85,]
[ ,15,  ,  ,42,59,67,76,  ,]

[1,  ,25,  ,43,  ,69,74,  ,]
[ ,12,  ,32,  ,54,  ,77,82,]
[8,18,  ,38,  ,55,  ,  ,89,]

[4,  ,29,  ,45,53,  ,  ,84,]
[7,17,  ,30,  ,  ,60,71,  ,]
[ ,19,  ,33,46,  ,61,78,  ,]

[ ,10,  ,37,49,56,  ,  ,81,]
[2,  ,27,  ,  ,58,  ,70,83,]
[5,11,  ,39,  ,  ,66,72,  ,]

[ ,16,20,  ,41,51,  ,  ,88,]
[ ,  ,  ,36,44,57,62,  ,90,]
[6,  ,21,  ,48,  ,63,73,  ,]

[ ,13,22,  ,40,  ,64,  ,86,]
[ ,  ,23,34,47,50,  ,  ,87,]
[3,  ,28,35,  ,  ,68,79,  ,]

[ ,10,  ,32,  ,  ,60,71,85,]
[ ,18,22,  ,44,54,66,  ,  ,]
[6,  ,23,  ,  ,59,  ,75,87,]

[1,  ,28,  ,43,  ,62,74,  ,]
[ ,11,  ,33,  ,50,  ,78,80,]
[8,19,  ,37,  ,58,  ,  ,83,]

[3,  ,21,  ,42,57,  ,  ,86,]
[4,12,  ,31,  ,  ,63,70,  ,]
[ ,15,  ,36,47,  ,65,79,  ,]

[ ,13,  ,38,46,53,  ,  ,82,]
[2,  ,24,  ,  ,56,  ,72,89,]
[5,17,  ,39,  ,  ,61,76,  ,]

[ ,16,26,  ,40,52,  ,  ,81,]
[ ,  ,  ,34,41,55,64,  ,84,]
[7,  ,29,  ,48,  ,69,77,  ,]

[ ,14,20,  ,45,  ,67,  ,88,]
[ ,  ,25,30,49,51,  ,  ,90,]
[9,  ,27,35,  ,  ,68,73,  ,]

[ ,  ,21,35,  ,52,  ,74,82,]
[ ,11,22,  ,41,53,68,  ,  ,]
[2,14,  ,  ,  ,  ,69,77,87,]

[4,  ,23,  ,49,  ,67,72,  ,]
[ ,10,  ,36,  ,58,  ,78,83,]
[9,19,  ,37,  ,59,  ,  ,85,]

[5,  ,29,  ,43,56,  ,  ,86,]
[6,13,  ,33,  ,  ,62,73,  ,]
[ ,16,  ,38,44,  ,65,76,  ,]

[ ,12,  ,30,40,51,  ,  ,80,]
[1,  ,24,  ,  ,57,  ,70,84,]
[8,17,  ,31,  ,  ,66,71,  ,]

[ ,15,25,  ,42,54,  ,  ,89,]
[ ,  ,  ,39,45,55,61,  ,90,]
[7,  ,27,  ,48,  ,63,79,  ,]

[ ,18,20,  ,46,  ,60,  ,81,]
[ ,  ,26,32,47,50,  ,  ,88,]
[3,  ,28,34,  ,  ,64,75,  ,]

[8,10,  ,  ,  ,51,63,71,  ,]
[ ,12,25,  ,42,  ,69,  ,80,]
[ ,  ,28,34,  ,59,  ,76,84,]

[4,  ,22,  ,48,  ,65,73,  ,]
[ ,14,  ,30,  ,53,  ,78,81,]
[9,18,  ,33,  ,57,  ,  ,85,]

[2,  ,21,  ,43,58,  ,  ,89,]
[3,11,  ,31,  ,  ,61,70,  ,]
[ ,16,  ,35,49,  ,66,77,  ,]

[ ,17,  ,37,47,55,  ,  ,82,]
[5,  ,27,  ,  ,56,  ,72,90,]
[6,19,  ,39,  ,  ,62,74,  ,]

[ ,13,26,  ,40,50,  ,  ,83,]
[ ,  ,  ,36,41,54,60,  ,88,]
[1,  ,29,  ,46,  ,67,79,  ,]

[ ,15,20,  ,44,  ,64,  ,86,]
[ ,  ,23,32,45,52,  ,  ,87,]
[7,  ,24,38,  ,  ,68,75,  ,]

[2,17,  ,  ,  ,50,63,71,  ,]
[ ,19,25,33,  ,58,  ,  ,82,]
[ ,  ,26,  ,42,  ,67,76,87,]

[3,  ,20,  ,44,  ,66,72,  ,]
[ ,15,  ,32,  ,55,  ,73,80,]
[5,16,  ,37,  ,56,  ,  ,89,]

[4,  ,21,  ,45,54,  ,  ,83,]
[9,13,  ,36,  ,  ,61,75,  ,]
[ ,14,  ,38,46,  ,68,77,  ,]

[ ,10,  ,34,48,52,  ,  ,81,]
[6,  ,29,  ,  ,59,  ,78,85,]
[7,18,  ,39,  ,  ,62,79,  ,]

[ ,12,22,  ,40,51,  ,  ,84,]
[ ,  ,  ,31,41,53,60,  ,88,]
[8,  ,27,  ,47,  ,64,70,  ,]

[ ,11,23,  ,43,  ,65,  ,86,]
[ ,  ,24,30,49,57,  ,  ,90,]
[1,  ,28,35,  ,  ,69,74,  ,]

[ ,12,  ,  ,46,  ,60,74,85,]
[7,19,21,  ,  ,50,63,  ,  ,]
[ ,  ,24,33,  ,53,  ,78,90,]

[3,  ,27,  ,49,  ,67,76,  ,]
[ ,11,  ,30,  ,55,  ,77,80,]
[8,15,  ,35,  ,58,  ,  ,82,]

[5,  ,20,  ,41,56,  ,  ,88,]
[6,16,  ,36,  ,  ,65,72,  ,]
[ ,18,  ,39,47,  ,69,73,  ,]

[ ,14,  ,34,45,54,  ,  ,81,]
[1,  ,26,  ,  ,59,  ,75,89,]
[4,17,  ,38,  ,  ,61,79,  ,]

[ ,13,23,  ,40,51,  ,  ,83,]
[ ,  ,  ,31,44,52,62,  ,86,]
[9,  ,29,  ,48,  ,64,70,  ,]

[ ,10,22,  ,42,  ,66,  ,84,]
[ ,  ,25,32,43,57,  ,  ,87,]
[2,  ,28,37,  ,  ,68,71,  ,]

[3,  ,22,  ,  ,  ,60,72,81,]
[ ,15,29,  ,40,52,64,  ,  ,]
[ ,19,  ,35,  ,53,  ,74,90,]

[1,  ,24,  ,42,  ,61,70,  ,]
[ ,12,  ,31,  ,56,  ,75,86,]
[5,14,  ,37,  ,57,  ,  ,87,]

[4,  ,23,  ,43,50,  ,  ,85,]
[6,13,  ,30,  ,  ,62,71,  ,]
[ ,17,  ,32,48,  ,65,77,  ,]

[ ,10,  ,33,45,54,  ,  ,80,]
[7,  ,21,  ,  ,58,  ,73,89,]
[9,18,  ,34,  ,  ,67,76,  ,]

[ ,16,25,  ,44,55,  ,  ,84,]
[ ,  ,  ,36,47,59,68,  ,88,]
[2,  ,26,  ,49,  ,69,78,  ,]

[ ,11,20,  ,41,  ,63,  ,82,]
[ ,  ,27,38,46,51,  ,  ,83,]
[8,  ,28,39,  ,  ,66,79,  ,]

[3,12,  ,  ,  ,54,  ,70,80,]
[ ,16,21,  ,43,  ,66,  ,90,]
[ ,  ,26,34,  ,57,69,78,  ,]

[2,  ,24,  ,48,  ,68,73,  ,]
[ ,17,  ,36,  ,56,  ,79,81,]
[6,18,  ,37,  ,58,  ,  ,89,]

[4,  ,25,  ,42,59,  ,  ,87,]
[9,13,  ,31,  ,  ,63,72,  ,]
[ ,19,  ,35,46,  ,64,74,  ,]

[ ,11,  ,33,41,50,  ,  ,82,]
[7,  ,23,  ,  ,51,  ,71,83,]
[8,14,  ,38,  ,  ,65,77,  ,]

[ ,10,20,  ,40,52,  ,  ,85,]
[ ,  ,  ,32,47,55,60,  ,88,]
[5,  ,28,  ,49,  ,61,75,  ,]

[ ,15,22,  ,44,  ,62,  ,84,]
[ ,  ,27,30,45,53,  ,  ,86,]
[1,  ,29,39,  ,  ,67,76,  ,]

[ ,  ,21,36,  ,51,62,71,  ,]
[9,18,28,  ,  ,58,  ,  ,84,]
[ ,19,  ,  ,46,  ,68,72,85,]

[1,  ,20,  ,45,  ,64,74,  ,]
[ ,10,  ,34,  ,53,  ,76,82,]
[6,15,  ,39,  ,56,  ,  ,90,]

[2,  ,27,  ,41,59,  ,  ,81,]
[8,13,  ,33,  ,  ,60,75,  ,]
[ ,17,  ,38,47,  ,69,77,  ,]

[ ,11,  ,31,49,52,  ,  ,86,]
[3,  ,29,  ,  ,57,  ,70,88,]
[4,14,  ,37,  ,  ,61,79,  ,]

[ ,16,22,  ,40,50,  ,  ,80,]
[ ,  ,  ,32,42,54,63,  ,87,]
[7,  ,26,  ,43,  ,65,78,  ,]

[ ,12,23,  ,44,  ,66,  ,83,]
[ ,  ,24,30,48,55,  ,  ,89,]
[5,  ,25,35,  ,  ,67,73,  ,]

[ ,17,  ,37,  ,  ,61,72,86,]
[ ,19,21,  ,41,51,  ,  ,87,]
[2,  ,27,  ,  ,59,65,76,  ,]

[1,  ,29,  ,42,  ,63,70,  ,]
[ ,12,  ,31,  ,53,  ,79,82,]
[9,16,  ,36,  ,57,  ,  ,88,]

[5,  ,26,  ,40,55,  ,  ,80,]
[6,13,  ,32,  ,  ,60,71,  ,]
[ ,14,  ,33,46,  ,67,77,  ,]

[ ,11,  ,30,44,52,  ,  ,83,]
[3,  ,25,  ,  ,54,  ,73,90,]
[4,18,  ,38,  ,  ,62,75,  ,]

[ ,10,23,  ,45,50,  ,  ,81,]
[ ,  ,  ,34,47,56,64,  ,85,]
[8,  ,28,  ,49,  ,69,74,  ,]

[ ,15,20,  ,43,  ,66,  ,84,]
[ ,  ,22,35,48,58,  ,  ,89,]
[7,  ,24,39,  ,  ,68,78,  ,]

[2,  ,21,  ,  ,51,65,73,  ,]
[ ,10,22,  ,43,  ,66,  ,81,]
[ ,17,  ,39,  ,59,  ,78,86,]

[1,  ,23,  ,46,  ,64,70,  ,]
[ ,11,  ,31,  ,54,  ,71,84,]
[5,13,  ,37,  ,55,  ,  ,85,]

[4,  ,20,  ,47,58,  ,  ,83,]
[6,12,  ,34,  ,  ,61,72,  ,]
[ ,19,  ,38,49,  ,63,76,  ,]

[ ,14,  ,35,48,52,  ,  ,87,]
[7,  ,26,  ,  ,53,  ,74,90,]
[9,16,  ,36,  ,  ,67,75,  ,]

[ ,18,25,  ,41,56,  ,  ,80,]
[ ,  ,  ,30,42,57,68,  ,82,]
[3,  ,29,  ,44,  ,69,77,  ,]

[ ,15,24,  ,40,  ,60,  ,88,]
[ ,  ,27,32,45,50,  ,  ,89,]
[8,  ,28,33,  ,  ,62,79,  ,]

[ ,  ,26,34,  ,  ,63,73,81,]
[7,14,29,  ,  ,54,  ,  ,85,]
[ ,17,  ,  ,43,57,66,76,  ,]

[8,  ,28,  ,44,  ,69,70,  ,]
[ ,11,  ,33,  ,51,  ,72,88,]
[9,13,  ,37,  ,58,  ,  ,89,]

[2,  ,23,  ,40,50,  ,  ,80,]
[4,12,  ,30,  ,  ,60,71,  ,]
[ ,15,  ,36,45,  ,67,74,  ,]

[ ,10,  ,35,41,52,  ,  ,87,]
[1,  ,22,  ,  ,55,  ,75,90,]
[3,16,  ,39,  ,  ,64,77,  ,]

[ ,19,21,  ,42,53,  ,  ,82,]
[ ,  ,  ,32,46,59,62,  ,84,]
[6,  ,25,  ,48,  ,65,78,  ,]

[ ,18,20,  ,47,  ,61,  ,83,]
[ ,  ,24,31,49,56,  ,  ,86,]
[5,  ,27,38,  ,  ,68,79,  ,]

[ ,  ,24,  ,43,  ,66,71,85,]
[5,12,25,  ,  ,56,68,  ,  ,]
[ ,19,  ,32,  ,58,  ,72,90,]

[4,  ,23,  ,42,  ,62,77,  ,]
[ ,11,  ,34,  ,50,  ,78,82,]
[6,13,  ,38,  ,53,  ,  ,88,]

[1,  ,27,  ,40,57,  ,  ,89,]
[3,14,  ,36,  ,  ,60,74,  ,]
[ ,18,  ,39,49,  ,65,79,  ,]

[ ,16,  ,33,45,54,  ,  ,83,]
[2,  ,28,  ,  ,59,  ,70,87,]
[8,17,  ,37,  ,  ,63,75,  ,]

[ ,10,22,  ,41,51,  ,  ,80,]
[ ,  ,  ,31,47,55,61,  ,81,]
[7,  ,26,  ,48,  ,64,73,  ,]

[ ,15,20,  ,44,  ,67,  ,84,]
[ ,  ,21,30,46,52,  ,  ,86,]
[9,  ,29,35,  ,  ,69,76,  ,]

[ ,13,  ,32,  ,52,61,71,  ,]
[ ,14,26,  ,40,58,  ,  ,84,]
[3,  ,28,  ,  ,  ,66,76,86,]

[8,  ,20,  ,47,  ,68,74,  ,]
[ ,16,  ,34,  ,51,  ,79,88,]
[9,17,  ,36,  ,54,  ,  ,89,]

[1,  ,23,  ,41,55,  ,  ,85,]
[7,11,  ,30,  ,  ,62,72,  ,]
[ ,15,  ,33,44,  ,69,78,  ,]

[ ,10,  ,35,48,56,  ,  ,87,]
[5,  ,29,  ,  ,57,  ,75,90,]
[6,18,  ,39,  ,  ,60,77,  ,]

[ ,19,25,  ,43,53,  ,  ,82,]
[ ,  ,  ,37,46,59,63,  ,83,]
[2,  ,27,  ,49,  ,67,70,  ,]

[ ,12,21,  ,42,  ,64,  ,80,]
[ ,  ,22,31,45,50,  ,  ,81,]
[4,  ,24,38,  ,  ,65,73,  ,]

[ ,  ,21,  ,43,  ,66,75,86,]
[ ,10,29,37,  ,53,67,  ,  ,]
[4,11,  ,  ,  ,57,  ,79,90,]

[2,  ,24,  ,48,  ,61,70,  ,]
[ ,14,  ,38,  ,50,  ,78,82,]
[5,15,  ,39,  ,52,  ,  ,83,]

[3,  ,27,  ,40,56,  ,  ,80,]
[8,17,  ,30,  ,  ,62,76,  ,]
[ ,18,  ,35,41,  ,68,77,  ,]

[ ,12,  ,31,44,51,  ,  ,87,]
[1,  ,26,  ,  ,58,  ,72,89,]
[9,16,  ,34,  ,  ,64,73,  ,]

[ ,13,23,  ,42,54,  ,  ,84,]
[ ,  ,  ,36,47,59,63,  ,88,]
[7,  ,28,  ,49,  ,65,74,  ,]

[ ,19,20,  ,45,  ,60,  ,81,]
[ ,  ,22,32,46,55,  ,  ,85,]
[6,  ,25,33,  ,  ,69,71,  ,]

[ ,  ,20,  ,46,50,62,74,  ,]
[ ,11,28,32,  ,  ,64,  ,88,]
[6,14,  ,  ,  ,56,  ,75,89,]

[3,  ,23,  ,49,  ,63,73,  ,]
[ ,16,  ,35,  ,54,  ,76,81,]
[8,18,  ,37,  ,55,  ,  ,83,]

[2,  ,21,  ,40,57,  ,  ,84,]
[4,13,  ,33,  ,  ,67,71,  ,]
[ ,19,  ,36,41,  ,68,77,  ,]

[ ,12,  ,30,47,52,  ,  ,82,]
[1,  ,25,  ,  ,58,  ,72,86,]
[7,17,  ,31,  ,  ,61,79,  ,]

[ ,10,26,  ,44,51,  ,  ,80,]
[ ,  ,  ,39,45,53,65,  ,90,]
[5,  ,27,  ,48,  ,66,70,  ,]

[ ,15,22,  ,42,  ,60,  ,85,]
[ ,  ,24,34,43,59,  ,  ,87,]
[9,  ,29,38,  ,  ,69,78,  ,]

[ ,  ,26,35,  ,53,64,71,  ,]
[1,15,27,  ,  ,57,  ,  ,87,]
[ ,18,  ,  ,49,  ,68,73,88,]

[5,  ,28,  ,41,  ,69,76,  ,]
[ ,14,  ,33,  ,50,  ,77,81,]
[7,16,  ,36,  ,52,  ,  ,86,]

[6,  ,24,  ,45,55,  ,  ,80,]
[8,10,  ,32,  ,  ,62,75,  ,]
[ ,12,  ,34,47,  ,63,78,  ,]

[ ,13,  ,31,40,51,  ,  ,83,]
[2,  ,25,  ,  ,54,  ,70,85,]
[3,19,  ,39,  ,  ,65,74,  ,]

[ ,17,22,  ,42,56,  ,  ,82,]
[ ,  ,  ,38,44,58,61,  ,89,]
[9,  ,29,  ,46,  ,66,72,  ,]

[ ,11,20,  ,43,  ,60,  ,84,]
[ ,  ,21,30,48,59,  ,  ,90,]
[4,  ,23,37,  ,  ,67,79,  ,]

[ ,17,  ,  ,42,57,  ,73,84,]
[7,19,21,  ,  ,59,60,  ,  ,]
[ ,  ,24,38,  ,  ,68,75,89,]

[8,  ,29,  ,43,  ,65,72,  ,]
[ ,12,  ,30,  ,52,  ,77,80,]
[9,15,  ,34,  ,58,  ,  ,88,]

[4,  ,27,  ,46,54,  ,  ,86,]
[5,11,  ,32,  ,  ,62,74,  ,]
[ ,16,  ,37,48,  ,69,79,  ,]

[ ,10,  ,35,47,55,  ,  ,82,]
[2,  ,25,  ,  ,56,  ,76,83,]
[3,18,  ,36,  ,  ,64,78,  ,]

[ ,14,23,  ,40,51,  ,  ,81,]
[ ,  ,  ,31,41,53,66,  ,85,]
[6,  ,28,  ,49,  ,67,70,  ,]

[ ,13,20,  ,44,  ,61,  ,87,]
[ ,  ,22,33,45,50,  ,  ,90,]
[1,  ,26,39,  ,  ,63,71,  ,]

[ ,  ,20,30,  ,  ,60,70,87,]
[1,13,24,  ,  ,50,  ,  ,88,]
[ ,15,  ,  ,47,54,62,77,  ,]

[4,  ,25,  ,48,  ,69,71,  ,]
[ ,11,  ,32,  ,53,  ,76,84,]
[8,19,  ,38,  ,56,  ,  ,86,]

[3,  ,28,  ,43,55,  ,  ,85,]
[9,10,  ,34,  ,  ,63,73,  ,]
[ ,17,  ,39,45,  ,64,75,  ,]

[ ,12,  ,31,41,52,  ,  ,82,]
[5,  ,23,  ,  ,58,  ,74,89,]
[7,18,  ,37,  ,  ,61,79,  ,]

[ ,14,21,  ,40,51,  ,  ,80,]
[ ,  ,  ,36,46,57,65,  ,90,]
[6,  ,26,  ,49,  ,66,78,  ,]

[ ,16,22,  ,42,  ,67,  ,81,]
[ ,  ,27,33,44,59,  ,  ,83,]
[2,  ,29,35,  ,  ,68,72,  ,]

[5,  ,24,  ,  ,  ,66,72,84,]
[ ,11,28,  ,41,51,69,  ,  ,]
[ ,19,  ,30,  ,57,  ,76,90,]

[6,  ,23,  ,40,  ,65,71,  ,]
[ ,14,  ,36,  ,54,  ,73,80,]
[7,18,  ,37,  ,55,  ,  ,86,]

[2,  ,20,  ,43,52,  ,  ,82,]
[8,10,  ,34,  ,  ,67,70,  ,]
[ ,17,  ,39,45,  ,68,75,  ,]

[ ,12,  ,31,42,53,  ,  ,81,]
[1,  ,22,  ,  ,56,  ,78,88,]
[9,16,  ,35,  ,  ,62,79,  ,]

[ ,15,25,  ,44,50,  ,  ,83,]
[ ,  ,  ,32,47,58,60,  ,87,]
[4,  ,27,  ,48,  ,61,77,  ,]

[ ,13,21,  ,46,  ,63,  ,85,]
[ ,  ,26,33,49,59,  ,  ,89,]
[3,  ,29,38,  ,  ,64,74,  ,]

[ ,  ,20,32,  ,56,  ,76,86,]
[1,13,27,  ,  ,57,60,  ,  ,]
[ ,18,  ,  ,40,  ,67,79,89,]

[3,  ,28,  ,45,  ,65,73,  ,]
[ ,12,  ,33,  ,51,  ,75,82,]
[6,16,  ,36,  ,59,  ,  ,88,]

[2,  ,23,  ,41,52,  ,  ,83,]
[4,14,  ,31,  ,  ,61,71,  ,]
[ ,19,  ,39,42,  ,64,72,  ,]

[ ,15,  ,34,48,55,  ,  ,84,]
[7,  ,21,  ,  ,58,  ,70,85,]
[9,17,  ,35,  ,  ,69,74,  ,]

[ ,11,24,  ,44,50,  ,  ,81,]
[ ,  ,  ,38,46,53,66,  ,90,]
[5,  ,29,  ,49,  ,68,77,  ,]

[ ,10,22,  ,43,  ,62,  ,80,]
[ ,  ,25,30,47,54,  ,  ,87,]
[8,  ,26,37,  ,  ,63,78,  ,]

[ ,13,  ,32,  ,55,64,70,  ,]
[7,17,21,  ,  ,58,  ,  ,80,]
[ ,  ,26,  ,46,  ,68,78,86,]

[1,  ,24,  ,43,  ,61,72,  ,]
[ ,16,  ,33,  ,53,  ,74,82,]
[8,18,  ,36,  ,54,  ,  ,85,]

[4,  ,28,  ,41,56,  ,  ,83,]
[6,14,  ,31,  ,  ,67,76,  ,]
[ ,15,  ,34,49,  ,69,77,  ,]

[ ,11,  ,37,42,50,  ,  ,87,]
[3,  ,23,  ,  ,52,  ,71,89,]
[9,12,  ,38,  ,  ,65,79,  ,]

[ ,10,27,  ,40,51,  ,  ,88,]
[ ,  ,  ,39,47,59,63,  ,90,]
[5,  ,29,  ,48,  ,66,75,  ,]

[ ,19,20,  ,44,  ,60,  ,81,]
[ ,  ,22,30,45,57,  ,  ,84,]
[2,  ,25,35,  ,  ,62,73,  ,]

[ ,  ,23,  ,40,  ,63,70,88,]
[4,12,27,  ,  ,51,66,  ,  ,]
[ ,15,  ,37,  ,55,  ,75,89,]

[7,  ,22,  ,49,  ,65,73,  ,]
[ ,13,  ,31,  ,50,  ,77,84,]
[8,16,  ,39,  ,53,  ,  ,86,]

[2,  ,26,  ,44,57,  ,  ,87,]
[6,10,  ,33,  ,  ,62,78,  ,]
[ ,18,  ,34,48,  ,67,79,  ,]

[ ,14,  ,35,41,52,  ,  ,81,]
[1,  ,24,  ,  ,58,  ,74,90,]
[9,19,  ,38,  ,  ,69,76,  ,]

[ ,11,20,  ,43,54,  ,  ,82,]
[ ,  ,  ,30,45,56,61,  ,83,]
[5,  ,25,  ,46,  ,64,71,  ,]

[ ,17,21,  ,42,  ,60,  ,80,]
[ ,  ,28,32,47,59,  ,  ,85,]
[3,  ,29,36,  ,  ,68,72,  ,]

[ ,  ,21,36,  ,51,  ,73,86,]
[ ,16,25,  ,48,55,62,  ,  ,]
[2,17,  ,  ,  ,  ,64,75,90,]

[1,  ,29,  ,40,  ,63,70,  ,]
[ ,10,  ,30,  ,50,  ,78,80,]
[6,19,  ,34,  ,57,  ,  ,82,]

[3,  ,20,  ,41,58,  ,  ,87,]
[5,15,  ,33,  ,  ,68,71,  ,]
[ ,18,  ,39,47,  ,69,72,  ,]

[ ,12,  ,35,42,52,  ,  ,84,]
[7,  ,23,  ,  ,53,  ,74,85,]
[8,14,  ,37,  ,  ,65,79,  ,]

[ ,13,22,  ,43,54,  ,  ,83,]
[ ,  ,  ,31,45,59,60,  ,88,]
[4,  ,28,  ,46,  ,67,77,  ,]

[ ,11,24,  ,44,  ,61,  ,81,]
[ ,  ,26,32,49,56,  ,  ,89,]
[9,  ,27,38,  ,  ,66,76,  ,]

[ ,  ,24,  ,41,  ,60,73,80,]
[ ,11,27,32,  ,52,68,  ,  ,]
[3,19,  ,  ,  ,54,  ,77,89,]

[1,  ,21,  ,49,  ,67,70,  ,]
[ ,14,  ,30,  ,55,  ,74,87,]
[8,18,  ,34,  ,58,  ,  ,88,]

[2,  ,26,  ,44,53,  ,  ,90,]
[9,13,  ,35,  ,  ,63,72,  ,]
[ ,16,  ,39,48,  ,69,76,  ,]

[ ,12,  ,33,47,50,  ,  ,81,]
[6,  ,25,  ,  ,56,  ,75,84,]
[7,15,  ,36,  ,  ,61,78,  ,]

[ ,10,22,  ,42,51,  ,  ,82,]
[ ,  ,  ,37,45,57,65,  ,83,]
[4,  ,29,  ,46,  ,66,71,  ,]

[ ,17,20,  ,40,  ,62,  ,85,]
[ ,  ,23,31,43,59,  ,  ,86,]
[5,  ,28,38,  ,  ,64,79,  ,]

[ ,11,  ,34,  ,  ,61,74,87,]
[ ,19,21,  ,49,51,  ,  ,89,]
[2,  ,27,  ,  ,53,63,78,  ,]

[7,  ,26,  ,48,  ,66,72,  ,]
[ ,16,  ,33,  ,52,  ,73,80,]
[8,18,  ,36,  ,58,  ,  ,84,]

[6,  ,29,  ,40,54,  ,  ,88,]
[9,10,  ,31,  ,  ,65,71,  ,]
[ ,12,  ,38,42,  ,68,76,  ,]

[ ,13,  ,30,44,55,  ,  ,81,]
[1,  ,25,  ,  ,56,  ,70,83,]
[4,17,  ,35,  ,  ,69,77,  ,]

[ ,15,22,  ,43,50,  ,  ,82,]
[ ,  ,  ,32,45,57,62,  ,86,]
[5,  ,24,  ,47,  ,64,75,  ,]

[ ,14,20,  ,41,  ,60,  ,85,]
[ ,  ,23,37,46,59,  ,  ,90,]
[3,  ,28,39,  ,  ,67,79,  ,]

[ ,12,  ,31,  ,50,  ,76,81,]
[ ,13,27,  ,44,  ,60,  ,87,]
[4,  ,29,  ,  ,53,63,78,  ,]

[2,  ,22,  ,46,  ,67,72,  ,]
[ ,10,  ,30,  ,54,  ,79,82,]
[3,11,  ,39,  ,55,  ,  ,90,]

[5,  ,20,  ,41,57,  ,  ,84,]
[9,15,  ,32,  ,  ,62,74,  ,]
[ ,19,  ,33,43,  ,64,77,  ,]

[ ,16,  ,36,42,51,  ,  ,85,]
[7,  ,25,  ,  ,58,  ,70,88,]
[8,18,  ,37,  ,  ,66,73,  ,]

[ ,14,23,  ,45,56,  ,  ,80,]
[ ,  ,  ,34,47,59,68,  ,83,]
[1,  ,26,  ,49,  ,69,75,  ,]

[ ,17,21,  ,40,  ,61,  ,86,]
[ ,  ,24,35,48,52,  ,  ,89,]
[6,  ,28,38,  ,  ,65,71,  ,]

[ ,  ,21,  ,47,  ,61,70,87,]
[ ,11,28,32,  ,54,  ,  ,89,]
[3,16,  ,  ,  ,56,65,77,  ,]

[1,  ,22,  ,46,  ,69,73,  ,]
[ ,10,  ,36,  ,50,  ,76,81,]
[2,19,  ,39,  ,52,  ,  ,90,]

[4,  ,24,  ,41,51,  ,  ,88,]
[5,14,  ,37,  ,  ,62,72,  ,]
[ ,15,  ,38,48,  ,63,79,  ,]

[ ,13,  ,30,49,53,  ,  ,85,]
[7,  ,25,  ,  ,59,  ,74,86,]
[8,17,  ,35,  ,  ,67,78,  ,]

[ ,18,23,  ,40,55,  ,  ,80,]
[ ,  ,  ,34,42,57,60,  ,83,]
[9,  ,29,  ,44,  ,68,71,  ,]

[ ,12,20,  ,43,  ,64,  ,82,]
[ ,  ,26,31,45,58,  ,  ,84,]
[6,  ,27,33,  ,  ,66,75,  ,]

[5,10,  ,  ,  ,52,  ,75,81,]
[ ,14,20,  ,41,54,60,  ,  ,]
[ ,  ,22,34,  ,  ,66,79,88,]

[3,  ,26,  ,48,  ,69,71,  ,]
[ ,13,  ,31,  ,51,  ,73,84,]
[6,18,  ,38,  ,56,  ,  ,85,]

[1,  ,21,  ,44,57,  ,  ,80,]
[2,11,  ,36,  ,  ,62,70,  ,]
[ ,16,  ,37,47,  ,68,77,  ,]

[ ,12,  ,33,43,50,  ,  ,86,]
[4,  ,23,  ,  ,55,  ,72,90,]
[9,15,  ,35,  ,  ,67,78,  ,]

[ ,17,24,  ,40,53,  ,  ,83,]
[ ,  ,  ,32,45,59,64,  ,89,]
[8,  ,27,  ,46,  ,65,76,  ,]

[ ,19,25,  ,42,  ,61,  ,82,]
[ ,  ,28,30,49,58,  ,  ,87,]
[7,  ,29,39,  ,  ,63,74,  ,]

[ ,  ,23,35,  ,54,64,73,  ,]
[4,14,24,  ,  ,  ,69,  ,85,]
[ ,17,  ,  ,49,57,  ,75,90,]

[1,  ,29,  ,43,  ,63,71,  ,]
[ ,13,  ,34,  ,55,  ,76,80,]
[8,16,  ,37,  ,59,  ,  ,86,]

[3,  ,25,  ,44,50,  ,  ,81,]
[6,11,  ,31,  ,  ,65,72,  ,]
[ ,18,  ,38,45,  ,66,79,  ,]

[ ,15,  ,32,42,51,  ,  ,84,]
[2,  ,27,  ,  ,53,  ,77,89,]
[5,19,  ,36,  ,  ,61,78,  ,]

[ ,12,20,  ,40,56,  ,  ,82,]
[ ,  ,  ,33,41,58,60,  ,88,]
[7,  ,21,  ,47,  ,62,74,  ,]

[ ,10,22,  ,46,  ,67,  ,83,]
[ ,  ,26,30,48,52,  ,  ,87,]
[9,  ,28,39,  ,  ,68,70,  ,]

[7,  ,26,  ,  ,  ,60,72,82,]
[ ,17,27,  ,48,51,  ,  ,88,]
[ ,18,  ,35,  ,57,64,79,  ,]

[2,  ,28,  ,43,  ,68,75,  ,]
[ ,13,  ,30,  ,50,  ,77,84,]
[6,19,  ,34,  ,58,  ,  ,90,]

[3,  ,24,  ,40,56,  ,  ,83,]
[5,15,  ,33,  ,  ,61,71,  ,]
[ ,16,  ,39,46,  ,69,76,  ,]

[ ,11,  ,36,47,52,  ,  ,85,]
[4,  ,21,  ,  ,53,  ,73,89,]
[8,12,  ,37,  ,  ,67,74,  ,]

[ ,14,25,  ,42,55,  ,  ,80,]
[ ,  ,  ,38,45,59,62,  ,86,]
[1,  ,29,  ,49,  ,63,78,  ,]

[ ,10,20,  ,41,  ,65,  ,81,]
[ ,  ,22,31,44,54,  ,  ,87,]
[9,  ,23,32,  ,  ,66,70,  ,]

[8,  ,23,  ,  ,51,  ,72,81,]
[ ,10,29,30,  ,  ,63,  ,85,]
[ ,14,  ,  ,49,58,64,77,  ,]

[4,  ,27,  ,43,  ,69,70,  ,]
[ ,15,  ,31,  ,52,  ,79,86,]
[9,19,  ,36,  ,54,  ,  ,89,]

[1,  ,26,  ,44,56,  ,  ,82,]
[7,12,  ,35,  ,  ,60,76,  ,]
[ ,13,  ,38,47,  ,65,78,  ,]

[ ,11,  ,34,41,55,  ,  ,83,]
[3,  ,28,  ,  ,59,  ,73,84,]
[5,16,  ,37,  ,  ,61,74,  ,]

[ ,17,22,  ,40,50,  ,  ,88,]
[ ,  ,  ,33,42,53,62,  ,90,]
[2,  ,24,  ,45,  ,67,71,  ,]

[ ,18,20,  ,46,  ,66,  ,80,]
[ ,  ,21,32,48,57,  ,  ,87,]
[6,  ,25,39,  ,  ,68,75,  ,]

[ ,  ,20,  ,49,  ,63,71,86,]
[ ,15,22,31,  ,51,69,  ,  ,]
[1,19,  ,  ,  ,58,  ,72,90,]

[3,  ,26,  ,41,  ,67,73,  ,]
[ ,11,  ,36,  ,53,  ,74,81,]
[5,16,  ,38,  ,56,  ,  ,84,]

[4,  ,27,  ,42,54,  ,  ,87,]
[8,13,  ,37,  ,  ,60,77,  ,]
[ ,17,  ,39,43,  ,66,78,  ,]

[ ,10,  ,30,47,50,  ,  ,80,]
[2,  ,21,  ,  ,55,  ,75,83,]
[7,18,  ,35,  ,  ,62,76,  ,]

[ ,14,25,  ,44,52,  ,  ,82,]
[ ,  ,  ,33,46,59,61,  ,88,]
[9,  ,29,  ,48,  ,64,70,  ,]

[ ,12,23,  ,40,  ,65,  ,85,]
[ ,  ,24,32,45,57,  ,  ,89,]
[6,  ,28,34,  ,  ,68,79,  ,]

[ ,  ,22,33,  ,  ,60,75,87,]
[3,15,26,  ,  ,55,  ,  ,89,]
[ ,16,  ,  ,47,56,69,79,  ,]

[1,  ,21,  ,40,  ,65,71,  ,]
[ ,17,  ,36,  ,50,  ,78,85,]
[6,18,  ,39,  ,52,  ,  ,90,]

[5,  ,27,  ,42,51,  ,  ,82,]
[8,12,  ,31,  ,  ,61,72,  ,]
[ ,19,  ,37,46,  ,66,73,  ,]

[ ,11,  ,30,41,53,  ,  ,81,]
[7,  ,28,  ,  ,59,  ,70,84,]
[9,14,  ,35,  ,  ,64,77,  ,]

[ ,13,24,  ,43,57,  ,  ,80,]
[ ,  ,  ,32,44,58,62,  ,86,]
[2,  ,29,  ,48,  ,67,74,  ,]

[ ,10,20,  ,45,  ,63,  ,83,]
[ ,  ,23,34,49,54,  ,  ,88,]
[4,  ,25,38,  ,  ,68,76,  ,]

[ ,13,  ,37,  ,53,  ,72,82,]
[7,14,22,  ,  ,  ,61,  ,90,]
[ ,  ,27,  ,45,55,62,76,  ,]

[4,  ,25,  ,49,  ,65,71,  ,]
[ ,18,  ,31,  ,57,  ,75,84,]
[8,19,  ,34,  ,59,  ,  ,86,]

[1,  ,20,  ,40,56,  ,  ,85,]
[2,11,  ,32,  ,  ,66,70,  ,]
[ ,12,  ,39,41,  ,68,74,  ,]

[ ,16,  ,33,47,52,  ,  ,87,]
[3,  ,21,  ,  ,54,  ,77,88,]
[6,17,  ,35,  ,  ,69,79,  ,]

[ ,15,23,  ,44,51,  ,  ,80,]
[ ,  ,  ,30,46,58,60,  ,83,]
[9,  ,24,  ,48,  ,64,78,  ,]

[ ,10,26,  ,42,  ,63,  ,81,]
[ ,  ,28,36,43,50,  ,  ,89,]
[5,  ,29,38,  ,  ,67,73,  ,]

[7,  ,21,  ,  ,51,63,74,  ,]
[ ,14,27,39,  ,  ,64,  ,83,]
[ ,19,  ,  ,49,55,  ,75,87,]

[1,  ,20,  ,47,  ,69,71,  ,]
[ ,17,  ,36,  ,50,  ,79,84,]
[4,18,  ,37,  ,59,  ,  ,90,]

[6,  ,22,  ,42,58,  ,  ,89,]
[8,10,  ,30,  ,  ,65,72,  ,]
[ ,11,  ,32,46,  ,66,76,  ,]

[ ,13,  ,33,48,52,  ,  ,80,]
[5,  ,29,  ,  ,53,  ,70,81,]
[9,15,  ,38,  ,  ,61,73,  ,]

[ ,16,23,  ,43,54,  ,  ,82,]
[ ,  ,  ,34,44,56,62,  ,88,]
[2,  ,28,  ,45,  ,67,78,  ,]

[ ,12,24,  ,40,  ,60,  ,85,]
[ ,  ,25,31,41,57,  ,  ,86,]
[3,  ,26,35,  ,  ,68,77,  ,]

[7,  ,21,  ,  ,50,  ,74,80,]
[ ,11,26,31,  ,  ,61,  ,90,]
[ ,19,  ,  ,43,55,62,79,  ,]

[3,  ,23,  ,40,  ,67,73,  ,]
[ ,16,  ,33,  ,54,  ,76,82,]
[5,17,  ,38,  ,57,  ,  ,88,]

[1,  ,28,  ,46,59,  ,  ,89,]
[2,10,  ,32,  ,  ,65,71,  ,]
[ ,13,  ,39,48,  ,69,78,  ,]

[ ,14,  ,30,47,51,  ,  ,85,]
[4,  ,24,  ,  ,56,  ,72,86,]
[6,15,  ,35,  ,  ,63,77,  ,]

[ ,18,25,  ,41,52,  ,  ,81,]
[ ,  ,  ,36,42,53,60,  ,87,]
[9,  ,29,  ,49,  ,66,75,  ,]

[ ,12,20,  ,44,  ,64,  ,83,]
[ ,  ,22,34,45,58,  ,  ,84,]
[8,  ,27,37,  ,  ,68,70,  ,]

[1,  ,24,  ,  ,55,  ,78,80,]
[ ,17,25,30,  ,57,63,  ,  ,]
[ ,18,  ,  ,43,  ,64,79,89,]

[7,  ,20,  ,49,  ,60,70,  ,]
[ ,15,  ,34,  ,56,  ,71,82,]
[8,19,  ,37,  ,59,  ,  ,84,]

[3,  ,22,  ,46,54,  ,  ,88,]
[4,10,  ,35,  ,  ,61,75,  ,]
[ ,14,  ,38,48,  ,65,77,  ,]

[ ,12,  ,32,45,50,  ,  ,87,]
[2,  ,28,  ,  ,58,  ,72,90,]
[6,13,  ,36,  ,  ,67,73,  ,]

[ ,16,21,  ,40,52,  ,  ,85,]
[ ,  ,  ,39,41,53,62,  ,86,]
[9,  ,27,  ,44,  ,69,74,  ,]

[ ,11,23,  ,42,  ,66,  ,81,]
[ ,  ,26,31,47,51,  ,  ,83,]
[5,  ,29,33,  ,  ,68,76,  ,]

[9,  ,22,  ,  ,53,  ,73,83,]
[ ,14,26,30,  ,  ,64,  ,88,]
[ ,18,  ,  ,44,59,65,75,  ,]

[2,  ,29,  ,47,  ,62,71,  ,]
[ ,11,  ,32,  ,52,  ,78,84,]
[4,17,  ,35,  ,58,  ,  ,86,]

[6,  ,20,  ,40,51,  ,  ,90,]
[7,10,  ,33,  ,  ,67,70,  ,]
[ ,15,  ,34,46,  ,68,72,  ,]

[ ,13,  ,31,45,50,  ,  ,80,]
[1,  ,27,  ,  ,57,  ,74,85,]
[5,16,  ,37,  ,  ,66,76,  ,]

[ ,12,24,  ,42,55,  ,  ,82,]
[ ,  ,  ,38,43,56,61,  ,87,]
[3,  ,28,  ,49,  ,63,77,  ,]

[ ,19,21,  ,41,  ,60,  ,81,]
[ ,  ,23,36,48,54,  ,  ,89,]
[8,  ,25,39,  ,  ,69,79,  ,]

[7,10,  ,  ,  ,  ,63,72,80,]
[ ,11,23,  ,46,50,  ,  ,84,]
[ ,  ,29,35,  ,58,65,78,  ,]

[4,  ,21,  ,44,  ,69,77,  ,]
[ ,12,  ,30,  ,51,  ,79,81,]
[6,15,  ,39,  ,55,  ,  ,89,]

[3,  ,25,  ,40,53,  ,  ,88,]
[9,17,  ,32,  ,  ,61,71,  ,]
[ ,18,  ,36,47,  ,68,73,  ,]

[ ,13,  ,33,43,57,  ,  ,86,]
[1,  ,28,  ,  ,59,  ,74,87,]
[5,19,  ,34,  ,  ,66,75,  ,]

[ ,16,20,  ,45,52,  ,  ,83,]
[ ,  ,  ,38,48,56,60,  ,90,]
[8,  ,24,  ,49,  ,67,70,  ,]

[ ,14,22,  ,41,  ,62,  ,82,]
[ ,  ,26,31,42,54,  ,  ,85,]
[2,  ,27,37,  ,  ,64,76,  ,]

[ ,  ,26,  ,49,54,65,71,  ,]
[1,10,29,  ,  ,  ,67,  ,85,]
[ ,19,  ,33,  ,58,  ,75,86,]

[3,  ,25,  ,43,  ,64,73,  ,]
[ ,15,  ,32,  ,50,  ,79,80,]
[7,17,  ,38,  ,59,  ,  ,82,]

[2,  ,24,  ,46,53,  ,  ,90,]
[5,12,  ,30,  ,  ,60,70,  ,]
[ ,14,  ,34,48,  ,63,77,  ,]

[ ,16,  ,31,45,52,  ,  ,81,]
[8,  ,28,  ,  ,57,  ,72,83,]
[9,18,  ,35,  ,  ,61,76,  ,]

[ ,13,21,  ,41,55,  ,  ,84,]
[ ,  ,  ,36,42,56,62,  ,88,]
[6,  ,22,  ,44,  ,69,74,  ,]

[ ,11,20,  ,40,  ,66,  ,87,]
[ ,  ,23,37,47,51,  ,  ,89,]
[4,  ,27,39,  ,  ,68,78,  ,]

[ ,17,  ,  ,41,  ,68,71,84,]
[ ,18,21,32,  ,53,  ,  ,86,]
[8,  ,22,  ,  ,55,69,78,  ,]

[3,  ,20,  ,45,  ,66,75,  ,]
[ ,13,  ,30,  ,54,  ,79,80,]
[6,15,  ,31,  ,56,  ,  ,85,]

[2,  ,25,  ,43,58,  ,  ,88,]
[9,12,  ,34,  ,  ,60,76,  ,]
[ ,14,  ,38,49,  ,63,77,  ,]

[ ,10,  ,33,42,52,  ,  ,82,]
[1,  ,24,  ,  ,59,  ,73,90,]
[5,16,  ,36,  ,  ,62,74,  ,]

[ ,11,26,  ,44,50,  ,  ,81,]
[ ,  ,  ,37,47,51,61,  ,87,]
[7,  ,28,  ,48,  ,64,72,  ,]

[ ,19,23,  ,40,  ,65,  ,83,]
[ ,  ,27,35,46,57,  ,  ,89,]
[4,  ,29,39,  ,  ,67,70,  ,]

[6,15,  ,  ,  ,  ,61,78,80,]
[ ,16,20,30,  ,57,  ,  ,88,]
[ ,  ,27,  ,46,59,68,79,  ,]

[5,  ,29,  ,47,  ,63,71,  ,]
[ ,13,  ,34,  ,51,  ,77,87,]
[7,17,  ,37,  ,53,  ,  ,89,]

[3,  ,25,  ,41,54,  ,  ,83,]
[4,10,  ,35,  ,  ,60,72,  ,]
[ ,12,  ,38,43,  ,67,75,  ,]

[ ,18,  ,31,45,50,  ,  ,82,]
[8,  ,22,  ,  ,55,  ,70,85,]
[9,19,  ,36,  ,  ,69,74,  ,]

[ ,11,23,  ,40,52,  ,  ,81,]
[ ,  ,  ,33,44,58,64,  ,90,]
[2,  ,24,  ,49,  ,65,76,  ,]

[ ,14,21,  ,42,  ,62,  ,84,]
[ ,  ,26,32,48,56,  ,  ,86,]
[1,  ,28,39,  ,  ,66,73,  ,]

[ ,  ,21,36,  ,51,60,73,  ,]
[ ,13,29,  ,45,  ,61,  ,84,]
[9,18,  ,  ,  ,52,  ,78,86,]

[1,  ,24,  ,44,  ,65,75,  ,]
[ ,15,  ,30,  ,50,  ,76,82,]
[2,17,  ,34,  ,55,  ,  ,85,]

[3,  ,20,  ,41,54,  ,  ,83,]
[5,11,  ,33,  ,  ,67,72,  ,]
[ ,12,  ,38,48,  ,69,77,  ,]

[ ,10,  ,31,46,56,  ,  ,81,]
[4,  ,26,  ,  ,59,  ,70,88,]
[6,19,  ,32,  ,  ,66,79,  ,]

[ ,14,23,  ,42,57,  ,  ,89,]
[ ,  ,  ,37,43,58,62,  ,90,]
[7,  ,28,  ,49,  ,64,74,  ,]

[ ,16,22,  ,40,  ,63,  ,80,]
[ ,  ,25,35,47,53,  ,  ,87,]
[8,  ,27,39,  ,  ,68,71,  ,]

[ ,  ,21,33,  ,50,  ,75,80,]
[ ,11,29,  ,41,  ,60,  ,88,]
[7,12,  ,  ,  ,59,68,76,  ,]

[5,  ,27,  ,40,  ,66,70,  ,]
[ ,14,  ,35,  ,53,  ,73,81,]
[9,15,  ,37,  ,55,  ,  ,83,]

[1,  ,20,  ,46,57,  ,  ,90,]
[8,18,  ,31,  ,  ,61,71,  ,]
[ ,19,  ,34,47,  ,65,74,  ,]

[ ,16,  ,32,43,54,  ,  ,82,]
[4,  ,24,  ,  ,56,  ,72,86,]
[6,17,  ,39,  ,  ,62,78,  ,]

[ ,10,25,  ,42,51,  ,  ,87,]
[ ,  ,  ,36,44,58,67,  ,89,]
[2,  ,26,  ,45,  ,69,77,  ,]

[ ,13,22,  ,48,  ,63,  ,84,]
[ ,  ,23,30,49,52,  ,  ,85,]
[3,  ,28,38,  ,  ,64,79,  ,]

[ ,  ,25,37,  ,50,60,71,  ,]
[ ,10,28,  ,44,  ,62,  ,85,]
[3,17,  ,  ,  ,51,  ,77,87,]

[2,  ,21,  ,40,  ,65,76,  ,]
[ ,11,  ,30,  ,55,  ,78,81,]
[7,13,  ,33,  ,56,  ,  ,83,]

[5,  ,26,  ,45,54,  ,  ,80,]
[9,14,  ,38,  ,  ,64,70,  ,]
[ ,15,  ,39,47,  ,66,73,  ,]

[ ,12,  ,32,46,53,  ,  ,84,]
[6,  ,20,  ,  ,57,  ,72,86,]
[8,19,  ,35,  ,  ,67,79,  ,]

[ ,18,22,  ,41,52,  ,  ,82,]
[ ,  ,  ,31,42,59,68,  ,88,]
[4,  ,27,  ,48,  ,69,75,  ,]

[ ,16,23,  ,43,  ,61,  ,89,]
[ ,  ,24,34,49,58,  ,  ,90,]
[1,  ,29,36,  ,  ,63,74,  ,]

[ ,10,  ,33,  ,51,63,74,  ,]
[3,19,20,  ,  ,55,  ,  ,85,]
[ ,  ,29,  ,46,  ,65,79,88,]

[8,  ,25,  ,47,  ,68,75,  ,]
[ ,15,  ,35,  ,53,  ,78,80,]
[9,18,  ,36,  ,59,  ,  ,90,]

[5,  ,24,  ,42,50,  ,  ,82,]
[7,14,  ,31,  ,  ,64,73,  ,]
[ ,17,  ,38,45,  ,67,76,  ,]

[ ,11,  ,30,49,52,  ,  ,83,]
[4,  ,23,  ,  ,57,  ,71,84,]
[6,13,  ,39,  ,  ,61,77,  ,]

[ ,16,21,  ,41,54,  ,  ,87,]
[ ,  ,  ,32,44,56,62,  ,89,]
[1,  ,28,  ,48,  ,66,72,  ,]

[ ,12,22,  ,40,  ,60,  ,81,]
[ ,  ,26,34,43,58,  ,  ,86,]
[2,  ,27,37,  ,  ,69,70,  ,]

[ ,  ,24,31,  ,51,  ,76,89,]
[6,11,25,  ,  ,55,61,  ,  ,]
[ ,19,  ,  ,44,  ,67,78,90,]

[5,  ,28,  ,45,  ,66,72,  ,]
[ ,16,  ,37,  ,54,  ,75,87,]
[7,18,  ,38,  ,57,  ,  ,88,]

[4,  ,29,  ,41,52,  ,  ,86,]
[8,10,  ,33,  ,  ,60,73,  ,]
[ ,12,  ,39,47,  ,65,74,  ,]

[ ,13,  ,34,48,50,  ,  ,81,]
[3,  ,20,  ,  ,58,  ,70,82,]
[9,14,  ,35,  ,  ,62,77,  ,]

[ ,17,21,  ,40,56,  ,  ,80,]
[ ,  ,  ,30,43,59,64,  ,84,]
[1,  ,23,  ,49,  ,69,79,  ,]

[ ,15,22,  ,42,  ,63,  ,83,]
[ ,  ,26,32,46,53,  ,  ,85,]
[2,  ,27,36,  ,  ,68,71,  ,]

[ ,10,  ,  ,45,52,  ,73,86,]
[7,12,24,  ,  ,  ,61,  ,88,]
[ ,  ,25,30,  ,57,65,77,  ,]

[2,  ,27,  ,49,  ,66,76,  ,]
[ ,13,  ,35,  ,53,  ,79,85,]
[4,18,  ,36,  ,59,  ,  ,87,]

[1,  ,22,  ,41,58,  ,  ,84,]
[3,11,  ,31,  ,  ,63,71,  ,]
[ ,17,  ,34,42,  ,67,74,  ,]

[ ,14,  ,32,47,55,  ,  ,80,]
[5,  ,28,  ,  ,56,  ,70,82,]
[6,16,  ,33,  ,  ,64,78,  ,]

[ ,15,20,  ,44,51,  ,  ,81,]
[ ,  ,  ,37,46,54,60,  ,90,]
[9,  ,29,  ,48,  ,69,75,  ,]

[ ,19,21,  ,40,  ,62,  ,83,]
[ ,  ,23,38,43,50,  ,  ,89,]
[8,  ,26,39,  ,  ,68,72,  ,]

[ ,  ,21,34,  ,54,  ,76,84,]
[ ,13,27,  ,44,57,68,  ,  ,]
[5,18,  ,  ,  ,  ,69,78,88,]

[3,  ,29,  ,45,  ,62,70,  ,]
[ ,14,  ,30,  ,50,  ,72,81,]
[9,16,  ,33,  ,58,  ,  ,89,]

[6,  ,25,  ,47,59,  ,  ,83,]
[8,15,  ,36,  ,  ,60,75,  ,]
[ ,17,  ,38,49,  ,63,79,  ,]

[ ,10,  ,32,43,53,  ,  ,82,]
[1,  ,22,  ,  ,55,  ,71,85,]
[7,19,  ,39,  ,  ,65,77,  ,]

[ ,11,20,  ,40,51,  ,  ,86,]
[ ,  ,  ,37,46,56,61,  ,87,]
[2,  ,23,  ,48,  ,67,73,  ,]

[ ,12,24,  ,41,  ,64,  ,80,]
[ ,  ,26,31,42,52,  ,  ,90,]
[4,  ,28,35,  ,  ,66,74,  ,]

[6,16,  ,  ,  ,53,61,75,  ,]
[ ,19,27,34,  ,  ,66,  ,80,]
[ ,  ,29,  ,47,59,  ,77,84,]

[3,  ,25,  ,40,  ,63,72,  ,]
[ ,11,  ,35,  ,56,  ,78,85,]
[5,14,  ,36,  ,57,  ,  ,86,]

[1,  ,28,  ,42,51,  ,  ,87,]
[2,12,  ,31,  ,  ,60,71,  ,]
[ ,17,  ,38,46,  ,69,79,  ,]

[ ,10,  ,32,45,50,  ,  ,83,]
[4,  ,21,  ,  ,58,  ,74,88,]
[8,15,  ,37,  ,  ,68,76,  ,]

[ ,13,20,  ,41,54,  ,  ,81,]
[ ,  ,  ,39,43,55,62,  ,89,]
[7,  ,22,  ,49,  ,64,73,  ,]

[ ,18,23,  ,44,  ,65,  ,82,]
[ ,  ,24,30,48,52,  ,  ,90,]
[9,  ,26,33,  ,  ,67,70,  ,]

[ ,  ,26,  ,41,  ,62,73,81,]
[8,12,28,  ,  ,53,69,  ,  ,]
[ ,14,  ,32,  ,54,  ,78,83,]

[2,  ,24,  ,42,  ,65,72,  ,]
[ ,11,  ,33,  ,52,  ,74,85,]
[3,17,  ,35,  ,57,  ,  ,87,]

[1,  ,29,  ,44,50,  ,  ,88,]
[6,10,  ,34,  ,  ,63,70,  ,]
[ ,18,  ,38,47,  ,64,71,  ,]

[ ,15,  ,31,48,55,  ,  ,82,]
[5,  ,25,  ,  ,58,  ,77,86,]
[9,19,  ,37,  ,  ,61,79,  ,]

[ ,16,22,  ,43,51,  ,  ,80,]
[ ,  ,  ,39,45,56,66,  ,90,]
[4,  ,27,  ,49,  ,68,75,  ,]

[ ,13,20,  ,40,  ,60,  ,84,]
[ ,  ,21,30,46,59,  ,  ,89,]
[7,  ,23,36,  ,  ,67,76,  ,]

[6,  ,20,  ,  ,  ,60,72,81,]
[ ,10,28,  ,47,51,68,  ,  ,]
[ ,19,  ,32,  ,53,  ,76,86,]

[3,  ,21,  ,46,  ,64,74,  ,]
[ ,11,  ,34,  ,52,  ,75,80,]
[5,14,  ,37,  ,59,  ,  ,85,]

[1,  ,27,  ,40,57,  ,  ,87,]
[7,12,  ,30,  ,  ,66,70,  ,]
[ ,17,  ,39,44,  ,69,79,  ,]

[ ,13,  ,33,49,54,  ,  ,82,]
[4,  ,22,  ,  ,55,  ,71,88,]
[9,16,  ,35,  ,  ,61,73,  ,]

[ ,18,25,  ,41,56,  ,  ,83,]
[ ,  ,  ,36,42,58,63,  ,89,]
[2,  ,29,  ,48,  ,65,78,  ,]

[ ,15,23,  ,43,  ,62,  ,84,]
[ ,  ,24,31,45,50,  ,  ,90,]
[8,  ,26,38,  ,  ,67,77,  ,]

[ ,17,  ,  ,45,  ,64,75,85,]
[ ,18,27,39,  ,51,  ,  ,89,]
[5,  ,28,  ,  ,57,69,79,  ,]

[1,  ,29,  ,49,  ,61,74,  ,]
[ ,10,  ,31,  ,56,  ,78,86,]
[6,11,  ,35,  ,59,  ,  ,88,]

[8,  ,25,  ,46,50,  ,  ,82,]
[9,14,  ,32,  ,  ,63,72,  ,]
[ ,19,  ,33,47,  ,67,76,  ,]

[ ,13,  ,37,48,52,  ,  ,80,]
[2,  ,24,  ,  ,58,  ,70,81,]
[4,15,  ,38,  ,  ,60,77,  ,]

[ ,12,20,  ,41,54,  ,  ,83,]
[ ,  ,  ,36,43,55,66,  ,84,]
[3,  ,26,  ,44,  ,68,73,  ,]

[ ,16,21,  ,40,  ,62,  ,87,]
[ ,  ,22,30,42,53,  ,  ,90,]
[7,  ,23,34,  ,  ,65,71,  ,]

[4,10,  ,  ,  ,53,  ,74,80,]
[ ,14,21,  ,45,  ,60,  ,89,]
[ ,  ,22,35,  ,54,68,78,  ,]

[6,  ,20,  ,49,  ,63,70,  ,]
[ ,11,  ,30,  ,55,  ,79,82,]
[8,15,  ,39,  ,58,  ,  ,83,]

[3,  ,28,  ,41,59,  ,  ,84,]
[7,13,  ,34,  ,  ,64,71,  ,]
[ ,16,  ,36,48,  ,65,72,  ,]

[ ,17,  ,33,47,50,  ,  ,81,]
[1,  ,29,  ,  ,52,  ,75,87,]
[5,19,  ,38,  ,  ,66,76,  ,]

[ ,18,23,  ,42,51,  ,  ,88,]
[ ,  ,  ,32,44,57,61,  ,90,]
[2,  ,27,  ,46,  ,67,73,  ,]

[ ,12,24,  ,40,  ,62,  ,85,]
[ ,  ,25,31,43,56,  ,  ,86,]
[9,  ,26,37,  ,  ,69,77,  ,]

[ ,13,  ,32,  ,  ,61,70,89,]
[ ,17,24,  ,41,54,  ,  ,90,]
[6,  ,28,  ,  ,56,69,77,  ,]

[2,  ,20,  ,48,  ,68,73,  ,]
[ ,12,  ,37,  ,52,  ,79,80,]
[9,18,  ,38,  ,58,  ,  ,87,]

[4,  ,21,  ,43,50,  ,  ,88,]
[8,11,  ,34,  ,  ,63,72,  ,]
[ ,14,  ,35,49,  ,67,74,  ,]

[ ,15,  ,36,46,57,  ,  ,82,]
[3,  ,29,  ,  ,59,  ,71,83,]
[5,19,  ,39,  ,  ,64,76,  ,]

[ ,10,22,  ,40,53,  ,  ,81,]
[ ,  ,  ,31,44,55,62,  ,84,]
[1,  ,25,  ,45,  ,65,78,  ,]

[ ,16,23,  ,42,  ,60,  ,85,]
[ ,  ,26,30,47,51,  ,  ,86,]
[7,  ,27,33,  ,  ,66,75,  ,]

[ ,  ,21,  ,42,  ,61,70,81,]
[4,13,29,  ,  ,52,  ,  ,89,]
[ ,16,  ,38,  ,54,63,76,  ,]

[1,  ,28,  ,41,  ,60,73,  ,]
[ ,10,  ,30,  ,56,  ,77,83,]
[5,12,  ,33,  ,58,  ,  ,88,]

[2,  ,22,  ,43,57,  ,  ,90,]
[8,15,  ,35,  ,  ,64,78,  ,]
[ ,18,  ,39,44,  ,67,79,  ,]

[ ,17,  ,36,45,51,  ,  ,84,]
[6,  ,24,  ,  ,59,  ,71,85,]
[7,19,  ,37,  ,  ,69,72,  ,]

[ ,14,20,  ,40,53,  ,  ,86,]
[ ,  ,  ,32,46,55,65,  ,87,]
[9,  ,26,  ,47,  ,68,74,  ,]

[ ,11,23,  ,48,  ,62,  ,80,]
[ ,  ,25,31,49,50,  ,  ,82,]
[3,  ,27,34,  ,  ,66,75,  ,]

[3,  ,21,  ,  ,56,  ,73,80,]
[ ,12,24,  ,48,  ,67,  ,88,]
[ ,18,  ,32,  ,58,68,74,  ,]

[6,  ,20,  ,43,  ,62,77,  ,]
[ ,13,  ,30,  ,50,  ,79,83,]
[7,17,  ,39,  ,57,  ,  ,86,]

[1,  ,25,  ,41,52,  ,  ,85,]
[4,11,  ,31,  ,  ,60,71,  ,]
[ ,15,  ,38,49,  ,69,72,  ,]

[ ,10,  ,35,44,53,  ,  ,84,]
[2,  ,26,  ,  ,55,  ,75,90,]
[5,19,  ,37,  ,  ,64,76,  ,]

[ ,16,23,  ,42,54,  ,  ,81,]
[ ,  ,  ,34,45,59,65,  ,82,]
[8,  ,29,  ,47,  ,66,78,  ,]

[ ,14,22,  ,40,  ,61,  ,87,]
[ ,  ,27,33,46,51,  ,  ,89,]
[9,  ,28,36,  ,  ,63,70,  ,]

[ ,  ,20,  ,41,  ,66,72,85,]
[5,13,29,  ,  ,50,69,  ,  ,]
[ ,16,  ,32,  ,59,  ,77,86,]

[7,  ,28,  ,44,  ,68,74,  ,]
[ ,15,  ,34,  ,53,  ,75,83,]
[8,19,  ,35,  ,56,  ,  ,84,]

[2,  ,25,  ,40,57,  ,  ,90,]
[9,11,  ,33,  ,  ,62,76,  ,]
[ ,18,  ,39,49,  ,64,78,  ,]

[ ,14,  ,30,46,52,  ,  ,82,]
[3,  ,27,  ,  ,58,  ,71,89,]
[6,17,  ,36,  ,  ,60,73,  ,]

[ ,12,21,  ,45,54,  ,  ,80,]
[ ,  ,  ,38,47,55,63,  ,81,]
[1,  ,22,  ,48,  ,65,70,  ,]

[ ,10,23,  ,42,  ,61,  ,87,]
[ ,  ,24,31,43,51,  ,  ,88,]
[4,  ,26,37,  ,  ,67,79,  ,]

[2,15,  ,  ,  ,57,  ,73,81,]
[ ,18,22,  ,48,59,63,  ,  ,]
[ ,  ,23,39,  ,  ,68,76,88,]

[5,  ,29,  ,46,  ,60,77,  ,]
[ ,14,  ,32,  ,50,  ,78,87,]
[9,16,  ,35,  ,51,  ,  ,89,]

[1,  ,24,  ,40,52,  ,  ,90,]
[8,13,  ,36,  ,  ,64,70,  ,]
[ ,19,  ,37,42,  ,69,72,  ,]

[ ,10,  ,30,47,55,  ,  ,82,]
[6,  ,20,  ,  ,58,  ,71,86,]
[7,12,  ,33,  ,  ,62,79,  ,]

[ ,11,27,  ,41,53,  ,  ,83,]
[ ,  ,  ,34,43,56,66,  ,85,]
[4,  ,28,  ,44,  ,67,74,  ,]

[ ,17,21,  ,45,  ,61,  ,80,]
[ ,  ,25,31,49,54,  ,  ,84,]
[3,  ,26,38,  ,  ,65,75,  ,]

[4,  ,24,  ,  ,54,65,74,  ,]
[ ,10,26,  ,42,56,  ,  ,80,]
[ ,19,  ,39,  ,  ,69,75,85,]

[2,  ,21,  ,44,  ,63,76,  ,]
[ ,14,  ,31,  ,51,  ,78,83,]
[6,16,  ,34,  ,57,  ,  ,86,]

[3,  ,20,  ,46,50,  ,  ,90,]
[5,11,  ,35,  ,  ,64,70,  ,]
[ ,13,  ,37,48,  ,66,73,  ,]

[ ,15,  ,32,49,58,  ,  ,81,]
[1,  ,28,  ,  ,59,  ,72,88,]
[7,17,  ,38,  ,  ,61,79,  ,]

[ ,18,23,  ,40,52,  ,  ,87,]
[ ,  ,  ,33,41,53,67,  ,89,]
[9,  ,27,  ,43,  ,68,77,  ,]

[ ,12,22,  ,45,  ,60,  ,82,]
[ ,  ,25,30,47,55,  ,  ,84,]
[8,  ,29,36,  ,  ,62,71,  ,]

[5,14,  ,  ,  ,  ,66,73,86,]
[ ,16,23,35,  ,52,  ,  ,87,]
[ ,  ,26,  ,42,53,69,78,  ,]

[3,  ,27,  ,43,  ,64,74,  ,]
[ ,11,  ,34,  ,50,  ,76,82,]
[4,19,  ,39,  ,51,  ,  ,89,]

[1,  ,21,  ,46,55,  ,  ,88,]
[2,12,  ,37,  ,  ,65,72,  ,]
[ ,15,  ,38,49,  ,68,75,  ,]

[ ,10,  ,30,40,56,  ,  ,83,]
[8,  ,22,  ,  ,59,  ,70,85,]
[9,18,  ,36,  ,  ,63,71,  ,]

[ ,17,24,  ,41,57,  ,  ,81,]
[ ,  ,  ,32,45,58,61,  ,84,]
[6,  ,29,  ,47,  ,62,77,  ,]

[ ,13,20,  ,44,  ,60,  ,80,]
[ ,  ,25,31,48,54,  ,  ,90,]
[7,  ,28,33,  ,  ,67,79,  ,]

[ ,  ,21,30,  ,  ,60,76,84,]
[4,16,27,  ,  ,58,64,  ,  ,]
[ ,17,  ,  ,49,59,  ,79,88,]

[5,  ,23,  ,48,  ,66,70,  ,]
[ ,15,  ,37,  ,51,  ,78,82,]
[7,18,  ,38,  ,56,  ,  ,90,]

[2,  ,22,  ,45,52,  ,  ,83,]
[9,10,  ,31,  ,  ,68,73,  ,]
[ ,13,  ,32,46,  ,69,74,  ,]

[ ,12,  ,35,44,54,  ,  ,81,]
[3,  ,25,  ,  ,55,  ,75,87,]
[8,19,  ,36,  ,  ,65,77,  ,]

[ ,14,20,  ,40,50,  ,  ,85,]
[ ,  ,  ,39,41,53,62,  ,86,]
[1,  ,24,  ,42,  ,67,72,  ,]

[ ,11,26,  ,43,  ,61,  ,80,]
[ ,  ,28,33,47,57,  ,  ,89,]
[6,  ,29,34,  ,  ,63,71,  ,]

[2,10,  ,  ,  ,52,  ,74,82,]
[ ,15,27,  ,47,  ,62,  ,85,]
[ ,  ,28,35,  ,53,69,78,  ,]

[5,  ,25,  ,49,  ,67,76,  ,]
[ ,11,  ,31,  ,50,  ,77,80,]
[8,14,  ,38,  ,57,  ,  ,88,]

[3,  ,23,  ,43,58,  ,  ,87,]
[6,12,  ,32,  ,  ,65,72,  ,]
[ ,13,  ,34,48,  ,68,79,  ,]

[ ,16,  ,36,40,55,  ,  ,89,]
[1,  ,20,  ,  ,56,  ,70,90,]
[9,18,  ,39,  ,  ,66,73,  ,]

[ ,19,21,  ,41,54,  ,  ,81,]
[ ,  ,  ,37,45,59,61,  ,83,]
[7,  ,22,  ,46,  ,64,75,  ,]

[ ,17,24,  ,42,  ,60,  ,84,]
[ ,  ,26,30,44,51,  ,  ,86,]
[4,  ,29,33,  ,  ,63,71,  ,]

[ ,  ,27,37,  ,  ,67,70,89,]
[ ,12,28,  ,43,50,68,  ,  ,]
[5,15,  ,  ,  ,56,  ,79,90,]

[6,  ,20,  ,48,  ,61,72,  ,]
[ ,10,  ,32,  ,52,  ,76,82,]
[9,19,  ,38,  ,54,  ,  ,88,]

[3,  ,24,  ,41,58,  ,  ,80,]
[8,14,  ,30,  ,  ,60,73,  ,]
[ ,16,  ,36,46,  ,65,77,  ,]

[ ,13,  ,31,40,51,  ,  ,86,]
[4,  ,26,  ,  ,55,  ,71,87,]
[7,17,  ,35,  ,  ,69,75,  ,]

[ ,11,21,  ,44,53,  ,  ,81,]
[ ,  ,  ,39,45,59,63,  ,83,]
[2,  ,22,  ,49,  ,66,74,  ,]

[ ,18,23,  ,42,  ,62,  ,84,]
[ ,  ,25,33,47,57,  ,  ,85,]
[1,  ,29,34,  ,  ,64,78,  ,]

[2,16,  ,  ,  ,53,61,75,  ,]
[ ,18,23,  ,43,  ,69,  ,81,]
[ ,  ,24,34,  ,54,  ,78,90,]

[5,  ,26,  ,49,  ,68,70,  ,]
[ ,17,  ,30,  ,58,  ,73,80,]
[9,19,  ,32,  ,59,  ,  ,86,]

[3,  ,29,  ,40,57,  ,  ,83,]
[6,10,  ,33,  ,  ,66,76,  ,]
[ ,15,  ,36,42,  ,67,79,  ,]

[ ,11,  ,37,46,52,  ,  ,82,]
[4,  ,20,  ,  ,56,  ,71,84,]
[7,14,  ,38,  ,  ,63,74,  ,]

[ ,12,27,  ,44,50,  ,  ,88,]
[ ,  ,  ,31,45,51,60,  ,89,]
[8,  ,28,  ,48,  ,65,77,  ,]

[ ,13,21,  ,41,  ,62,  ,85,]
[ ,  ,22,35,47,55,  ,  ,87,]
[1,  ,25,39,  ,  ,64,72,  ,]

[ ,10,  ,32,  ,  ,61,71,88,]
[ ,14,21,  ,40,54,62,  ,  ,]
[6,  ,22,  ,  ,59,  ,79,90,]

[2,  ,25,  ,43,  ,65,77,  ,]
[ ,13,  ,36,  ,53,  ,78,85,]
[9,17,  ,39,  ,58,  ,  ,87,]

[1,  ,24,  ,47,55,  ,  ,83,]
[4,15,  ,30,  ,  ,66,72,  ,]
[ ,18,  ,37,49,  ,68,75,  ,]

[ ,12,  ,35,45,52,  ,  ,82,]
[3,  ,26,  ,  ,57,  ,73,84,]
[5,16,  ,38,  ,  ,69,74,  ,]

[ ,19,23,  ,41,50,  ,  ,81,]
[ ,  ,  ,34,42,51,60,  ,89,]
[7,  ,29,  ,46,  ,64,70,  ,]

[ ,11,20,  ,44,  ,63,  ,80,]
[ ,  ,27,31,48,56,  ,  ,86,]
[8,  ,28,33,  ,  ,67,76,  ,]

[8,  ,22,  ,  ,51,  ,72,81,]
[ ,14,23,  ,48,  ,63,  ,88,]
[ ,17,  ,34,  ,55,66,74,  ,]

[4,  ,24,  ,45,  ,60,73,  ,]
[ ,15,  ,30,  ,52,  ,75,83,]
[7,18,  ,37,  ,53,  ,  ,84,]

[6,  ,27,  ,40,59,  ,  ,90,]
[9,10,  ,32,  ,  ,64,70,  ,]
[ ,19,  ,38,41,  ,67,78,  ,]

[ ,12,  ,31,43,54,  ,  ,80,]
[2,  ,26,  ,  ,57,  ,71,89,]
[3,16,  ,33,  ,  ,62,77,  ,]

[ ,11,20,  ,42,50,  ,  ,82,]
[ ,  ,  ,36,47,58,61,  ,86,]
[5,  ,29,  ,49,  ,68,76,  ,]

[ ,13,21,  ,44,  ,65,  ,85,]
[ ,  ,25,35,46,56,  ,  ,87,]
[1,  ,28,39,  ,  ,69,79,  ,]

[7,  ,26,  ,  ,  ,60,72,82,]
[ ,10,27,  ,42,52,  ,  ,89,]
[ ,15,  ,36,  ,53,67,78,  ,]

[2,  ,21,  ,48,  ,68,73,  ,]
[ ,18,  ,35,  ,56,  ,75,80,]
[9,19,  ,38,  ,58,  ,  ,83,]

[1,  ,29,  ,45,54,  ,  ,84,]
[5,11,  ,34,  ,  ,61,71,  ,]
[ ,13,  ,39,46,  ,64,79,  ,]

[ ,16,  ,32,41,57,  ,  ,81,]
[4,  ,28,  ,  ,59,  ,70,90,]
[8,17,  ,37,  ,  ,62,74,  ,]

[ ,14,22,  ,40,50,  ,  ,86,]
[ ,  ,  ,30,43,51,63,  ,88,]
[3,  ,25,  ,49,  ,65,76,  ,]

[ ,12,20,  ,44,  ,66,  ,85,]
[ ,  ,23,31,47,55,  ,  ,87,]
[6,  ,24,33,  ,  ,69,77,  ,]

[6,14,  ,  ,  ,53,  ,72,81,]
[ ,18,24,34,  ,  ,62,  ,90,]
[ ,  ,27,  ,44,57,68,74,  ,]

[4,  ,22,  ,43,  ,67,73,  ,]
[ ,10,  ,32,  ,52,  ,77,85,]
[9,13,  ,37,  ,56,  ,  ,88,]

[2,  ,25,  ,41,58,  ,  ,82,]
[7,16,  ,33,  ,  ,60,70,  ,]
[ ,19,  ,35,42,  ,65,71,  ,]

[ ,12,  ,36,46,51,  ,  ,83,]
[3,  ,28,  ,  ,54,  ,75,87,]
[8,17,  ,39,  ,  ,64,78,  ,]

[ ,15,20,  ,47,50,  ,  ,80,]
[ ,  ,  ,38,48,59,61,  ,89,]
[1,  ,29,  ,49,  ,69,79,  ,]

[ ,11,21,  ,40,  ,63,  ,84,]
[ ,  ,23,30,45,55,  ,  ,86,]
[5,  ,26,31,  ,  ,66,76,  ,]

[ ,10,  ,  ,44,52,  ,71,81,]
[ ,13,20,32,  ,58,61,  ,  ,]
[3,  ,28,  ,  ,  ,69,75,83,]

[1,  ,25,  ,43,  ,63,77,  ,]
[ ,17,  ,34,  ,54,  ,79,80,]
[8,19,  ,38,  ,59,  ,  ,87,]

[4,  ,26,  ,41,53,  ,  ,90,]
[6,15,  ,31,  ,  ,65,70,  ,]
[ ,18,  ,39,49,  ,68,72,  ,]

[ ,12,  ,35,48,55,  ,  ,82,]
[2,  ,23,  ,  ,56,  ,73,86,]
[7,14,  ,36,  ,  ,60,78,  ,]

[ ,16,21,  ,42,50,  ,  ,88,]
[ ,  ,  ,37,46,57,64,  ,89,]
[9,  ,27,  ,47,  ,66,74,  ,]

[ ,11,22,  ,40,  ,62,  ,84,]
[ ,  ,24,30,45,51,  ,  ,85,]
[5,  ,29,33,  ,  ,67,76,  ,]

[ ,15,  ,  ,41,  ,65,74,84,]
[4,16,21,  ,  ,52,66,  ,  ,]
[ ,  ,27,31,  ,54,  ,78,87,]

[5,  ,26,  ,45,  ,69,71,  ,]
[ ,12,  ,30,  ,50,  ,76,81,]
[7,19,  ,32,  ,56,  ,  ,86,]

[1,  ,25,  ,44,59,  ,  ,83,]
[8,11,  ,35,  ,  ,62,75,  ,]
[ ,13,  ,36,46,  ,68,79,  ,]

[ ,14,  ,38,49,51,  ,  ,82,]
[6,  ,20,  ,  ,53,  ,72,88,]
[9,17,  ,39,  ,  ,61,73,  ,]

[ ,18,23,  ,42,55,  ,  ,89,]
[ ,  ,  ,33,43,57,60,  ,90,]
[2,  ,24,  ,48,  ,67,70,  ,]

[ ,10,22,  ,40,  ,63,  ,80,]
[ ,  ,28,34,47,58,  ,  ,85,]
[3,  ,29,37,  ,  ,64,77,  ,]

[3,  ,22,  ,  ,  ,62,72,81,]
[ ,11,23,  ,40,50,  ,  ,89,]
[ ,12,  ,39,  ,55,67,78,  ,]

[1,  ,20,  ,45,  ,69,70,  ,]
[ ,16,  ,31,  ,51,  ,75,80,]
[9,18,  ,36,  ,56,  ,  ,82,]

[2,  ,24,  ,44,58,  ,  ,88,]
[7,15,  ,32,  ,  ,63,73,  ,]
[ ,17,  ,34,47,  ,66,74,  ,]

[ ,13,  ,33,43,53,  ,  ,83,]
[6,  ,25,  ,  ,57,  ,76,90,]
[8,14,  ,38,  ,  ,65,77,  ,]

[ ,19,21,  ,41,54,  ,  ,84,]
[ ,  ,  ,30,42,59,64,  ,85,]
[4,  ,29,  ,49,  ,68,71,  ,]

[ ,10,26,  ,46,  ,60,  ,86,]
[ ,  ,27,35,48,52,  ,  ,87,]
[5,  ,28,37,  ,  ,61,79,  ,]

[ ,12,  ,36,  ,51,  ,73,85,]
[7,13,21,  ,  ,57,61,  ,  ,]
[ ,  ,27,  ,49,  ,67,77,87,]

[1,  ,26,  ,44,  ,69,72,  ,]
[ ,17,  ,30,  ,52,  ,74,81,]
[2,18,  ,38,  ,58,  ,  ,86,]

[4,  ,22,  ,41,56,  ,  ,89,]
[8,10,  ,32,  ,  ,63,75,  ,]
[ ,16,  ,33,48,  ,64,76,  ,]

[ ,11,  ,31,40,53,  ,  ,80,]
[3,  ,20,  ,  ,54,  ,70,84,]
[9,19,  ,37,  ,  ,68,79,  ,]

[ ,15,24,  ,43,55,  ,  ,82,]
[ ,  ,  ,35,45,59,62,  ,90,]
[6,  ,28,  ,47,  ,65,71,  ,]

[ ,14,23,  ,42,  ,60,  ,83,]
[ ,  ,25,34,46,50,  ,  ,88,]
[5,  ,29,39,  ,  ,66,78,  ,]

[ ,10,  ,36,  ,52,  ,70,81,]
[ ,16,24,  ,40,55,64,  ,  ,]
[4,  ,28,  ,  ,  ,66,74,87,]

[6,  ,25,  ,43,  ,67,72,  ,]
[ ,13,  ,30,  ,56,  ,77,84,]
[9,17,  ,39,  ,58,  ,  ,89,]

[5,  ,26,  ,45,54,  ,  ,83,]
[8,12,  ,31,  ,  ,60,76,  ,]
[ ,19,  ,34,46,  ,68,79,  ,]

[ ,11,  ,37,41,51,  ,  ,82,]
[2,  ,23,  ,  ,53,  ,75,88,]
[3,15,  ,38,  ,  ,65,78,  ,]

[ ,18,21,  ,42,57,  ,  ,80,]
[ ,  ,  ,33,47,59,61,  ,86,]
[1,  ,22,  ,48,  ,62,71,  ,]

[ ,14,20,  ,44,  ,63,  ,85,]
[ ,  ,27,32,49,50,  ,  ,90,]
[7,  ,29,35,  ,  ,69,73,  ,]

[ ,  ,24,39,  ,50,60,74,  ,]
[ ,12,26,  ,44,51,  ,  ,82,]
[3,19,  ,  ,  ,  ,61,75,85,]

[5,  ,28,  ,46,  ,66,70,  ,]
[ ,10,  ,33,  ,53,  ,71,83,]
[6,15,  ,37,  ,57,  ,  ,90,]

[1,  ,25,  ,43,55,  ,  ,81,]
[8,17,  ,31,  ,  ,63,72,  ,]
[ ,18,  ,35,47,  ,64,73,  ,]

[ ,11,  ,36,48,54,  ,  ,87,]
[2,  ,29,  ,  ,56,  ,77,89,]
[7,14,  ,38,  ,  ,62,79,  ,]

[ ,16,21,  ,40,52,  ,  ,84,]
[ ,  ,  ,34,42,59,65,  ,88,]
[4,  ,22,  ,45,  ,67,76,  ,]

[ ,13,20,  ,41,  ,68,  ,80,]
[ ,  ,23,30,49,58,  ,  ,86,]
[9,  ,27,32,  ,  ,69,78,  ,]

[ ,  ,21,37,  ,55,62,76,  ,]
[5,10,23,  ,  ,  ,63,  ,89,]
[ ,18,  ,  ,46,56,  ,77,90,]

[6,  ,24,  ,41,  ,66,71,  ,]
[ ,17,  ,32,  ,53,  ,74,80,]
[8,19,  ,39,  ,58,  ,  ,82,]

[1,  ,27,  ,45,51,  ,  ,87,]
[4,12,  ,30,  ,  ,60,72,  ,]
[ ,13,  ,33,48,  ,67,79,  ,]

[ ,11,  ,34,44,57,  ,  ,81,]
[3,  ,28,  ,  ,59,  ,75,84,]
[7,16,  ,35,  ,  ,69,78,  ,]

[ ,14,20,  ,42,50,  ,  ,85,]
[ ,  ,  ,36,43,52,61,  ,88,]
[9,  ,29,  ,47,  ,65,73,  ,]

[ ,15,22,  ,40,  ,64,  ,83,]
[ ,  ,25,31,49,54,  ,  ,86,]
[2,  ,26,38,  ,  ,68,70,  ,]

[ ,11,  ,  ,43,51,61,71,  ,]
[8,19,21,  ,  ,  ,67,  ,82,]
[ ,  ,25,34,  ,58,  ,76,87,]

[1,  ,26,  ,44,  ,68,72,  ,]
[ ,15,  ,30,  ,54,  ,75,81,]
[6,17,  ,32,  ,55,  ,  ,88,]

[5,  ,27,  ,46,53,  ,  ,89,]
[9,13,  ,31,  ,  ,62,74,  ,]
[ ,14,  ,39,47,  ,69,77,  ,]

[ ,10,  ,36,49,56,  ,  ,85,]
[3,  ,20,  ,  ,59,  ,73,90,]
[4,16,  ,38,  ,  ,64,79,  ,]

[ ,18,22,  ,41,50,  ,  ,84,]
[ ,  ,  ,37,45,52,63,  ,86,]
[7,  ,24,  ,48,  ,66,70,  ,]

[ ,12,23,  ,40,  ,60,  ,80,]
[ ,  ,28,33,42,57,  ,  ,83,]
[2,  ,29,35,  ,  ,65,78,  ,]

[ ,  ,20,38,  ,  ,65,74,88,]
[6,10,21,  ,  ,51,  ,  ,90,]
[ ,13,  ,  ,48,53,69,77,  ,]

[3,  ,24,  ,40,  ,61,75,  ,]
[ ,14,  ,35,  ,52,  ,79,82,]
[5,16,  ,39,  ,58,  ,  ,86,]

[1,  ,25,  ,44,54,  ,  ,87,]
[7,17,  ,32,  ,  ,62,71,  ,]
[ ,18,  ,34,46,  ,64,78,  ,]

[ ,12,  ,31,45,55,  ,  ,83,]
[8,  ,23,  ,  ,56,  ,70,89,]
[9,19,  ,36,  ,  ,68,73,  ,]

[ ,11,22,  ,42,57,  ,  ,80,]
[ ,  ,  ,30,43,59,60,  ,81,]
[4,  ,27,  ,47,  ,66,76,  ,]

[ ,15,26,  ,41,  ,63,  ,84,]
[ ,  ,28,33,49,50,  ,  ,85,]
[2,  ,29,37,  ,  ,67,72,  ,]

[ ,14,  ,35,  ,57,64,72,  ,]
[6,15,23,  ,  ,  ,67,  ,82,]
[ ,  ,28,  ,44,58,  ,79,88,]

[2,  ,20,  ,45,  ,69,71,  ,]
[ ,11,  ,31,  ,50,  ,78,80,]
[5,17,  ,33,  ,54,  ,  ,81,]

[1,  ,22,  ,40,52,  ,  ,86,]
[8,10,  ,30,  ,  ,66,73,  ,]
[ ,18,  ,38,49,  ,68,74,  ,]

[ ,12,  ,32,41,53,  ,  ,84,]
[3,  ,29,  ,  ,59,  ,70,90,]
[4,19,  ,39,  ,  ,60,76,  ,]

[ ,16,24,  ,46,55,  ,  ,83,]
[ ,  ,  ,37,47,56,63,  ,85,]
[9,  ,26,  ,48,  ,65,75,  ,]

[ ,13,21,  ,42,  ,61,  ,87,]
[ ,  ,25,34,43,51,  ,  ,89,]
[7,  ,27,36,  ,  ,62,77,  ,]

[2,  ,20,  ,  ,52,60,71,  ,]
[ ,14,26,  ,44,  ,62,  ,86,]
[ ,17,  ,37,  ,59,  ,78,87,]

[1,  ,29,  ,49,  ,64,76,  ,]
[ ,12,  ,35,  ,51,  ,77,81,]
[9,13,  ,39,  ,58,  ,  ,90,]

[3,  ,22,  ,41,54,  ,  ,82,]
[4,15,  ,31,  ,  ,66,70,  ,]
[ ,19,  ,32,43,  ,68,75,  ,]

[ ,10,  ,30,45,55,  ,  ,84,]
[6,  ,21,  ,  ,56,  ,72,89,]
[7,18,  ,33,  ,  ,65,74,  ,]

[ ,11,23,  ,40,50,  ,  ,80,]
[ ,  ,  ,36,46,53,61,  ,85,]
[8,  ,28,  ,48,  ,63,73,  ,]

[ ,16,24,  ,42,  ,67,  ,83,]
[ ,  ,25,34,47,57,  ,  ,88,]
[5,  ,27,38,  ,  ,69,79,  ,]

[ ,  ,24,38,  ,51,63,70,  ,]
[ ,17,28,  ,41,55,  ,  ,86,]
[4,19,  ,  ,  ,  ,68,71,89,]

[1,  ,29,  ,48,  ,64,72,  ,]
[ ,14,  ,31,  ,52,  ,78,82,]
[7,15,  ,32,  ,54,  ,  ,88,]

[3,  ,25,  ,44,56,  ,  ,90,]
[5,12,  ,33,  ,  ,60,75,  ,]
[ ,16,  ,39,47,  ,61,77,  ,]

[ ,11,  ,34,42,53,  ,  ,85,]
[2,  ,20,  ,  ,59,  ,76,87,]
[9,18,  ,36,  ,  ,65,79,  ,]

[ ,13,26,  ,40,50,  ,  ,81,]
[ ,  ,  ,35,46,57,66,  ,83,]
[6,  ,27,  ,49,  ,67,74,  ,]

[ ,10,21,  ,43,  ,62,  ,80,]
[ ,  ,22,30,45,58,  ,  ,84,]
[8,  ,23,37,  ,  ,69,73,  ,]

[ ,15,  ,  ,44,51,  ,75,85,]
[4,18,20,  ,  ,  ,61,  ,86,]
[ ,  ,24,37,  ,54,67,78,  ,]

[5,  ,23,  ,48,  ,66,72,  ,]
[ ,16,  ,33,  ,58,  ,76,82,]
[9,19,  ,38,  ,59,  ,  ,89,]

[1,  ,28,  ,40,56,  ,  ,90,]
[2,10,  ,34,  ,  ,62,70,  ,]
[ ,17,  ,39,47,  ,63,74,  ,]

[ ,12,  ,30,49,50,  ,  ,84,]
[3,  ,21,  ,  ,55,  ,77,88,]
[7,13,  ,32,  ,  ,60,79,  ,]

[ ,11,22,  ,41,52,  ,  ,80,]
[ ,  ,  ,35,43,53,65,  ,81,]
[6,  ,26,  ,46,  ,69,73,  ,]

[ ,14,25,  ,42,  ,64,  ,83,]
[ ,  ,27,31,45,57,  ,  ,87,]
[8,  ,29,36,  ,  ,68,71,  ,]

[2,  ,22,  ,  ,51,60,72,  ,]
[ ,14,27,  ,43,52,  ,  ,83,]
[ ,18,  ,34,  ,  ,66,75,89,]

[3,  ,24,  ,47,  ,69,74,  ,]
[ ,11,  ,32,  ,50,  ,79,82,]
[7,12,  ,39,  ,57,  ,  ,87,]

[1,  ,28,  ,41,59,  ,  ,80,]
[4,10,  ,35,  ,  ,62,70,  ,]
[ ,16,  ,37,49,  ,63,76,  ,]

[ ,13,  ,30,40,55,  ,  ,81,]
[5,  ,25,  ,  ,58,  ,71,90,]
[6,15,  ,36,  ,  ,64,73,  ,]

[ ,19,23,  ,45,54,  ,  ,85,]
[ ,  ,  ,38,46,56,67,  ,86,]
[8,  ,26,  ,48,  ,68,78,  ,]

[ ,17,20,  ,42,  ,61,  ,84,]
[ ,  ,21,31,44,53,  ,  ,88,]
[9,  ,29,33,  ,  ,65,77,  ,]

[ ,  ,23,  ,45,53,  ,72,80,]
[ ,17,27,39,  ,55,65,  ,  ,]
[2,18,  ,  ,  ,  ,67,74,89,]

[6,  ,24,  ,41,  ,68,73,  ,]
[ ,14,  ,32,  ,50,  ,77,84,]
[8,19,  ,33,  ,57,  ,  ,88,]

[5,  ,21,  ,40,52,  ,  ,82,]
[9,11,  ,31,  ,  ,63,70,  ,]
[ ,12,  ,34,49,  ,66,78,  ,]

[ ,10,  ,37,47,56,  ,  ,86,]
[1,  ,28,  ,  ,59,  ,71,87,]
[7,15,  ,38,  ,  ,64,75,  ,]

[ ,16,22,  ,42,54,  ,  ,85,]
[ ,  ,  ,36,43,58,60,  ,90,]
[3,  ,29,  ,46,  ,69,79,  ,]

[ ,13,20,  ,44,  ,61,  ,81,]
[ ,  ,25,30,48,51,  ,  ,83,]
[4,  ,26,35,  ,  ,62,76,  ,]

[ ,  ,20,35,  ,50,63,75,  ,]
[ ,18,27,  ,42,55,  ,  ,80,]
[6,19,  ,  ,  ,  ,69,78,86,]

[2,  ,26,  ,44,  ,61,72,  ,]
[ ,10,  ,32,  ,51,  ,76,81,]
[4,17,  ,39,  ,56,  ,  ,84,]

[7,  ,22,  ,40,59,  ,  ,88,]
[9,12,  ,31,  ,  ,62,70,  ,]
[ ,13,  ,34,49,  ,68,79,  ,]

[ ,15,  ,33,43,52,  ,  ,85,]
[1,  ,23,  ,  ,57,  ,73,89,]
[5,16,  ,36,  ,  ,60,77,  ,]

[ ,14,21,  ,41,54,  ,  ,82,]
[ ,  ,  ,30,46,58,64,  ,87,]
[8,  ,29,  ,47,  ,67,74,  ,]

[ ,11,24,  ,45,  ,65,  ,83,]
[ ,  ,25,37,48,53,  ,  ,90,]
[3,  ,28,38,  ,  ,66,71,  ,]

[5,  ,21,  ,  ,50,  ,78,84,]
[ ,16,25,  ,48,  ,62,  ,90,]
[ ,18,  ,32,  ,52,63,79,  ,]

[6,  ,24,  ,44,  ,66,74,  ,]
[ ,15,  ,34,  ,53,  ,76,80,]
[8,17,  ,39,  ,54,  ,  ,89,]

[1,  ,26,  ,40,57,  ,  ,83,]
[2,10,  ,30,  ,  ,61,75,  ,]
[ ,11,  ,33,46,  ,65,77,  ,]

[ ,14,  ,37,47,56,  ,  ,86,]
[3,  ,28,  ,  ,59,  ,71,87,]
[9,19,  ,38,  ,  ,60,72,  ,]

[ ,12,20,  ,41,51,  ,  ,81,]
[ ,  ,  ,35,42,55,64,  ,85,]
[4,  ,23,  ,45,  ,68,73,  ,]

[ ,13,22,  ,43,  ,67,  ,82,]
[ ,  ,27,31,49,58,  ,  ,88,]
[7,  ,29,36,  ,  ,69,70,  ,]

[ ,  ,22,  ,47,57,  ,71,82,]
[ ,16,28,31,  ,59,62,  ,  ,]
[7,19,  ,  ,  ,  ,64,73,88,]

[5,  ,20,  ,41,  ,63,70,  ,]
[ ,11,  ,34,  ,52,  ,76,85,]
[9,15,  ,37,  ,54,  ,  ,90,]

[2,  ,21,  ,43,50,  ,  ,89,]
[8,10,  ,35,  ,  ,65,72,  ,]
[ ,17,  ,36,44,  ,66,74,  ,]

[ ,13,  ,33,40,51,  ,  ,84,]
[1,  ,27,  ,  ,58,  ,77,86,]
[4,18,  ,38,  ,  ,60,78,  ,]

[ ,12,25,  ,45,53,  ,  ,80,]
[ ,  ,  ,30,48,56,61,  ,87,]
[3,  ,26,  ,49,  ,69,75,  ,]

[ ,14,23,  ,42,  ,67,  ,81,]
[ ,  ,24,32,46,55,  ,  ,83,]
[6,  ,29,39,  ,  ,68,79,  ,]

[9,  ,20,  ,  ,50,  ,70,82,]
[ ,10,22,  ,42,58,60,  ,  ,]
[ ,13,  ,39,  ,  ,67,73,90,]

[3,  ,28,  ,47,  ,66,77,  ,]
[ ,16,  ,30,  ,52,  ,78,85,]
[8,18,  ,35,  ,57,  ,  ,89,]

[4,  ,29,  ,43,59,  ,  ,81,]
[6,12,  ,36,  ,  ,61,71,  ,]
[ ,17,  ,38,49,  ,69,74,  ,]

[ ,14,  ,34,45,54,  ,  ,83,]
[5,  ,23,  ,  ,55,  ,72,84,]
[7,19,  ,37,  ,  ,68,76,  ,]

[ ,15,25,  ,40,51,  ,  ,80,]
[ ,  ,  ,32,44,53,62,  ,88,]
[2,  ,27,  ,46,  ,63,75,  ,]

[ ,11,21,  ,41,  ,64,  ,86,]
[ ,  ,24,31,48,56,  ,  ,87,]
[1,  ,26,33,  ,  ,65,79,  ,]

[ ,  ,20,36,  ,51,  ,76,80,]
[ ,10,28,  ,45,  ,61,  ,87,]
[8,13,  ,  ,  ,59,62,77,  ,]

[7,  ,24,  ,49,  ,69,74,  ,]
[ ,16,  ,38,  ,54,  ,79,82,]
[9,18,  ,39,  ,58,  ,  ,85,]

[4,  ,26,  ,40,50,  ,  ,84,]
[5,11,  ,34,  ,  ,64,70,  ,]
[ ,17,  ,37,42,  ,67,72,  ,]

[ ,15,  ,30,46,52,  ,  ,81,]
[1,  ,23,  ,  ,53,  ,73,83,]
[6,19,  ,31,  ,  ,68,75,  ,]

[ ,12,25,  ,43,55,  ,  ,86,]
[ ,  ,  ,35,44,57,65,  ,89,]
[2,  ,27,  ,47,  ,66,71,  ,]

[ ,14,21,  ,41,  ,60,  ,88,]
[ ,  ,22,32,48,56,  ,  ,90,]
[3,  ,29,33,  ,  ,63,78,  ,]

[ ,  ,24,34,  ,51,  ,70,82,]
[8,12,27,  ,  ,52,63,  ,  ,]
[ ,13,  ,  ,48,  ,67,77,84,]

[1,  ,21,  ,41,  ,68,72,  ,]
[ ,14,  ,36,  ,53,  ,79,85,]
[7,19,  ,38,  ,59,  ,  ,88,]

[2,  ,23,  ,43,58,  ,  ,83,]
[9,15,  ,32,  ,  ,65,71,  ,]
[ ,17,  ,39,46,  ,66,75,  ,]

[ ,10,  ,30,44,56,  ,  ,80,]
[3,  ,20,  ,  ,57,  ,73,87,]
[5,16,  ,33,  ,  ,64,76,  ,]

[ ,11,28,  ,40,50,  ,  ,81,]
[ ,  ,  ,35,42,54,60,  ,89,]
[4,  ,29,  ,49,  ,62,74,  ,]

[ ,18,22,  ,45,  ,61,  ,86,]
[ ,  ,25,31,47,55,  ,  ,90,]
[6,  ,26,37,  ,  ,69,78,  ,]

